titre,prix,annee,km,pays,type,modele,lien
ECARRY Elektro Fahrgestell ! 3.5t,Company,2023,,Germany,Cab & Chassis Trucks,ECARRY Elektro Fahrgestell ! 3.5t,https://www.mascus.com/transportation/chassis-cab-trucks/ecarry-elektro-fahrgestell-3-5t/fu5s6g6j.html
Mack GR64B,Company,2027,799 miles,United States,Other Trucks,Mack GR64B,https://www.mascus.com/transportation/other-trucks/mack-gr64b/gh9p8hgt.html
Mercedes-Benz Mercedes Benz Antos 2540,Company,2014,"266,623 miles",Germany,Beverage Trucks,Mercedes-Benz Mercedes Benz Antos 2540,https://www.mascus.com/transportation/beverage-delivery-trucks/mercedes-benz-mercedes-benz-antos-2540/8saq8k5p.html
Isuzu NPR-1G404,Company,2027,,United States,Cab & Chassis Trucks,Isuzu NPR-1G404,https://www.mascus.com/transportation/chassis-cab-trucks/isuzu-npr-1g404/df3ickgk.html
CAT CT660L,Company,2011,,United States,Skip loader trucks,CAT CT660L,https://www.mascus.com/transportation/skip-loader-trucks/cat-ct660l/ajalamck.html
Renault D240.16,Company,2019,"142,915 miles",Spain,Reefer Trucks,Renault D240.16,https://www.mascus.com/transportation/temperature-controlled-trucks/renault-d240-16/bl7qdkek.html
Renault Master,Company,2012,"150,138 miles",France,Dump Trucks,Renault Master,https://www.mascus.com/transportation/tipper-trucks/renault-master/coisdq9i.html
Volvo TRUCK VNL64TV04,Company,2027,,United States,Other Trucks,Volvo TRUCK VNL64TV04,https://www.mascus.com/transportation/other-trucks/volvo-truck-vnl64tv04/cg4j4igs.html
Hino 268,Company,2018,,United States,Box trucks,Hino 268,https://www.mascus.com/transportation/box-body-trucks/hino-268/7udoar6r.html
Scania P280,Company,2019,"388,978 miles",Belgium,Box trucks,Scania P280,https://www.mascus.com/transportation/box-body-trucks/scania-p280/4jfm7fgr.html
Renault D210FRC,Company,2020,"94,110 miles",Belgium,Reefer Trucks,Renault D210FRC,https://www.mascus.com/transportation/temperature-controlled-trucks/renault-d210frc/7kerdq8f.html
Freightliner M2 106,Company,2016,"179,705 miles",United States,Flatbed Trucks,Freightliner M2 106,https://www.mascus.com/transportation/flatbed-dropside-trucks/freightliner-m2-106/9t6idk9f.html
Freightliner M2 106,Company,2007,"217,451 miles",United States,Box trucks,Freightliner M2 106,https://www.mascus.com/transportation/box-body-trucks/freightliner-m2-106/eoanej4u.html
Mercedes-Benz Arocs 1827 AWD 4x4,Company,2017,"10,377 miles",Hungary,Winch trucks,Mercedes-Benz Arocs 1827 AWD 4x4,https://www.mascus.com/transportation/beavertail-flatbed---winch-trucks/mercedes-benz-arocs-1827-awd-4x4/dmdpashf.html
Mercedes-Benz Atego 1218,Company,2003,"200,130 miles",Netherlands,Box trucks,Mercedes-Benz Atego 1218,https://www.mascus.com/transportation/box-body-trucks/mercedes-benz-atego-1218/hf3o7nim.html
Volvo FH540,Company,2013,"187,530 miles",Finland,Hook lift trucks,Volvo FH540,https://www.mascus.com/transportation/hook-lift-trucks/volvo-fh540/3fgs6h4f.html
Scania 94 4x2,Company,1999,,Denmark,Car Haulers,Scania 94 4x2,https://www.mascus.com/transportation/vehicle-transporters/scania-94-4x2/7khn8s7s.html
DAF CF85.340,Company,2004,"323,128 miles",France,Dump Trucks,DAF CF85.340,https://www.mascus.com/transportation/tipper-trucks/daf-cf85-340/dq4i3q9p.html
"Scania G480 8x2, Effer 265/6S Nosturiauto",Company,2011,"366,325 miles",Finland,Boom / Crane / Bucket Trucks,"Scania G480 8x2, Effer 265/6S Nosturiauto",https://www.mascus.com/transportation/crane-trucks/scania-g480-8x2-effer-265-6s-nosturiauto/dofndjcn.html
Ford E350,Company,2019,"139,991 miles",United States,Box trucks,Ford E350,https://www.mascus.com/transportation/box-body-trucks/ford-e350/hfao5hdo.html
Autocar ACX64,Company,2024,,United States,Cab & Chassis Trucks,Autocar ACX64,https://www.mascus.com/transportation/chassis-cab-trucks/autocar-acx64/ifgf5g3i.html
Volvo FH 500 Globetrotter XL Cartransporter Blyss Modulo,Company,2024,"13,672 miles",Netherlands,Car Haulers,Volvo FH 500 Globetrotter XL Cartransporter Blyss Modulo,https://www.mascus.com/transportation/vehicle-transporters/volvo-fh-500-globetrotter-xl-cartransporter-blyss-modulo/6m6i8k8q.html
Hino FM1JLUD,Company,2012,,Colombia,Other Trucks,Hino FM1JLUD,https://www.mascus.com/transportation/other-trucks/hino-fm1jlud/9hgpdsfh.html
Mercedes-Benz ANTOS / 1830 / E 6 / CHŁODNIA + WINDA / 18 PALET /,Company,,"73,322 miles",Hungary,Reefer Trucks,Mercedes-Benz ANTOS / 1830 / E 6 / CHŁODNIA + WINDA / 18 PALET /,https://www.mascus.com/transportation/temperature-controlled-trucks/mercedes-benz-antos-1830-e-6-chlodnia-winda-18-palet/aihj8kdk.html
Ford F-450 XL,Company,2024,"91,219 miles",United States,Flatbed Trucks,Ford F-450 XL,https://www.mascus.com/transportation/flatbed-dropside-trucks/ford-f-450-xl/6u3kdich.html
Mercedes-Benz Arocs 4145 8X4 NEW! 19m3 Remmel Tipper Big-Axle St,Company,2024,7 miles,Netherlands,Dump Trucks,Mercedes-Benz Arocs 4145 8X4 NEW! 19m3 Remmel tipper Big-Axle St,https://www.mascus.com/transportation/tipper-trucks/mercedes-benz-arocs-4145-8x4-new-19m3-remmel-tipper-big-axle-st/5p7oip3l.html
MAN TGA 26.530 6x4 PALFINGER PK 50002 Crane Winch,Company,2006,"445,116 miles",Poland,Boom / Crane / Bucket Trucks,MAN TGA 26.530 6x4 PALFINGER PK 50002 Crane Winch,https://www.mascus.com/transportation/crane-trucks/man-tga-26-530-6x4-palfinger-pk-50002-crane-winch/6iehhn7g.html
Mercedes-Benz AROCS 3246,Company,,"213,752 miles",Hungary,Dump Trucks,Mercedes-Benz AROCS 3246,https://www.mascus.com/transportation/tipper-trucks/mercedes-benz-arocs-3246/goes8ofm.html
Scania P 410 4x2 2-Achs Kipper Meiller Bordmatik,Company,2016,"170,479 miles",Germany,Dump Trucks,Scania P 410 4x2 2-Achs Kipper Meiller Bordmatik,https://www.mascus.com/transportation/tipper-trucks/scania-p-410-4x2-2-achs-kipper-meiller-bordmatik/aohmam6j.html
Mack GR84F,Company,2019,"275,828 miles",United States,Dump Trucks,Mack GR84F,https://www.mascus.com/transportation/tipper-trucks/mack-gr84f/clir6qik.html
Renault C460+BACHE,Company,2018,"132,650 miles",Belgium,Dump Trucks,Renault C460+BACHE,https://www.mascus.com/transportation/tipper-trucks/renault-c460-bache/cshidrhk.html
Iveco DAILY 35S17 Valník S Plachtou VIN 254,Company,2015,"566,979 miles",Slovak Republic,Curtain Side Trucks,Iveco DAILY 35S17 valník s plachtou VIN 254,https://www.mascus.com/transportation/curtainsider-trucks/iveco-daily-35s17-valnik-s-plachtou-vin-254/9mck8jdq.html
Volvo FH 460 / ZESTAW TANDEM / 120 M3 / PRZEJAZDOWY / I-,Company,2021,"483,427 miles",Hungary,Curtain Side Trucks,Volvo FH 460 / ZESTAW TANDEM / 120 M3 / PRZEJAZDOWY / I-,https://www.mascus.com/transportation/curtainsider-trucks/volvo-fh-460-zestaw-tandem-120-m3-przejazdowy-i/9ibseu6r.html
GMC C8500,Company,1998,,United States,Dump Trucks,GMC C8500,https://www.mascus.com/transportation/tipper-trucks/gmc-c8500/im6t9lem.html
Peterbilt 567,Company,2026,,United States,Dump Trucks,Peterbilt 567,https://www.mascus.com/transportation/tipper-trucks/peterbilt-567/brhrfq7l.html
Renault 18-Pallet Box Truck With Bussbygg Body,Company,2020,"466,028 miles",Norway,Box trucks,Renault 18-pallet box truck with Bussbygg body,https://www.mascus.com/transportation/box-body-trucks/renault-18-pallet-box-truck-with-bussbygg-body/5m8fihet.html
Isuzu NRR,Company,2016,"444,055 miles",United States,Box trucks,Isuzu NRR,https://www.mascus.com/transportation/box-body-trucks/isuzu-nrr/ahdu9qcl.html
MAN TGM 18.250 + EURO 6 + CARRIER + LIFT,Company,2016,"363,290 miles",Netherlands,Reefer Trucks,MAN TGM 18.250 + EURO 6 + CARRIER + LIFT,https://www.mascus.com/transportation/temperature-controlled-trucks/man-tgm-18-250-euro-6-carrier-lift/brar3tbt.html
Iveco DAILY 35C18-3.0D-16V TURBO / OMAS Endommagée,Company,2023,"110,278 miles",France,Car Haulers,Iveco DAILY 35C18-3.0D-16V TURBO / OMAS endommagée,https://www.mascus.com/transportation/vehicle-transporters/iveco-daily-35c18-3-0d-16v-turbo-omas-endommagee/5q8ohp3m.html
Iveco 35C11,Company,2015,"193,325 miles",France,Dump Trucks,Iveco 35C11,https://www.mascus.com/transportation/tipper-trucks/iveco-35c11/fnag5jdg.html
International 1754,Company,1988,"291,398 miles",United States,Dump Trucks,International 1754,https://www.mascus.com/transportation/tipper-trucks/international-1754/8r9r6o8o.html
MAN TGS 28.440 6X2 ABSETZKIPPER E6,Company,2015,"330,259 miles",Austria,Demountable Trucks,MAN TGS 28.440 6X2 ABSETZKIPPER E6,https://www.mascus.com/transportation/demountables-trucks/man-tgs-28-440-6x2-absetzkipper-e6/fkih5t6l.html
International Paystar,Company,2002,,United States,Dump Trucks,International Paystar,https://www.mascus.com/transportation/tipper-trucks/international-paystar/6gcr6rij.html
International 4300,Company,2012,"171,186 miles",United States,Dump Trucks,International 4300,https://www.mascus.com/transportation/tipper-trucks/international-4300/grejajft.html
Mercedes-Benz Atego 1828 Abschleppfahrzeug Mit Kran HMF 1722 T4,Company,2000,"187,654 miles",Germany,Boom / Crane / Bucket Trucks,Mercedes-Benz Atego 1828 Abschleppfahrzeug mit Kran HMF 1722 T4,https://www.mascus.com/transportation/crane-trucks/mercedes-benz-atego-1828-abschleppfahrzeug-mit-kran-hmf-1722-t4/3g9sak4n.html
Mack CX688RS,Company,2006,"380,226 miles",Australia,Dump Trucks,Mack CX688RS,https://www.mascus.com/transportation/tipper-trucks/mack-cx688rs/7naubjcf.html
Terex PPM ATT 350,Company,1999,,Czech Republic,Boom / Crane / Bucket Trucks,Terex PPM ATT 350,https://www.mascus.com/transportation/crane-trucks/terex-ppm-att-350/dleggsdh.html
Volvo FE 280 KSA-Kori + PL-Nostin,Company,2016,"150,372 miles",Finland,Box trucks,Volvo FE 280 KSA-kori + PL-nostin,https://www.mascus.com/transportation/box-body-trucks/volvo-fe-280-ksa-kori-pl-nostin/etagckds.html
Dodge Ram 5500,Company,2011,"103,234 miles",Canada,Hook lift trucks,Dodge Ram 5500,https://www.mascus.com/transportation/hook-lift-trucks/dodge-ram-5500/cjirbqef.html
Howo 371 6x4,Company,2024,"6,214 miles",China,Dump Trucks,Howo 371 6x4,https://www.mascus.com/transportation/tipper-trucks/howo-371-6x4/fn9mesdi.html
Scania P 360 / E 6 / CHŁODNIA + WINDA / 18 PALET / RETA,Company,2019,"192,625 miles",Poland,Reefer Trucks,Scania P 360 / E 6 / CHŁODNIA + WINDA / 18 PALET / RETA,https://www.mascus.com/transportation/temperature-controlled-trucks/scania-p-360-e-6-chlodnia-winda-18-palet-reta/dqbh8l3i.html
Kenworth C500B,Company,1991,,Canada,Flatbed Trucks,Kenworth C500B,https://www.mascus.com/transportation/flatbed-dropside-trucks/kenworth-c500b/csdgdi7h.html
Mitsubishi Canter 815,Company,2014,"73,027 miles",Australia,Reefer Trucks,Mitsubishi Canter 815,https://www.mascus.com/transportation/temperature-controlled-trucks/mitsubishi-canter-815/fl6ubu5m.html
Mack Granite,Company,2006,"930,000 miles",United States,Demountable Trucks,Mack Granite,https://www.mascus.com/transportation/demountables-trucks/mack-granite/6hitdn6s.html
Scania S520B6X4NB,Company,2020,"258,801 miles",Norway,Other Trucks,Scania S520B6X4NB,https://www.mascus.com/transportation/other-trucks/scania-s520b6x4nb/emfudrdk.html
DAF LF 290 FA 4x2 BL TKing Kühlkoffer BÄR Klima,Company,2017,"467,040 miles",Germany,Reefer Trucks,DAF LF 290 FA 4x2 BL TKing Kühlkoffer BÄR Klima,https://www.mascus.com/transportation/temperature-controlled-trucks/daf-lf-290-fa-4x2-bl-tking-kuhlkoffer-bar-klima/8idl4t5p.html
"Volvo FM 420 KüHLKOFFER TK T-1200R, LBW, FULL-AIR, E6",Company,2019,"223,996 miles",Austria,Reefer Trucks,"Volvo FM 420 KüHLKOFFER TK T-1200R, LBW, FULL-AIR, E6",https://www.mascus.com/transportation/temperature-controlled-trucks/volvo-fm-420-kuhlkoffer-tk-t-1200r-lbw-full-air-e6/8fbj3f8o.html
Volvo WAH,Company,2001,"198,868 miles",United States,Car Haulers,Volvo WAH,https://www.mascus.com/transportation/vehicle-transporters/volvo-wah/ageq6fds.html
Scania R 420,Company,2009,"351,075 miles",France,Hook lift trucks,Scania R 420,https://www.mascus.com/transportation/hook-lift-trucks/scania-r-420/4q3u8o3k.html
Volvo FE 250 Bak+Klep Dhollandia 2.000 Kg 4x2. New Tacho,Company,2019,"198,217 miles",Netherlands,Box trucks,Volvo FE 250 Bak+Klep Dhollandia 2.000 kg 4x2. New tacho,https://www.mascus.com/transportation/box-body-trucks/volvo-fe-250-bak-klep-dhollandia-2-000-kg-4x2-new-tacho/4i9gej7q.html
Renault K 520,Company,2026,435 miles,Spain,Boom / Crane / Bucket Trucks,Renault K 520,https://www.mascus.com/transportation/crane-trucks/renault-k-520/bocjiiii.html
Scania P250 B 4X2 NB,Company,2019,"372,823 miles",Denmark,Box trucks,Scania P250 B 4X2 NB,https://www.mascus.com/transportation/box-body-trucks/scania-p250-b-4x2-nb/blagbn8p.html
Scania 94 D 220,Company,1998,"190,140 miles",Denmark,Car Haulers,Scania 94 D 220,https://www.mascus.com/transportation/vehicle-transporters/scania-94-d-220/glhtem6s.html
Peterbilt 365,Company,2015,,United States,Skip loader trucks,Peterbilt 365,https://www.mascus.com/transportation/skip-loader-trucks/peterbilt-365/9thj9idj.html
Scania G 280,Company,2019,"429,989 miles",Poland,Curtain Side Trucks,Scania G 280,https://www.mascus.com/transportation/curtainsider-trucks/scania-g-280/hl3r3ihm.html
Freightliner M2 106,Company,2018,"84,855 miles",Canada,Curtain Side Trucks,Freightliner M2 106,https://www.mascus.com/transportation/curtainsider-trucks/freightliner-m2-106/5ubh9p9f.html
Mercedes-Benz Arocs 2535 6x2x4 FASSI F295RA.2.26 Crane,Company,2018,"70,026 miles",Hungary,Flatbed Trucks,Mercedes-Benz Arocs 2535 6x2x4 FASSI F295RA.2.26 Crane,https://www.mascus.com/transportation/flatbed-dropside-trucks/mercedes-benz-arocs-2535-6x2x4-fassi-f295ra-2-26-crane/bqfmfh5f.html
Mercedes-Benz Arocs Tipper 6x4 - Euro 6.,Company,2014,"210,645 miles",Norway,Dump Trucks,Mercedes-Benz Arocs Tipper 6x4 - Euro 6.,https://www.mascus.com/transportation/tipper-trucks/mercedes-benz-arocs-tipper-6x4-euro-6/9gcn4s8j.html
Chevrolet Express G3500,Company,2011,"162,877 miles",United States,Box trucks,Chevrolet Express G3500,https://www.mascus.com/transportation/box-body-trucks/chevrolet-express-g3500/bi3o3k3m.html
Freightliner M2106,Company,2019,"348,781 miles",United States,Box trucks,Freightliner M2106,https://www.mascus.com/transportation/box-body-trucks/freightliner-m2106/7kep3u4s.html
"Alga ABALPR, Pritsche, Plattform, Bordwände",Company,2026,,Germany,Hook lift trucks,"alga ABALPR, Pritsche, Plattform, Bordwände",https://www.mascus.com/transportation/hook-lift-trucks/alga-abalpr-pritsche-plattform-bordwande/5f5i3g9f.html
Renault D Wide 210Dti – ---R-018,Company,2016,,Spain,Reefer Trucks,Renault D Wide 210Dti – ---R-018,https://www.mascus.com/transportation/temperature-controlled-trucks/renault-d-wide-210dti-r-018/8igq5k5s.html
Peterbilt 567,Company,2019,"359,000 miles",United States,Dump Trucks,Peterbilt 567,https://www.mascus.com/transportation/tipper-trucks/peterbilt-567/5mehfghj.html
International MV,Company,2027,,Canada,Cab & Chassis Trucks,International MV,https://www.mascus.com/transportation/chassis-cab-trucks/international-mv/7uarcfgq.html
Terex FD4000,Company,2021,,United States,Concrete Trucks,Terex FD4000,https://www.mascus.com/transportation/concrete-trucks/terex-fd4000/3r6thtgt.html
Mercedes-Benz Antos 2540 / 6x2 / Tail Lift,Company,,"293,287 miles",Hungary,Reefer Trucks,Mercedes-Benz Antos 2540 / 6x2 / tail lift,https://www.mascus.com/transportation/temperature-controlled-trucks/mercedes-benz-antos-2540-6x2-tail-lift/3ngnbibo.html
Howo 430 6x4,Company,2025,"2,983 miles",China,Dump Trucks,Howo 430 6x4,https://www.mascus.com/transportation/tipper-trucks/howo-430-6x4/8q9gdkis.html
Heil Pneumatic Tanker,Company,2015,,United States,Other Trucks,Heil Pneumatic Tanker,https://www.mascus.com/transportation/other-trucks/heil-pneumatic-tanker/akes7ofo.html
Scania R 560 6x2/4-4900 Kokosivuaukeavalla Korilla + PL,Company,2013,"620,625 miles",Finland,Box trucks,Scania R 560 6x2/4-4900 kokosivuaukeavalla korilla + PL,https://www.mascus.com/transportation/box-body-trucks/scania-r-560-6x2-4-4900-kokosivuaukeavalla-korilla-pl/5icu9miq.html
Sisu 12 E 480,Company,2005,"467,271 miles",Finland,Dump Trucks,Sisu 12 E 480,https://www.mascus.com/transportation/tipper-trucks/sisu-12-e-480/cn4min6u.html
Terex FD4000,Company,2020,,United States,Concrete Trucks,Terex FD4000,https://www.mascus.com/transportation/concrete-trucks/terex-fd4000/gu8kffhf.html
Mercedes-Benz Atego 1222 E5---008,Company,2014,"171,012 miles",Spain,Reefer Trucks,Mercedes-Benz Atego 1222 E5---008,https://www.mascus.com/transportation/temperature-controlled-trucks/mercedes-benz-atego-1222-e5-008/4s3i4sgh.html
Mack CT713,Company,2006,"559,000 miles",United States,Dump Trucks,Mack CT713,https://www.mascus.com/transportation/tipper-trucks/mack-ct713/3t5lcjfh.html
Howo 371 8x4,Company,2024,"4,039 miles",China,Dump Trucks,Howo 371 8x4,https://www.mascus.com/transportation/tipper-trucks/howo-371-8x4/3gih9jck.html
Iveco EUROCARGO 280-180 CAJA GRAN VOLUMEN,Company,2018,"233,014 miles",Spain,Box trucks,Iveco EUROCARGO 280-180 CAJA GRAN VOLUMEN,https://www.mascus.com/transportation/box-body-trucks/iveco-eurocargo-280-180-caja-gran-volumen/akcuasii.html
Volvo FM500,Company,2019,"184,547 miles",Denmark,Boom / Crane / Bucket Trucks,Volvo FM500,https://www.mascus.com/transportation/crane-trucks/volvo-fm500/cp8jihgj.html
Mercedes-Benz ANTOS 2540 6X2*4 LIFT FRIGO,Company,2018,"403,994 miles",Netherlands,Reefer Trucks,Mercedes-Benz ANTOS 2540 6X2*4 LIFT FRIGO,https://www.mascus.com/transportation/temperature-controlled-trucks/mercedes-benz-antos-2540-6x2-4-lift-frigo/cjdthgei.html
Volvo FMX 540 8x4 Euro 6 Hiab 28 Tonmeter Laadkraan,Company,2014,"232,721 miles",Netherlands,Hook lift trucks,Volvo FMX 540 8x4 Euro 6 Hiab 28 Tonmeter laadkraan,https://www.mascus.com/transportation/hook-lift-trucks/volvo-fmx-540-8x4-euro-6-hiab-28-tonmeter-laadkraan/co6mgo3h.html
"Mercedes-Benz Palfinger PK 680 TK 26,7 M-Max.2.410 Kg -Funk FB",Company,1994,"55,923 miles",Germany,Boom / Crane / Bucket Trucks,"Mercedes-Benz Palfinger PK 680 TK 26,7 m-max.2.410 kg -Funk FB",https://www.mascus.com/transportation/crane-trucks/mercedes-benz-palfinger-pk-680-tk-26-7-m-max-2-410-kg-funk-fb/aoetar5p.html
Mercedes-Benz Actros Neu 2543 L 6x2 Absetzkipper Meiller,Company,2016,"165,029 miles",Germany,Demountable Trucks,Mercedes-Benz Actros neu 2543 L 6x2 Absetzkipper Meiller,https://www.mascus.com/transportation/demountables-trucks/mercedes-benz-actros-neu-2543-l-6x2-absetzkipper-meiller/cqfsip4t.html
Volvo FL 280 FL 4X2 16 Tons Chassis Day Cab Airco Automa,Company,2015,"241,081 miles",Netherlands,Cab & Chassis Trucks,Volvo FL 280 FL 4X2 16 tons chassis Day cab Airco Automa,https://www.mascus.com/transportation/chassis-cab-trucks/volvo-fl-280-fl-4x2-16-tons-chassis-day-cab-airco-automa/di5g3q4s.html
Freightliner M2 106,Company,,,,,,https://www.mascus.com/transportation/temperature-controlled-trucks/freightliner-m2-106/ahbr5q7u.html
Hino 368,Company,2016,,Canada,Box trucks,Hino 368,https://www.mascus.com/transportation/box-body-trucks/hino-368/6q6fgp7l.html
Link-Belt HTC-8675 II,Company,2021,"42,346 miles",United States,Boom / Crane / Bucket Trucks,Link-Belt HTC-8675 II,https://www.mascus.com/transportation/crane-trucks/link-belt-htc-8675-ii/3ocrfo3o.html
MAN TGS 41.480 TGS 8X6 NEW! 8x6 19m3 Tipper Steel Susp,Company,2025,7 miles,Netherlands,Dump Trucks,MAN TGS 41.480 TGS 8X6 NEW! 8x6 19m3 tipper Steel susp,https://www.mascus.com/transportation/tipper-trucks/man-tgs-41-480-tgs-8x6-new-8x6-19m3-tipper-steel-susp/4k8kgkhm.html
Renault D Wide 430,Company,2021,,Finland,Hook lift trucks,Renault D Wide 430,https://www.mascus.com/transportation/hook-lift-trucks/renault-d-wide-430/9kdl9s8g.html
DAF LF260,Company,2020,"114,954 miles",Ireland,Other Trucks,DAF LF260,https://www.mascus.com/transportation/other-trucks/daf-lf260/4g5q8ifo.html
Peterbilt 348,Company,2008,"87,000 miles",United States,Dump Trucks,Peterbilt 348,https://www.mascus.com/transportation/tipper-trucks/peterbilt-348/4m7p9lef.html
Mercedes-Benz Actros 1853 LL 4x2 Stehmann DSK Navi Fleet ACC,Company,2017,"306,919 miles",Germany,Dump Trucks,Mercedes-Benz Actros 1853 LL 4x2 Stehmann DSK Navi Fleet ACC,https://www.mascus.com/transportation/tipper-trucks/mercedes-benz-actros-1853-ll-4x2-stehmann-dsk-navi-fleet-acc/cqiritho.html
MAN TGX 580,Company,2017,,Finland,Demountable Trucks,MAN TGX 580,https://www.mascus.com/transportation/demountables-trucks/man-tgx-580/fiaico8s.html
Volvo FE320 6x2*4 Frigoblock FK25SL 9.9 M Frigobox,Company,2016,"412,590 miles",Denmark,Reefer Trucks,Volvo FE320 6x2*4 Frigoblock FK25SL 9.9 m Frigobox,https://www.mascus.com/transportation/temperature-controlled-trucks/volvo-fe320-6x2-4-frigoblock-fk25sl-9-9-m-frigobox/af7igfep.html
Iveco Trakker 360 Trakker 6X4 Palfinger PK18002 EH Kran,Company,2016,"211,458 miles",Netherlands,Flatbed Trucks,Iveco Trakker 360 Trakker 6X4 Palfinger PK18002 EH Kran,https://www.mascus.com/transportation/flatbed-dropside-trucks/iveco-trakker-360-trakker-6x4-palfinger-pk18002-eh-kran/gjancg5u.html
Scania R490 8x2-*6 Joab Knæk Arm,Company,2017,"274,025 miles",Denmark,Hook lift trucks,Scania R490 8x2-*6 Joab knæk arm,https://www.mascus.com/transportation/hook-lift-trucks/scania-r490-8x2-6-joab-knak-arm/3nfo6m4s.html
Volvo VAH,Company,,,,,,https://www.mascus.com/transportation/vehicle-transporters/volvo-vah/etci6o5o.html
Hubiere 500 L S/A Citerne A Eau 1 Essieu Water Tank Traile,Company,2013,,France,Other Trucks,Hubiere 500 L S/A Citerne A Eau 1 Essieu Water Tank Traile,https://www.mascus.com/transportation/other-trucks/hubiere-500-l-s-a-citerne-a-eau-1-essieu-water-tank-traile/en8keq3m.html
Renault Master DCI125,Company,2012,"159,474 miles",France,Dump Trucks,Renault Master DCI125,https://www.mascus.com/transportation/tipper-trucks/renault-master-dci125/iqhh8gif.html
CAT CT660,Company,2013,"105,599 miles",Canada,Tank Trucks,CAT CT660,https://www.mascus.com/transportation/tank-trucks/cat-ct660/5pbt7qff.html
MAN TGS 33.480 MAN TGS 33.480 6x4 Euro6e Abrollkipper,Company,2026,,Germany,Hook lift trucks,MAN TGS 33.480 MAN TGS 33.480 6x4 Euro6e Abrollkipper,https://www.mascus.com/transportation/hook-lift-trucks/man-tgs-33-480-man-tgs-33-480-6x4-euro6e-abrollkipper/3pgmgpij.html
Isuzu NPR-1F304,Company,2024,150 miles,United States,Cab & Chassis Trucks,Isuzu NPR-1F304,https://www.mascus.com/transportation/chassis-cab-trucks/isuzu-npr-1f304/eg3j4ibk.html
Iveco DAILY 35-160 CAJA LARGA **46.000 KMS**,Company,2022,"28,583 miles",Spain,Curtain Side Trucks,Iveco DAILY 35-160 CAJA LARGA **46.000 KMS**,https://www.mascus.com/transportation/curtainsider-trucks/iveco-daily-35-160-caja-larga-46-000-kms/ckgm8k4m.html
"Mercedes-Benz Antos 2543 L 6x2, Retarder, Lenk-/Lift, Esterer",Company,2016,"231,479 miles",Germany,Tank Trucks,"Mercedes-Benz Antos 2543 L 6x2, Retarder, Lenk-/Lift, Esterer",https://www.mascus.com/transportation/tank-trucks/mercedes-benz-antos-2543-l-6x2-retarder-lenk-lift-esterer/3r8niuam.html
Ford F800,Company,1992,"41,330 miles",United States,Flatbed Trucks,Ford F800,https://www.mascus.com/transportation/flatbed-dropside-trucks/ford-f800/hm8r5l7n.html
MAN TGS 26.420 6x2 BL MEILLER AK12 Absetzer,Company,2018,"97,612 miles",Germany,Demountable Trucks,MAN TGS 26.420 6x2 BL MEILLER AK12 Absetzer,https://www.mascus.com/transportation/demountables-trucks/man-tgs-26-420-6x2-bl-meiller-ak12-absetzer/dp5rir3u.html
"Iveco Daily 70-140 EURO 6, CNG, Dhollandia, Manual Trans",Company,2017,"81,089 miles",Netherlands,Box trucks,"Iveco Daily 70-140 EURO 6, CNG, Dhollandia, Manual trans",https://www.mascus.com/transportation/box-body-trucks/iveco-daily-70-140-euro-6-cng-dhollandia-manual-trans/8kio6jfl.html
Western Star 4900SA,Company,2021,"185,990 miles",Canada,Dump Trucks,Western Star 4900SA,https://www.mascus.com/transportation/tipper-trucks/western-star-4900sa/4ffqeucr.html
Renault Midlum 180dci,Company,2003,"165,443 miles",France,Dump Trucks,Renault Midlum 180dci,https://www.mascus.com/transportation/tipper-trucks/renault-midlum-180dci/3i5i4nhf.html
Mercedes-Benz Antos 2540 L 6x2 Pritsche LBW Coca Cola Getränke,Company,2014,"274,700 miles",Germany,Beverage Trucks,Mercedes-Benz Antos 2540 L 6x2 Pritsche LBW Coca Cola Getränke,https://www.mascus.com/transportation/beverage-delivery-trucks/mercedes-benz-antos-2540-l-6x2-pritsche-lbw-coca-cola-getranke/gfgj9uhg.html
International 2674,Company,1995,"286,153 miles",Canada,Dump Trucks,International 2674,https://www.mascus.com/transportation/tipper-trucks/international-2674/alckiqil.html
Mercedes-Benz Atego 815,Company,2004,"260,976 miles",Norway,Box trucks,Mercedes-Benz Atego 815,https://www.mascus.com/transportation/box-body-trucks/mercedes-benz-atego-815/bpfr6jbm.html
Iveco DAILY 70C18,Company,2018,"197,563 miles",Spain,Box trucks,Iveco DAILY 70C18,https://www.mascus.com/transportation/box-body-trucks/iveco-daily-70c18/dj9lig9s.html
Freightliner M2 106,Company,2020,"241,970 miles",United States,Flatbed Trucks,Freightliner M2 106,https://www.mascus.com/transportation/flatbed-dropside-trucks/freightliner-m2-106/9s6mfl7q.html
DAF 480 XFC MEILLER Kipper + B-Matik NEU LKW,Company,2025,815 miles,Germany,Dump Trucks,DAF 480 XFC MEILLER Kipper + B-matik NEU LKW,https://www.mascus.com/transportation/tipper-trucks/daf-480-xfc-meiller-kipper-b-matik-neu-lkw/4ieubm3l.html
Mercedes-Benz Actros 1835 Actros 4X2 19.5tonner 2000kg Ladebordw,Company,2014,"236,985 miles",Netherlands,Box trucks,Mercedes-Benz Actros 1835 Actros 4X2 19.5tonner 2000kg Ladebordw,https://www.mascus.com/transportation/box-body-trucks/mercedes-benz-actros-1835-actros-4x2-19-5tonner-2000kg-ladebordw/4qatchct.html
Ford TRANSIT,Company,2020,"65,642 miles",Italy,Other Trucks,Ford TRANSIT,https://www.mascus.com/transportation/other-trucks/ford-transit/ag7j9o7f.html
Freightliner Business Class M2,Company,2016,,United States,Curtain Side Trucks,Freightliner Business Class M2,https://www.mascus.com/transportation/curtainsider-trucks/freightliner-business-class-m2/3ugs5i8k.html
Ford F-550,Company,2000,"113,971 miles",United States,Dump Trucks,Ford F-550,https://www.mascus.com/transportation/tipper-trucks/ford-f-550/4i3pefap.html
Mercedes-Benz Arocs 2563 Schaktbil,Company,2018,"22,369 miles",Sweden,Dump Trucks,Mercedes-Benz Arocs 2563 schaktbil,https://www.mascus.com/transportation/tipper-trucks/mercedes-benz-arocs-2563-schaktbil/fm5g9ocg.html
Kenworth,Company,,,United States,Tank Trucks,Kenworth,https://www.mascus.com/transportation/tank-trucks/kenworth/8m6l5q4q.html
"MAN 18.330 TGS 4x2, BDF, LBW, AHK, Intarder, Klima",Company,2021,,Germany,Cab & Chassis Trucks,"MAN 18.330 TGS 4x2, BDF, LBW, AHK, Intarder, Klima",https://www.mascus.com/transportation/chassis-cab-trucks/man-18-330-tgs-4x2-bdf-lbw-ahk-intarder-klima/hh5o6nbn.html
Ford E450,Company,2018,"88,167 miles",United States,Box trucks,Ford E450,https://www.mascus.com/transportation/box-body-trucks/ford-e450/cl7fgp3g.html
Ford CF7000,Company,1987,"169,584 miles",United States,Other Trucks,Ford CF7000,https://www.mascus.com/transportation/other-trucks/ford-cf7000/9nfq9l5r.html
Freightliner FL70,Company,1996,,United States,Flatbed Trucks,Freightliner FL70,https://www.mascus.com/transportation/flatbed-dropside-trucks/freightliner-fl70/8ualcthh.html
Mercedes-Benz Atego 1523 Pritsche Mit Kran Cormach 8700-E2,Company,2000,"396,373 miles",Italy,Flatbed Trucks,Mercedes-Benz Atego 1523 Pritsche mit Kran Cormach 8700-E2,https://www.mascus.com/transportation/flatbed-dropside-trucks/mercedes-benz-atego-1523-pritsche-mit-kran-cormach-8700-e2/9pbucr4h.html
Freightliner M2 106,Company,2019,"181,695 miles",United States,Box trucks,Freightliner M2 106,https://www.mascus.com/transportation/box-body-trucks/freightliner-m2-106/8gaffh8t.html
Ford F-550,Company,2019,"199,517 miles",United States,Flatbed Trucks,Ford F-550,https://www.mascus.com/transportation/flatbed-dropside-trucks/ford-f-550/aj5s6sgg.html
Renault Midlum 220 + MANUAL + LIFT + 12T,Company,2006,"316,450 miles",Netherlands,Curtain Side Trucks,Renault Midlum 220 + MANUAL + LIFT + 12T,https://www.mascus.com/transportation/curtainsider-trucks/renault-midlum-220-manual-lift-12t/gkhnficr.html
MAN TGA 32.463,Company,2003,,Poland,Hook lift trucks,MAN TGA 32.463,https://www.mascus.com/transportation/hook-lift-trucks/man-tga-32-463/7oir5h8i.html
Volvo FM 460 8X4 Full Steel Manual Gearbox Big-Axle,Company,2005,"419,698 miles",Netherlands,Hook lift trucks,Volvo FM 460 8X4 Full Steel Manual Gearbox Big-Axle,https://www.mascus.com/transportation/hook-lift-trucks/volvo-fm-460-8x4-full-steel-manual-gearbox-big-axle/eheiih4h.html
MAN TGM 18.290 4x4 3 Way Meiller Tipper,Company,,"187,654 miles",Hungary,Dump Trucks,MAN TGM 18.290 4x4 3 Way Meiller Tipper,https://www.mascus.com/transportation/tipper-trucks/man-tgm-18-290-4x4-3-way-meiller-tipper/bl3i4h5q.html
Isuzu NPR HD,Company,,,,,,https://www.mascus.com/transportation/box-body-trucks/isuzu-npr-hd/hpaobg6j.html
"Mercedes-Benz Actros 2443 6x2, EURO 6",Company,2016,1 miles,Netherlands,Cab & Chassis Trucks,"Mercedes-Benz Actros 2443 6x2, EURO 6",https://www.mascus.com/transportation/chassis-cab-trucks/mercedes-benz-actros-2443-6x2-euro-6/9gij8n5s.html
Ford Super Duty F-550,Company,2020,"58,386 miles",United States,Dump Trucks,Ford Super Duty F-550,https://www.mascus.com/transportation/tipper-trucks/ford-super-duty-f-550/djcs5jbj.html
Iveco AS260S58Y/FS CM 6x2-4 BDF Intarder Standklima,Company,2025,,Germany,Cab & Chassis Trucks,Iveco AS260S58Y/FS CM 6x2-4 BDF Intarder Standklima,https://www.mascus.com/transportation/chassis-cab-trucks/iveco-as260s58y-fs-cm-6x2-4-bdf-intarder-standklima/imeigncn.html
Phoenix Front Discharge Mixer,Company,2020,,United States,Concrete Trucks,Phoenix Front Discharge Mixer,https://www.mascus.com/transportation/concrete-trucks/phoenix-front-discharge-mixer/9g8g5qbh.html
Iveco AT190S46P EEV 3 SEITENKIPPER BLATT LUFT ABS KLIM,Company,2013,"297,133 miles",Austria,Dump Trucks,Iveco AT190S46P EEV 3 SEITENKIPPER BLATT LUFT ABS KLIM,https://www.mascus.com/transportation/tipper-trucks/iveco-at190s46p-eev-3-seitenkipper-blatt-luft-abs-klim/dodsaiek.html
Volvo FM 300 4x2 PLATFORM L=5321 Mm,Company,2008,"608,773 miles",Estonia,Car Haulers,Volvo FM 300 4x2 PLATFORM L=5321 mm,https://www.mascus.com/transportation/vehicle-transporters/volvo-fm-300-4x2-platform-l-5321-mm/es6p8o3o.html
Volvo FH16,Company,2019,"587,153 miles",Finland,Log trucks,Volvo FH16,https://www.mascus.com/transportation/timber-trucks/volvo-fh16/cigjdman.html
Volvo FH 460 8X4 / HIAB 700 E-6 + FLY JIB 165X-4 KRAAN /,Company,2004,"328,084 miles",Netherlands,Flatbed Trucks,Volvo FH 460 8X4 / HIAB 700 E-6 + FLY JIB 165X-4 KRAAN /,https://www.mascus.com/transportation/flatbed-dropside-trucks/volvo-fh-460-8x4-hiab-700-e-6-fly-jib-165x-4-kraan/7g5r9oak.html
Ford F-750,Company,2011,"241,530 miles",United States,Dump Trucks,Ford F-750,https://www.mascus.com/transportation/tipper-trucks/ford-f-750/hf9hakct.html
Volvo FM 330 / PORTAAL / ABSETZKIPPER,Company,2021,"109,937 miles",Netherlands,Skip loader trucks,Volvo FM 330 / PORTAAL / ABSETZKIPPER,https://www.mascus.com/transportation/skip-loader-trucks/volvo-fm-330-portaal-absetzkipper/ejfhghdj.html
Renault Premium 270Dxi TK Spectrum – --R-033,Company,2014,,Spain,Reefer Trucks,Renault Premium 270Dxi TK Spectrum – --R-033,https://www.mascus.com/transportation/temperature-controlled-trucks/renault-premium-270dxi-tk-spectrum-r-033/hghshu5o.html
DAF XB 210FA,Company,2024,"45,565 miles",Netherlands,Box trucks,DAF XB 210FA,https://www.mascus.com/transportation/box-body-trucks/daf-xb-210fa/7n6rhpcq.html
Volvo FMX 330,Company,2011,"150,861 miles",Portugal,Dump Trucks,Volvo FMX 330,https://www.mascus.com/transportation/tipper-trucks/volvo-fmx-330/eg9rahbr.html
"MAN TG-S 18.430 4x2 BL Absetzkipper Meiller, Funk",Company,2020,"135,615 miles",Germany,Demountable Trucks,"MAN TG-S 18.430 4x2 BL Absetzkipper Meiller, Funk",https://www.mascus.com/transportation/demountables-trucks/man-tg-s-18-430-4x2-bl-absetzkipper-meiller-funk/agfrepfm.html
MAN LE 280,Company,1997,"301,365 miles",Belgium,Dump Trucks,MAN LE 280,https://www.mascus.com/transportation/tipper-trucks/man-le-280/ekimil8q.html
Renault Premium,Company,2012,"374,740 miles",France,Curtain Side Trucks,Renault Premium,https://www.mascus.com/transportation/curtainsider-trucks/renault-premium/er6s8oaf.html
Scania R480,Company,2009,,Sweden,Cab & Chassis Trucks,Scania R480,https://www.mascus.com/transportation/chassis-cab-trucks/scania-r480/aibmgmhf.html
MAN TGA 41.440 TGA 8X8 8x8 18m3 Meiller Tipper Steelsu,Company,2007,"359,298 miles",Netherlands,Dump Trucks,MAN TGA 41.440 TGA 8X8 8x8 18m3 Meiller tipper Steelsu,https://www.mascus.com/transportation/tipper-trucks/man-tga-41-440-tga-8x8-8x8-18m3-meiller-tipper-steelsu/ihifgu8h.html
Bauer Bauer BG 9 H,Company,1994,,Germany,Other Trucks,Bauer Bauer BG 9 H,https://www.mascus.com/transportation/other-trucks/bauer-bauer-bg-9-h/ejhrdk4s.html
Renault T 460 * LBW * 2 X TANK * RETARDER * GERMAN TRUCK,Company,2017,"636,905 miles",Germany,Cab & Chassis Trucks,Renault T 460 * LBW * 2 X TANK * RETARDER * GERMAN TRUCK,https://www.mascus.com/transportation/chassis-cab-trucks/renault-t-460-lbw-2-x-tank-retarder-german-truck/aufgfjch.html
Scania R 460 B6x2*4NB,Company,2023,"386,158 miles",Germany,Cab & Chassis Trucks,Scania R 460 B6x2*4NB,https://www.mascus.com/transportation/chassis-cab-trucks/scania-r-460-b6x2-4nb/3ihkgqhg.html
Freightliner M2 106,Company,2018,,United States,Reefer Trucks,Freightliner M2 106,https://www.mascus.com/transportation/temperature-controlled-trucks/freightliner-m2-106/ducrggan.html
Volvo FH 500 6x4 Retarder Euro 5 Airconditioning Side Do,Company,2013,"529,915 miles",Netherlands,Box trucks,Volvo FH 500 6x4 Retarder Euro 5 Airconditioning Side Do,https://www.mascus.com/transportation/box-body-trucks/volvo-fh-500-6x4-retarder-euro-5-airconditioning-side-do/8geqcm7i.html
Volvo FH500 8X4/4,Company,2016,"303,850 miles",Estonia,Demountable Trucks,Volvo FH500 8X4/4,https://www.mascus.com/transportation/demountables-trucks/volvo-fh500-8x4-4/etfqelhk.html
Volvo FH 13,Company,2013,"510,829 miles",Finland,Log trucks,Volvo FH 13,https://www.mascus.com/transportation/timber-trucks/volvo-fh-13/3sctguel.html
Scania R 580 6x2*4 FOR SALE AS CHASSIS / CHASSIS L=8100 M,Company,2017,"340,923 miles",Estonia,Cab & Chassis Trucks,Scania R 580 6x2*4 FOR SALE AS CHASSIS / CHASSIS L=8100 m,https://www.mascus.com/transportation/chassis-cab-trucks/scania-r-580-6x2-4-for-sale-as-chassis-chassis-l-8100-m/fffhbmhk.html
Mercedes-Benz Atego 1524 Palfinger 12002 Bis 19 Meter,Company,2013,"100,973 miles",Germany,Flatbed Trucks,Mercedes-Benz Atego 1524 Palfinger 12002 bis 19 Meter,https://www.mascus.com/transportation/flatbed-dropside-trucks/mercedes-benz-atego-1524-palfinger-12002-bis-19-meter/9t3fbghh.html
Freightliner M2106,Company,2014,"51,639 miles",United States,Boom / Crane / Bucket Trucks,Freightliner M2106,https://www.mascus.com/transportation/crane-trucks/freightliner-m2106/eibmit8j.html
Scania R 580 TIPPBIL,Company,2015,"243,568 miles",Norway,Dump Trucks,Scania R 580 TIPPBIL,https://www.mascus.com/transportation/tipper-trucks/scania-r-580-tippbil/igig7g3m.html
Ford E350,Company,2014,,United States,Box trucks,Ford E350,https://www.mascus.com/transportation/box-body-trucks/ford-e350/ar5jgs6q.html
Mercedes-Benz Atego 818,Company,2011,"251,034 miles",Greece,Curtain Side Trucks,Mercedes-Benz Atego 818,https://www.mascus.com/transportation/curtainsider-trucks/mercedes-benz-atego-818/du4h5mgo.html
Mack DM685S,Company,1987,,United States,Concrete Trucks,Mack DM685S,https://www.mascus.com/transportation/concrete-trucks/mack-dm685s/6gas6ids.html
International 4300,Company,2007,"201,840 miles",United States,Box trucks,International 4300,https://www.mascus.com/transportation/box-body-trucks/international-4300/es9fah6u.html
"MAN TGS 26.480 6x4 BB, Palfinger Kran PK 92002- SH G",Company,2012,"54,059 miles",Germany,Flatbed Trucks,"MAN TGS 26.480 6x4 BB, Palfinger Kran PK 92002- SH G",https://www.mascus.com/transportation/flatbed-dropside-trucks/man-tgs-26-480-6x4-bb-palfinger-kran-pk-92002-sh-g/fp8nis9g.html
Iveco Eurocargo 100E17,Company,2006,"153,482 miles",France,Box trucks,Iveco Eurocargo 100E17,https://www.mascus.com/transportation/box-body-trucks/iveco-eurocargo-100e17/7l4uhtgm.html
Volvo FM 330,Company,2024,"23,612 miles",Sweden,Box trucks,Volvo FM 330,https://www.mascus.com/transportation/box-body-trucks/volvo-fm-330/brdgdm5t.html
International MV607,Company,2020,"182,000 miles",United States,Other Trucks,International MV607,https://www.mascus.com/transportation/other-trucks/international-mv607/ai7r3h8o.html
Mack MD6,Company,,,,,,https://www.mascus.com/transportation/box-body-trucks/mack-md6/hf7tih9j.html
MAN L2000 **9.153-BELGIAN TRUCK**,Company,1994,"241,153 miles",Belgium,Flatbed Trucks,MAN L2000 **9.153-BELGIAN TRUCK**,https://www.mascus.com/transportation/flatbed-dropside-trucks/man-l2000-9-153-belgian-truck/fp3s7l5n.html
Mercedes-Benz SPRINTER 310 - DoKa - Spriegel - Plane - 142 TKm,Company,2013,"88,732 miles",Germany,Curtain Side Trucks,Mercedes-Benz SPRINTER 310 - DoKa - Spriegel - Plane - 142 TKm,https://www.mascus.com/transportation/curtainsider-trucks/mercedes-benz-sprinter-310-doka-spriegel-plane-142-tkm/9i7s6fcq.html
GMC G3500,Company,2022,"98,032 miles",United States,Reefer Trucks,GMC G3500,https://www.mascus.com/transportation/temperature-controlled-trucks/gmc-g3500/apgmgsdp.html
Mercedes-Benz Atego 1524 Atego 4X2 6-Cylinder Auromatic Thermo K,Company,2016,"158,062 miles",Netherlands,Reefer Trucks,Mercedes-Benz Atego 1524 Atego 4X2 6-Cylinder Auromatic Thermo K,https://www.mascus.com/transportation/temperature-controlled-trucks/mercedes-benz-atego-1524-atego-4x2-6-cylinder-auromatic-thermo-k/3o4f3s5o.html
Mercedes-Benz Atego 924 3-Way Tipper Truck,Company,,"103,769 miles",Hungary,Dump Trucks,Mercedes-Benz Atego 924 3-way tipper truck,https://www.mascus.com/transportation/tipper-trucks/mercedes-benz-atego-924-3-way-tipper-truck/8j8gbp7s.html
MAN TGS 41.520 TGS 41.520 8X4 BB Euro 6e,Company,2025,,Germany,Cab & Chassis Trucks,MAN TGS 41.520 TGS 41.520 8X4 BB Euro 6e,https://www.mascus.com/transportation/chassis-cab-trucks/man-tgs-41-520-tgs-41-520-8x4-bb-euro-6e/3t5n4rfl.html
Volvo VAH,Company,,,,,,https://www.mascus.com/transportation/vehicle-transporters/volvo-vah/7m9fghhh.html
Volvo FMX 500 Volvo FMX 500 8x4,Company,2024,,Germany,Cab & Chassis Trucks,Volvo FMX 500 Volvo FMX 500 8x4,https://www.mascus.com/transportation/chassis-cab-trucks/volvo-fmx-500-volvo-fmx-500-8x4/gj6pcu8s.html
DAF LF 260 4X2 Thermo-King T-600R Cooler 1500kg Ladebo,Company,2018,"83,148 miles",Netherlands,Reefer Trucks,DAF LF 260 4X2 Thermo-King T-600R cooler 1500kg Ladebo,https://www.mascus.com/transportation/temperature-controlled-trucks/daf-lf-260-4x2-thermo-king-t-600r-cooler-1500kg-ladebo/itiifgim.html
Ford F-750,Company,2011,,United States,Flatbed Trucks,Ford F-750,https://www.mascus.com/transportation/flatbed-dropside-trucks/ford-f-750/ik6pfl3o.html
Scania P 250 DB4x2MLB,Company,2017,"187,343 miles",Finland,Box trucks,Scania P 250 DB4x2MLB,https://www.mascus.com/transportation/box-body-trucks/scania-p-250-db4x2mlb/5kergjao.html
Isuzu Abroller TDO-BR 56,Company,2017,,Germany,Other Trucks,Isuzu Abroller TDO-BR 56,https://www.mascus.com/transportation/other-trucks/isuzu-abroller-tdo-br-56/3i5getan.html
MAN 18.264,Company,1999,"480,046 miles",Spain,Tank Trucks,MAN 18.264,https://www.mascus.com/transportation/tank-trucks/man-18-264/bpgf7j6g.html
Volvo FH Volvo FH 500 10x4. Ajokoneritilä Taitolla. 2-Ak,Company,2022,"143,847 miles",Finland,Car Haulers,Volvo FH Volvo FH 500 10x4. Ajokoneritilä taitolla. 2-ak,https://www.mascus.com/transportation/vehicle-transporters/volvo-fh-volvo-fh-500-10x4-ajokoneritila-taitolla-2-ak/3peshl7j.html
Mercedes-Benz Antos 2540 6X2,Company,2015,"425,681 miles",Netherlands,Reefer Trucks,Mercedes-Benz Antos 2540 6X2,https://www.mascus.com/transportation/temperature-controlled-trucks/mercedes-benz-antos-2540-6x2/dnhr8p6g.html
Mercedes-Benz Arocs 1830 I Atlas 120.2 Faltkran*Funk*UVV2026,Company,2016,"121,155 miles",Germany,Flatbed Trucks,Mercedes-Benz Arocs 1830 I Atlas 120.2 Faltkran*Funk*UVV2026,https://www.mascus.com/transportation/flatbed-dropside-trucks/mercedes-benz-arocs-1830-i-atlas-120-2-faltkran-funk-uvv2026/au3lelbm.html
Volvo FH 16 650 8x4*4 CRANAB TZ12.2,Company,2020,"496,648 miles",Estonia,Log trucks,Volvo FH 16 650 8x4*4 CRANAB TZ12.2,https://www.mascus.com/transportation/timber-trucks/volvo-fh-16-650-8x4-4-cranab-tz12-2/cubn4p3j.html
Renault D WIDE 19T + THERMO KING T-1200R + DHOLLANDIA 1.50,Company,2025,"24,364 miles",Netherlands,Reefer Trucks,Renault D WIDE 19T + THERMO KING T-1200R + DHOLLANDIA 1.50,https://www.mascus.com/transportation/temperature-controlled-trucks/renault-d-wide-19t-thermo-king-t-1200r-dhollandia-1-50/hkdhdtdm.html
Fuso Canter 3C13,Company,2018,"79,101 miles",France,Dump Trucks,Fuso Canter 3C13,https://www.mascus.com/transportation/tipper-trucks/fuso-canter-3c13/3q9hff7o.html
International MV607,Company,2020,"185,163 miles",United States,Reefer Trucks,International MV607,https://www.mascus.com/transportation/temperature-controlled-trucks/international-mv607/bs3uhudr.html
Howo 375 8x4,Company,2024,"5,282 miles",China,Dump Trucks,Howo 375 8x4,https://www.mascus.com/transportation/tipper-trucks/howo-375-8x4/ioglatfo.html
DAF XF 450 / OPRIJ - MACHINE TRANSPORT / 6x2,Company,2020,"306,566 miles",Netherlands,Car Haulers,DAF XF 450 / OPRIJ - MACHINE TRANSPORT / 6x2,https://www.mascus.com/transportation/vehicle-transporters/daf-xf-450-oprij-machine-transport-6x2/5qbifj4t.html
Mercedes-Benz Atego 818 Hegla Glasreff,Company,2017,"23,053 miles",Germany,Flatbed Trucks,Mercedes-Benz Atego 818 Hegla Glasreff,https://www.mascus.com/transportation/flatbed-dropside-trucks/mercedes-benz-atego-818-hegla-glasreff/ghit6mbh.html
DAF CF85 360,Company,2012,"289,559 miles",France,Boom / Crane / Bucket Trucks,DAF CF85 360,https://www.mascus.com/transportation/crane-trucks/daf-cf85-360/4s7k5kei.html
Schwing S 39 SX RZ,Company,,,United States,Concrete Trucks,Schwing S 39 SX RZ,https://www.mascus.com/transportation/concrete-trucks/schwing-s-39-sx-rz/gt3g8ihk.html
Effedi Gasolone,Company,2009,"33,196 miles",France,Dump Trucks,Effedi Gasolone,https://www.mascus.com/transportation/tipper-trucks/effedi-gasolone/3p6i9i4o.html
DAF LF 230 LF 4X2 12tonner 1500kg Ladebordwand ACC Aut,Company,2021,"100,438 miles",Netherlands,Box trucks,DAF LF 230 LF 4X2 12tonner 1500kg Ladebordwand ACC Aut,https://www.mascus.com/transportation/box-body-trucks/daf-lf-230-lf-4x2-12tonner-1500kg-ladebordwand-acc-aut/hlhsisch.html
Volvo FM 380,Company,2012,"915,312 miles",Sweden,Box trucks,Volvo FM 380,https://www.mascus.com/transportation/box-body-trucks/volvo-fm-380/ar9sbn5f.html
Iveco DAILY 55S18DW 4x4 Doka,Company,2010,"123,608 miles",Poland,Cab & Chassis Trucks,Iveco DAILY 55S18DW 4x4 Doka,https://www.mascus.com/transportation/chassis-cab-trucks/iveco-daily-55s18dw-4x4-doka/4n4f7t8i.html
Iveco Daily 65 C17 Fassi Crane,Company,2009,"124,274 miles",Croatia,Boom / Crane / Bucket Trucks,Iveco Daily 65 C17 Fassi Crane,https://www.mascus.com/transportation/crane-trucks/iveco-daily-65-c17-fassi-crane/djcs4n8l.html
Scania P250 4x2 Tautliner - Jumbo - Euro 6 - Opti Cruise,Company,2013,"588,456 miles",Netherlands,Curtain Side Trucks,Scania P250 4x2 Tautliner - Jumbo - Euro 6 - Opti Cruise,https://www.mascus.com/transportation/curtainsider-trucks/scania-p250-4x2-tautliner-jumbo-euro-6-opti-cruise/8r5r8g8q.html
Freightliner M2 106,Company,2015,"238,423 miles",United States,Box trucks,Freightliner M2 106,https://www.mascus.com/transportation/box-body-trucks/freightliner-m2-106/5feh3nis.html
Iveco STRALIS 480,Company,2005,"297,685 miles",France,Hook lift trucks,Iveco STRALIS 480,https://www.mascus.com/transportation/hook-lift-trucks/iveco-stralis-480/4ogfhi8k.html
Freightliner M2-106 26' Box Truck With Lift Gate ONLY 48k Miles,Company,2019,"48,535 miles",United States,Box trucks,Freightliner M2-106 26' Box Truck With lift Gate ONLY 48k Miles,https://www.mascus.com/transportation/box-body-trucks/freightliner-m2-106-26-box-truck-with-lift-gate-only-48k-miles/8rhu9nhr.html
"DAF CF75-310, ADR, PTO, 9.0 Ton Front-Axle, WB:450 Cm",Company,2007,"444,935 miles",Netherlands,Cab & Chassis Trucks,"DAF CF75-310, ADR, PTO, 9.0 Ton Front-axle, WB:450 cm",https://www.mascus.com/transportation/chassis-cab-trucks/daf-cf75-310-adr-pto-9-0-ton-front-axle-wb-450-cm/4ngp5uhk.html
Scania R 420 6x2*4 EFFER 315/8S + WINCH YEAR 2015 ! / CAB,Company,2008,"587,647 miles",Estonia,Boom / Crane / Bucket Trucks,Scania R 420 6x2*4 EFFER 315/8S + WINCH YEAR 2015 ! / CAB,https://www.mascus.com/transportation/crane-trucks/scania-r-420-6x2-4-effer-315-8s-winch-year-2015-cab/4q5u9r8i.html
Mack GR64F,Company,2027,,United States,Dump Trucks,Mack GR64F,https://www.mascus.com/transportation/tipper-trucks/mack-gr64f/3m5tiuih.html
Howo 371,Company,2023,,China,Dump Trucks,Howo 371,https://www.mascus.com/transportation/tipper-trucks/howo-371/ikds9ifn.html
Freightliner M2 106,Company,2020,"247,048 miles",United States,Reefer Trucks,Freightliner M2 106,https://www.mascus.com/transportation/temperature-controlled-trucks/freightliner-m2-106/6p8q4pek.html
Iveco T-Way 460 Grúa PALFINGER 78002SH +JIB,Company,2025,435 miles,Spain,Boom / Crane / Bucket Trucks,Iveco T-Way 460 grúa PALFINGER 78002SH +JIB,https://www.mascus.com/transportation/crane-trucks/iveco-t-way-460-grua-palfinger-78002sh-jib/isgg9p9l.html
Mercedes-Benz Arocs 3240 Arocs 8X4 9m3 Stetter Mixer Steelsuspen,Company,2016,"132,959 miles",Netherlands,Concrete Trucks,Mercedes-Benz Arocs 3240 Arocs 8X4 9m3 Stetter Mixer Steelsuspen,https://www.mascus.com/transportation/concrete-trucks/mercedes-benz-arocs-3240-arocs-8x4-9m3-stetter-mixer-steelsuspen/aoetbheu.html
Mercedes-Benz AROCS 3263 – 8x4 – Tippbil – Brøyterigget,Company,2019,"111,815 miles",Norway,Dump Trucks,Mercedes-Benz AROCS 3263 – 8x4 – Tippbil – Brøyterigget,https://www.mascus.com/transportation/tipper-trucks/mercedes-benz-arocs-3263-8x4-tippbil-broyterigget/7fcoak8j.html
Mercedes-Benz Actros 2530 6x2,Company,2015,"210,023 miles",Denmark,Boom / Crane / Bucket Trucks,Mercedes-Benz Actros 2530 6x2,https://www.mascus.com/transportation/crane-trucks/mercedes-benz-actros-2530-6x2/9j3ucpai.html
Scania S 460,Company,2023,"194,489 miles",Poland,Curtain Side Trucks,Scania S 460,https://www.mascus.com/transportation/curtainsider-trucks/scania-s-460/hh9m9tgj.html
Hino 268,Company,2019,"103,976 miles",United States,Box trucks,Hino 268,https://www.mascus.com/transportation/box-body-trucks/hino-268/5icqenap.html
Chevrolet TOPKICK,Company,1996,"38,000 miles",United States,Dump Trucks,Chevrolet TOPKICK,https://www.mascus.com/transportation/tipper-trucks/chevrolet-topkick/5lfg9i9p.html
Volvo FM 330,Company,2020,"63,380 miles",Norway,Box trucks,Volvo FM 330,https://www.mascus.com/transportation/box-body-trucks/volvo-fm-330/ds4q4kft.html
Ford F-750,Company,2015,"48,104 miles",United States,Dump Trucks,Ford F-750,https://www.mascus.com/transportation/tipper-trucks/ford-f-750/5kbk4k8i.html
Volvo FL 240,Company,2011,"109,983 miles",Denmark,Boom / Crane / Bucket Trucks,Volvo FL 240,https://www.mascus.com/transportation/crane-trucks/volvo-fl-240/ai4jcsch.html
Chevrolet 3500,Company,2024,"33,424 miles",United States,Reefer Trucks,Chevrolet 3500,https://www.mascus.com/transportation/temperature-controlled-trucks/chevrolet-3500/blgpiu5h.html
Peugeot Partner,Company,,"128,470 miles",Hungary,Other Trucks,Peugeot Partner,https://www.mascus.com/transportation/other-trucks/peugeot-partner/cs9iih5l.html
Freightliner M2 112 Laredo,Company,2020,,United States,Cab & Chassis Trucks,Freightliner M2 112 Laredo,https://www.mascus.com/transportation/chassis-cab-trucks/freightliner-m2-112-laredo/djcgaq4r.html
International MV607,Company,,,,,,https://www.mascus.com/transportation/box-body-trucks/international-mv607/7iak6phj.html
Iveco Eurocargo 160E300 4X2 NEW! 16T Chassis 2017 Produc,Company,2017,7 miles,Netherlands,Cab & Chassis Trucks,Iveco Eurocargo 160E300 4X2 NEW! 16T chassis 2017 produc,https://www.mascus.com/transportation/chassis-cab-trucks/iveco-eurocargo-160e300-4x2-new-16t-chassis-2017-produc/afggcq3s.html
DAF N3G,Company,2016,"188,562 miles",France,Skip loader trucks,DAF N3G,https://www.mascus.com/transportation/skip-loader-trucks/daf-n3g/7hfp8jeu.html
Ford E350,Company,2021,"128,198 miles",United States,Box trucks,Ford E350,https://www.mascus.com/transportation/box-body-trucks/ford-e350/ds6r3l7t.html
Terex FD4000,Company,2021,,United States,Concrete Trucks,Terex FD4000,https://www.mascus.com/transportation/concrete-trucks/terex-fd4000/fmhrbkii.html
Isuzu NRR,Company,2022,"78,120 miles",United States,Box trucks,Isuzu NRR,https://www.mascus.com/transportation/box-body-trucks/isuzu-nrr/hthpcsfk.html
Mercedes-Benz Antos 2540,Company,2015,"338,579 miles",Portugal,Flatbed Trucks,Mercedes-Benz Antos 2540,https://www.mascus.com/transportation/flatbed-dropside-trucks/mercedes-benz-antos-2540/ifhi5idl.html
Kenworth T880,Company,2016,"564,253 miles",United States,Dump Trucks,Kenworth T880,https://www.mascus.com/transportation/tipper-trucks/kenworth-t880/8phn9f6h.html
Kenworth T880,Company,2017,"480,270 miles",United States,Dump Trucks,Kenworth T880,https://www.mascus.com/transportation/tipper-trucks/kenworth-t880/btindlat.html
MAN TGX 18.470,Company,2020,"394,571 miles",Poland,Curtain Side Trucks,MAN TGX 18.470,https://www.mascus.com/transportation/curtainsider-trucks/man-tgx-18-470/8selcf9i.html
Wylie T/A Water Tank Trailer,Company,2022,,United States,Other Trucks,Wylie T/A Water Tank Trailer,https://www.mascus.com/transportation/other-trucks/wylie-t-a-water-tank-trailer/5o9j9s7o.html
Kenworth T880,Company,2022,"32,747 miles",United States,Skip loader trucks,Kenworth T880,https://www.mascus.com/transportation/skip-loader-trucks/kenworth-t880/fsig6hcl.html
Mack GR64B,Company,2027,761 miles,United States,Other Trucks,Mack GR64B,https://www.mascus.com/transportation/other-trucks/mack-gr64b/di6m7nbh.html
Ford F-700,Company,1993,"137,244 miles",United States,Dump Trucks,Ford F-700,https://www.mascus.com/transportation/tipper-trucks/ford-f-700/at4q4m8r.html
Volvo FE 280 Flatbed + Crane Palfinger PK 13.501K SLD3,Company,2018,"90,161 miles",Hungary,Flatbed Trucks,Volvo FE 280 Flatbed + Crane Palfinger PK 13.501K SLD3,https://www.mascus.com/transportation/flatbed-dropside-trucks/volvo-fe-280-flatbed-crane-palfinger-pk-13-501k-sld3/4f6j9tfl.html
Volvo FMX 540 8x4*4 - Palfinger 34002-SH Crane - 3 Way T,Company,2019,"197,172 miles",Netherlands,Dump Trucks,Volvo FMX 540 8x4*4 - Palfinger 34002-SH Crane - 3 way t,https://www.mascus.com/transportation/tipper-trucks/volvo-fmx-540-8x4-4-palfinger-34002-sh-crane-3-way-t/gpbo7feu.html
Scania P 270 DB 4x2 Fuel Tank 13.6 M3 / 4 Comp,Company,2010,"410,105 miles",Netherlands,Tank Trucks,Scania P 270 DB 4x2 fuel tank 13.6 m3 / 4 comp,https://www.mascus.com/transportation/tank-trucks/scania-p-270-db-4x2-fuel-tank-13-6-m3-4-comp/ambn5g5h.html
Scania R420 8x4 + FASSI F290A.28,Company,2007,,Lithuania,Dump Trucks,Scania R420 8x4 + FASSI F290A.28,https://www.mascus.com/transportation/tipper-trucks/scania-r420-8x4-fassi-f290a-28/bt9kamgs.html
"Volvo FM 450 EURO 6, Retarder, Standairco, Hydraulic",Company,2017,"628,206 miles",Netherlands,Car Haulers,"Volvo FM 450 EURO 6, Retarder, Standairco, Hydraulic",https://www.mascus.com/transportation/vehicle-transporters/volvo-fm-450-euro-6-retarder-standairco-hydraulic/6n4peq3f.html
Freightliner M2 106,Company,2019,"276,353 miles",United States,Reefer Trucks,Freightliner M2 106,https://www.mascus.com/transportation/temperature-controlled-trucks/freightliner-m2-106/6s9r5j7t.html
Mercedes-Benz Actros 2541 Pritsche Heckkran Palfinger PK 34002,Company,2012,"645,436 miles",Germany,Flatbed Trucks,Mercedes-Benz Actros 2541 Pritsche Heckkran Palfinger PK 34002,https://www.mascus.com/transportation/flatbed-dropside-trucks/mercedes-benz-actros-2541-pritsche-heckkran-palfinger-pk-34002/bjhh6gem.html
MAN TGM 18.290 | Hegla Glastransporter*HIAB 138E2*AC,Company,2017,"285,004 miles",Germany,Flatbed Trucks,MAN TGM 18.290 | Hegla Glastransporter*HIAB 138E2*AC,https://www.mascus.com/transportation/flatbed-dropside-trucks/man-tgm-18-290-hegla-glastransporter-hiab-138e2-ac/hpfteq5h.html
Scania R 770 B8x4*4NB,Company,2021,"357,288 miles",Finland,Cab & Chassis Trucks,Scania R 770 B8x4*4NB,https://www.mascus.com/transportation/chassis-cab-trucks/scania-r-770-b8x4-4nb/brej3rfi.html
MAN TGX / 18.360 / ACC / E 6 / FIRANKA / 19 PALET / ŁA,Company,2018,"310,064 miles",Hungary,Curtain Side Trucks,MAN TGX / 18.360 / ACC / E 6 / FIRANKA / 19 PALET / ŁA,https://www.mascus.com/transportation/curtainsider-trucks/man-tgx-18-360-acc-e-6-firanka-19-palet-la/3k8j5h6s.html
Freightliner FLD112,Company,1996,,United States,Dump Trucks,Freightliner FLD112,https://www.mascus.com/transportation/tipper-trucks/freightliner-fld112/blcr4f5g.html
Isuzu NPR HD,Company,2019,,United States,Box trucks,Isuzu NPR HD,https://www.mascus.com/transportation/box-body-trucks/isuzu-npr-hd/dgdngt6r.html
Fuso CANTER 9C15 CITY HOOK XR8S4150,Company,2017,"141,762 miles",Netherlands,Hook lift trucks,Fuso CANTER 9C15 CITY HOOK XR8S4150,https://www.mascus.com/transportation/hook-lift-trucks/fuso-canter-9c15-city-hook-xr8s4150/hi4r3k7r.html
Mercedes-Benz 2551 L 6x2 Jumbo / Liftachse / Retarder / NEU!!,Company,2023,647 miles,Germany,Other Trucks,Mercedes-Benz 2551 L 6x2 Jumbo / Liftachse / Retarder / NEU!!,https://www.mascus.com/transportation/other-trucks/mercedes-benz-2551-l-6x2-jumbo-liftachse-retarder-neu/7uekdufu.html
DAF XF 480 6x2 E6 / Schmitz 19 EPAL Doppelstock,Company,2021,"236,121 miles",Poland,Reefer Trucks,DAF XF 480 6x2 E6 / Schmitz 19 EPAL Doppelstock,https://www.mascus.com/transportation/temperature-controlled-trucks/daf-xf-480-6x2-e6-schmitz-19-epal-doppelstock/ck7qbl8f.html
DAF LF 250 4X2 NL-Truck VDL 8 Tons Skiploader Steelsus,Company,2014,"194,715 miles",Netherlands,Skip loader trucks,DAF LF 250 4X2 NL-Truck VDL 8 tons skiploader Steelsus,https://www.mascus.com/transportation/skip-loader-trucks/daf-lf-250-4x2-nl-truck-vdl-8-tons-skiploader-steelsus/eoahfj9i.html
Freightliner M2 106,Company,2019,"243,767 miles",United States,Flatbed Trucks,Freightliner M2 106,https://www.mascus.com/transportation/flatbed-dropside-trucks/freightliner-m2-106/4kaqet6f.html
"MAN TGX 26 460 6x2, EURO 6, Combi, Retarder, Lift Roof",Company,2019,"379,036 miles",Netherlands,Curtain Side Trucks,"MAN TGX 26 460 6x2, EURO 6, Combi, Retarder, Lift roof",https://www.mascus.com/transportation/curtainsider-trucks/man-tgx-26-460-6x2-euro-6-combi-retarder-lift-roof/9s6seref.html
Scania G 370 G 6X2 NL-Truck Chassis Lift+Steering Axle Au,Company,2018,"281,215 miles",Netherlands,Cab & Chassis Trucks,Scania G 370 G 6X2 NL-Truck chassis Lift+Steering axle Au,https://www.mascus.com/transportation/chassis-cab-trucks/scania-g-370-g-6x2-nl-truck-chassis-lift-steering-axle-au/esbkcp6u.html
Peterbilt 365,Company,2014,"267,105 miles",United States,Concrete Trucks,Peterbilt 365,https://www.mascus.com/transportation/concrete-trucks/peterbilt-365/9l4kfs4q.html
Freightliner M2 112,Company,2020,"535,991 miles",United States,Box trucks,Freightliner M2 112,https://www.mascus.com/transportation/box-body-trucks/freightliner-m2-112/6tdugjat.html
Mack GRANITE 84FR,Company,2026,10 miles,United States,Dump Trucks,Mack GRANITE 84FR,https://www.mascus.com/transportation/tipper-trucks/mack-granite-84fr/alhoco9r.html
Mercedes-Benz Atego1222 Carrier Supra 850MT*3Kammer*Nur 204tkm,Company,2013,"123,653 miles",Germany,Reefer Trucks,Mercedes-Benz Atego1222 Carrier Supra 850MT*3Kammer*nur 204tkm,https://www.mascus.com/transportation/temperature-controlled-trucks/mercedes-benz-atego1222-carrier-supra-850mt-3kammer-nur-204tkm/5ncnhn9g.html
MAN TGS / 26.360 / EURO 6 / CHŁODNIA + WINDA / 23 PALE,Company,,"310,064 miles",Hungary,Reefer Trucks,MAN TGS / 26.360 / EURO 6 / CHŁODNIA + WINDA / 23 PALE,https://www.mascus.com/transportation/temperature-controlled-trucks/man-tgs-26-360-euro-6-chlodnia-winda-23-pale/ithkdm9o.html
Mercedes-Benz Actros 2532 - 1. Hand - 192 TKm - EURO5 - Meille,Company,2011,"119,703 miles",Germany,Demountable Trucks,Mercedes-Benz Actros 2532 - 1. Hand - 192 TKm - EURO5 - Meille,https://www.mascus.com/transportation/demountables-trucks/mercedes-benz-actros-2532-1-hand-192-tkm-euro5-meille/8jemfgir.html
MAN TGS 28.480,Company,2013,"160,654 miles",Croatia,Boom / Crane / Bucket Trucks,MAN TGS 28.480,https://www.mascus.com/transportation/crane-trucks/man-tgs-28-480/4jbf5p7s.html
Scania G450 6x2/4 //Tip// HIAB X-HIPRO 262 EP-5 //,Company,2019,"198,217 miles",Denmark,Boom / Crane / Bucket Trucks,Scania G450 6x2/4 //Tip// HIAB X-HIPRO 262 EP-5 //,https://www.mascus.com/transportation/crane-trucks/scania-g450-6x2-4-tip-hiab-x-hipro-262-ep-5/gobidsdo.html
Scania R520 6x2 LL 4.Stock Menke Hubdach Tränke Retarde,Company,2016,"584,979 miles",Germany,Animal transport trucks,Scania R520 6x2 LL 4.Stock Menke Hubdach Tränke Retarde,https://www.mascus.com/transportation/animal-transport-trucks/scania-r520-6x2-ll-4-stock-menke-hubdach-tranke-retarde/3icmhlhf.html
Volvo FM 12-380,Company,2000,"420,836 miles",Netherlands,Hook lift trucks,Volvo FM 12-380,https://www.mascus.com/transportation/hook-lift-trucks/volvo-fm-12-380/dt3fbs8r.html
Renault D210 12T / Bitemperature Refrigerator / 3 Units /,Company,2021,"43,496 miles",Poland,Reefer Trucks,Renault D210 12T / Bitemperature Refrigerator / 3 units /,https://www.mascus.com/transportation/temperature-controlled-trucks/renault-d210-12t-bitemperature-refrigerator-3-units/irbf5n7l.html
Ottawa 30,Company,2002,,United States,Other Trucks,Ottawa 30,https://www.mascus.com/transportation/other-trucks/ottawa-30/6qcjim6t.html
Peterbilt 389,Company,2019,"391,261 miles",United States,Dump Trucks,Peterbilt 389,https://www.mascus.com/transportation/tipper-trucks/peterbilt-389/fuaiim8r.html
MAN LE 12.220 E3 PRITSCHE PLANE LBW BLATT LUFT,Company,2005,"615,836 miles",Austria,Curtain Side Trucks,MAN LE 12.220 E3 PRITSCHE PLANE LBW BLATT LUFT,https://www.mascus.com/transportation/curtainsider-trucks/man-le-12-220-e3-pritsche-plane-lbw-blatt-luft/embq3qih.html
MAN TGS 26.440,Company,2012,"244,199 miles",Germany,Hook lift trucks,MAN TGS 26.440,https://www.mascus.com/transportation/hook-lift-trucks/man-tgs-26-440/csakch5h.html
Schwing S 36 X RaZor,Company,,,United States,Concrete Trucks,Schwing S 36 X RaZor,https://www.mascus.com/transportation/concrete-trucks/schwing-s-36-x-razor/ijgs3nbr.html
Mercedes-Benz Unimog 1750,Company,1994,"62,137 miles",Macedonia,Other Trucks,Mercedes-Benz Unimog 1750,https://www.mascus.com/transportation/other-trucks/mercedes-benz-unimog-1750/hgbf9u4j.html
Volvo FMX 520 10X4 NEW 50T Payload | 28m3 Tipper | Minin,Company,2022,7 miles,Netherlands,Dump Trucks,Volvo FMX 520 10X4 NEW 50T Payload | 28m3 Tipper | Minin,https://www.mascus.com/transportation/tipper-trucks/volvo-fmx-520-10x4-new-50t-payload-28m3-tipper-minin/anik3hai.html
Chevrolet C7,Company,1996,,United States,Dump Trucks,Chevrolet C7,https://www.mascus.com/transportation/tipper-trucks/chevrolet-c7/bm9i4i8g.html
International HV,Company,2027,,Canada,Cab & Chassis Trucks,International HV,https://www.mascus.com/transportation/chassis-cab-trucks/international-hv/hoeq8lgs.html
Scania R 770,Company,2024,"83,264 miles",Norway,Dump Trucks,Scania R 770,https://www.mascus.com/transportation/tipper-trucks/scania-r-770/dp9ocfep.html
MAN TGS18.360,Company,2014,"131,537 miles",France,Boom / Crane / Bucket Trucks,MAN TGS18.360,https://www.mascus.com/transportation/crane-trucks/man-tgs18-360/cqingtdq.html
DAF Translift Chainlift TL 24.70 Complete With Pump An,Company,2008,,Netherlands,Container Trucks,DAF Translift chainlift TL 24.70 Complete with Pump an,https://www.mascus.com/transportation/containerframe-trucks/daf-translift-chainlift-tl-24-70-complete-with-pump-an/6q9iffgo.html
Ford F-550,Company,2016,"135,123 miles",United States,Flatbed Trucks,Ford F-550,https://www.mascus.com/transportation/flatbed-dropside-trucks/ford-f-550/dqeset3n.html
Isuzu NPRXD,Company,2020,"109,537 miles",United States,Reefer Trucks,Isuzu NPRXD,https://www.mascus.com/transportation/temperature-controlled-trucks/isuzu-nprxd/fu5m9iah.html
Howo Hanjiang,Company,2024,,China,Skip loader trucks,Howo Hanjiang,https://www.mascus.com/transportation/skip-loader-trucks/howo-hanjiang/eren8s4h.html
Volvo VAH,Company,,,,,,https://www.mascus.com/transportation/vehicle-transporters/volvo-vah/ejfmcq3n.html
Nissan NT400 CERRADO CON TRAMPILLA **POCOS KILOMETROS**,Company,2017,"50,952 miles",Spain,Flatbed Trucks,Nissan NT400 CERRADO CON TRAMPILLA **POCOS KILOMETROS**,https://www.mascus.com/transportation/flatbed-dropside-trucks/nissan-nt400-cerrado-con-trampilla-pocos-kilometros/4rgsfihj.html
"Mercedes-Benz Atego 1323 A 4x4, Heckkran Hiab 055 B-2 CL, 2x AHK",Company,2015,"83,360 miles",Germany,Flatbed Trucks,"Mercedes-Benz Atego 1323 A 4x4, Heckkran Hiab 055 B-2 CL, 2x AHK",https://www.mascus.com/transportation/flatbed-dropside-trucks/mercedes-benz-atego-1323-a-4x4-heckkran-hiab-055-b-2-cl-2x-ahk/9ocqbkii.html
Isuzu NRR-3V454,Company,2026,5 miles,United States,Cab & Chassis Trucks,Isuzu NRR-3V454,https://www.mascus.com/transportation/chassis-cab-trucks/isuzu-nrr-3v454/bq4ufsft.html
"Mercedes-Benz 2546 L Actros, Palfinger P20A, Retarder, 50tkm",Company,2023,,Germany,Hook lift trucks,"Mercedes-Benz 2546 L Actros, Palfinger P20A, Retarder, 50tkm",https://www.mascus.com/transportation/hook-lift-trucks/mercedes-benz-2546-l-actros-palfinger-p20a-retarder-50tkm/8f7pag6p.html
Opel Movano,Company,2020,"172,120 miles",Hungary,Other Trucks,Opel Movano,https://www.mascus.com/transportation/other-trucks/opel-movano/hqdgirfj.html
DAF LF 250,Company,2016,"227,350 miles",Netherlands,Box trucks,DAF LF 250,https://www.mascus.com/transportation/box-body-trucks/daf-lf-250/7kajhm4g.html
DAF CF85.410,Company,2008,"107,508 miles",France,Skip loader trucks,DAF CF85.410,https://www.mascus.com/transportation/skip-loader-trucks/daf-cf85-410/hign5ufo.html
Mack CH613,Company,1995,"374,200 miles",United States,Other Trucks,Mack CH613,https://www.mascus.com/transportation/other-trucks/mack-ch613/4jfg3i9k.html
Freightliner M2-106 **L9 Cummins 270hp** 26' Box Truck With Lif,Company,2019,"127,533 miles",United States,Box trucks,Freightliner M2-106 **L9 Cummins 270hp** 26' Box Truck With Lif,https://www.mascus.com/transportation/box-body-trucks/freightliner-m2-106-l9-cummins-270hp-26-box-truck-with-lif/7i8uiffr.html
MAN TGS 26.440 6X2-4 Kran HMF 3220 Bis 29 Meter,Company,2016,"245,752 miles",Germany,Boom / Crane / Bucket Trucks,MAN TGS 26.440 6X2-4 Kran HMF 3220 bis 29 Meter,https://www.mascus.com/transportation/crane-trucks/man-tgs-26-440-6x2-4-kran-hmf-3220-bis-29-meter/9l3j8k5j.html
Freightliner M2 106,Company,2017,"125,247 miles",Canada,Reefer Trucks,Freightliner M2 106,https://www.mascus.com/transportation/temperature-controlled-trucks/freightliner-m2-106/dtfk6rfr.html
Hino FM8JLTD,Company,2016,,Colombia,Other Trucks,Hino FM8JLTD,https://www.mascus.com/transportation/other-trucks/hino-fm8jltd/4f6s9m5t.html
Hino 268,Company,2018,"362,277 miles",United States,Box trucks,Hino 268,https://www.mascus.com/transportation/box-body-trucks/hino-268/hl5gdt6g.html
Ford F-350,Company,2006,"144,000 miles",United States,Flatbed Trucks,Ford F-350,https://www.mascus.com/transportation/flatbed-dropside-trucks/ford-f-350/7qdh5sem.html
International Terrastar,Company,2015,,Canada,Flatbed Trucks,International Terrastar,https://www.mascus.com/transportation/flatbed-dropside-trucks/international-terrastar/3ubtdhbh.html
Scania R450 6X2 20tons VDL S-20-6400 Contaienrsystem Reta,Company,2016,"628,744 miles",Netherlands,Hook lift trucks,Scania R450 6X2 20tons VDL S-20-6400 Contaienrsystem Reta,https://www.mascus.com/transportation/hook-lift-trucks/scania-r450-6x2-20tons-vdl-s-20-6400-contaienrsystem-reta/hfat3lgt.html
Freightliner M2106,Company,,,,,,https://www.mascus.com/transportation/box-body-trucks/freightliner-m2106/3u8oar4t.html
Sterling LT9500,Company,2007,"570,832 miles",Canada,Dump Trucks,Sterling LT9500,https://www.mascus.com/transportation/tipper-trucks/sterling-lt9500/ekcodtaf.html
Iveco T-Way AD410T43H AT Tire Handler Crane Truck,Company,,,Netherlands,Other Trucks,Iveco T-Way AD410T43H AT Tire Handler Crane Truck,https://www.mascus.com/transportation/other-trucks/iveco-t-way-ad410t43h-at-tire-handler-crane-truck/hobj7pgi.html
Freightliner M2 106,Company,2007,"233,597 miles",United States,Flatbed Trucks,Freightliner M2 106,https://www.mascus.com/transportation/flatbed-dropside-trucks/freightliner-m2-106/ar9jgmhn.html
MAN TGS 28.400 BL 6x4-4 / PK12002/ PALIFT/Winterdienst,Company,2008,"115,264 miles",Austria,Boom / Crane / Bucket Trucks,MAN TGS 28.400 BL 6x4-4 / PK12002/ PALIFT/Winterdienst,https://www.mascus.com/transportation/crane-trucks/man-tgs-28-400-bl-6x4-4-pk12002-palift-winterdienst/iofiip8s.html
Hino 268,Company,2019,"102,002 miles",United States,Box trucks,Hino 268,https://www.mascus.com/transportation/box-body-trucks/hino-268/io9p4rdi.html
Iveco ML 160 210 E6 4x2 ACC Oprijwagen / Machine Transpo,Company,2019,"55,433 miles",Netherlands,Car Haulers,Iveco ML 160 210 E6 4x2 ACC Oprijwagen / Machine transpo,https://www.mascus.com/transportation/vehicle-transporters/iveco-ml-160-210-e6-4x2-acc-oprijwagen-machine-transpo/cuim4scn.html
Scania R450 L 8x4 Fassi F 660 RA 2.28 HE/ Winde/ Funk,Company,2016,"173,834 miles",Germany,Boom / Crane / Bucket Trucks,Scania R450 L 8x4 Fassi F 660 RA 2.28 HE/ Winde/ Funk,https://www.mascus.com/transportation/crane-trucks/scania-r450-l-8x4-fassi-f-660-ra-2-28-he-winde-funk/gg9h6kdf.html
DAF XF 450 6x2 Oprijwagen Vloerhoogte 100 Cm + 2x Bed,Company,2021,"330,569 miles",Netherlands,Car Haulers,DAF XF 450 6x2 Oprijwagen vloerhoogte 100 cm + 2x bed,https://www.mascus.com/transportation/vehicle-transporters/daf-xf-450-6x2-oprijwagen-vloerhoogte-100-cm-2x-bed/at5q7fho.html
Mercedes-Benz ACTROS 1841 // CUVE 14000 L + 5 COMP,Company,2008,"422,069 miles",Belgium,Tank Trucks,Mercedes-Benz ACTROS 1841 // CUVE 14000 L + 5 COMP,https://www.mascus.com/transportation/tank-trucks/mercedes-benz-actros-1841-cuve-14000-l-5-comp/gm5udq9r.html
Mercedes-Benz Atego 1324 L Glaswand Heckkran PK10002 SH Funk,Company,2022,"66,403 miles",Germany,Other Trucks,Mercedes-Benz Atego 1324 L Glaswand Heckkran PK10002 SH Funk,https://www.mascus.com/transportation/other-trucks/mercedes-benz-atego-1324-l-glaswand-heckkran-pk10002-sh-funk/iqfj3mht.html
MAN TGX / 18.470 / E 6 / GM / ZESTAW PRZEJAZDOWY 120 M,Company,,"254,762 miles",Hungary,Curtain Side Trucks,MAN TGX / 18.470 / E 6 / GM / ZESTAW PRZEJAZDOWY 120 M,https://www.mascus.com/transportation/curtainsider-trucks/man-tgx-18-470-e-6-gm-zestaw-przejazdowy-120-m/6m5r5rbq.html
"Renault Midlum 220 EURO 3, Manual Transmission, Leaf Sprin",Company,2002,"144,779 miles",Netherlands,Dump Trucks,"Renault Midlum 220 EURO 3, Manual transmission, Leaf sprin",https://www.mascus.com/transportation/tipper-trucks/renault-midlum-220-euro-3-manual-transmission-leaf-sprin/9l5ngr4h.html
Isuzu NQR,Company,2007,"260,838 miles",Australia,Reefer Trucks,Isuzu NQR,https://www.mascus.com/transportation/temperature-controlled-trucks/isuzu-nqr/6jeh7fbg.html
DAF XF 105.460 6x2 Hook Lift Meiller RK 20.70,Company,2013,"184,547 miles",Hungary,Hook lift trucks,DAF XF 105.460 6x2 Hook Lift Meiller RK 20.70,https://www.mascus.com/transportation/hook-lift-trucks/daf-xf-105-460-6x2-hook-lift-meiller-rk-20-70/9faqan6r.html
Peterbilt 567,Company,2027,,United States,Dump Trucks,Peterbilt 567,https://www.mascus.com/transportation/tipper-trucks/peterbilt-567/fthu3pbi.html
International 4300SBA,Company,2015,"126,211 miles",Canada,Dump Trucks,International 4300SBA,https://www.mascus.com/transportation/tipper-trucks/international-4300sba/bgff6p8l.html
International MV607,Company,2020,"206,000 miles",United States,Other Trucks,International MV607,https://www.mascus.com/transportation/other-trucks/international-mv607/7iajisbi.html
Scania R580 Tridem Truck,Company,2017,,Sweden,Hook lift trucks,Scania R580 Tridem Truck,https://www.mascus.com/transportation/hook-lift-trucks/scania-r580-tridem-truck/3h5q9h6f.html
Volvo TRUCK VNR64T300,Company,2023,"94,145 miles",United States,Other Trucks,Volvo TRUCK VNR64T300,https://www.mascus.com/transportation/other-trucks/volvo-truck-vnr64t300/dn6q5lam.html
Freightliner M2106,Company,2021,"218,052 miles",United States,Box trucks,Freightliner M2106,https://www.mascus.com/transportation/box-body-trucks/freightliner-m2106/gtephkbm.html
Mercedes-Benz Actros,Company,2015,"118,060 miles",Finland,Box trucks,Mercedes-Benz Actros,https://www.mascus.com/transportation/box-body-trucks/mercedes-benz-actros/et6sej6f.html
Volvo FL 210 4x2 BOX L=8764,Company,2021,"82,058 miles",Estonia,Box trucks,Volvo FL 210 4x2 BOX L=8764,https://www.mascus.com/transportation/box-body-trucks/volvo-fl-210-4x2-box-l-8764/7oglepal.html
Mercedes-Benz Actros 2641 6x4 Fassi 150-4,Company,2005,"405,755 miles",Switzerland,Boom / Crane / Bucket Trucks,Mercedes-Benz Actros 2641 6x4 Fassi 150-4,https://www.mascus.com/transportation/crane-trucks/mercedes-benz-actros-2641-6x4-fassi-150-4/3h8h3his.html
Volvo FH12,Company,2000,"795,809 miles",France,Cab & Chassis Trucks,Volvo FH12,https://www.mascus.com/transportation/chassis-cab-trucks/volvo-fh12/enfjaf8g.html
Howo 371 6x4,Company,2025,"4,039 miles",China,Dump Trucks,Howo 371 6x4,https://www.mascus.com/transportation/tipper-trucks/howo-371-6x4/5jbu5teg.html
Isuzu GAS NPRGASHD,Company,2026,,United States,Other Trucks,Isuzu GAS NPRGASHD,https://www.mascus.com/transportation/other-trucks/isuzu-gas-nprgashd/3lbh5teh.html
Freightliner 114SD,Company,2027,,United States,Demountable Trucks,Freightliner 114SD,https://www.mascus.com/transportation/demountables-trucks/freightliner-114sd/6n9r6iaj.html
Ford F-350,Company,2017,,United States,Flatbed Trucks,Ford F-350,https://www.mascus.com/transportation/flatbed-dropside-trucks/ford-f-350/8pco8ncl.html
Renault C 430 8X4 9m3 Stetter Mixer Steel Suspension Autom,Company,2016,"119,450 miles",Netherlands,Concrete Trucks,Renault C 430 8X4 9m3 Stetter Mixer Steel suspension Autom,https://www.mascus.com/transportation/concrete-trucks/renault-c-430-8x4-9m3-stetter-mixer-steel-suspension-autom/9l5rdf4l.html
Mercedes-Benz ACTROS 2636 K - PK 16502,Company,2007,"79,229 miles",Belgium,Dump Trucks,Mercedes-Benz ACTROS 2636 K - PK 16502,https://www.mascus.com/transportation/tipper-trucks/mercedes-benz-actros-2636-k-pk-16502/4m6i9jdr.html
"Renault Premium 320 *KIPPER 6,30m+HIAB 122B-2 DUO",Company,2006,"282,102 miles",Poland,Dump Trucks,"Renault Premium 320 *KIPPER 6,30m+HIAB 122B-2 DUO",https://www.mascus.com/transportation/tipper-trucks/renault-premium-320-kipper-6-30m-hiab-122b-2-duo/3m7ndq3m.html
Scania R730,Company,2016,"541,836 miles",Finland,Dump Trucks,Scania R730,https://www.mascus.com/transportation/tipper-trucks/scania-r730/bg5q4gin.html
Renault Midlum 180,Company,2001,"218,493 miles",Germany,Tank Trucks,Renault Midlum 180,https://www.mascus.com/transportation/tank-trucks/renault-midlum-180/enelfg8o.html
Sterling L8511,Company,1999,"500,001 miles",United States,Dump Trucks,Sterling L8511,https://www.mascus.com/transportation/tipper-trucks/sterling-l8511/ghakeh3k.html
Scania S650 6x2 Box Truck W/ Ekeri 4 Axle Box Trailer W/,Company,2018,"431,876 miles",Norway,Box trucks,Scania S650 6x2 box truck w/ Ekeri 4 axle box trailer w/,https://www.mascus.com/transportation/box-body-trucks/scania-s650-6x2-box-truck-w-ekeri-4-axle-box-trailer-w/4fim4gak.html
Volvo FE 280 6X2 21tons Hiab XR21S56S Hooklift Lift+stee,Company,2007,"277,036 miles",Netherlands,Hook lift trucks,Volvo FE 280 6X2 21tons Hiab XR21S56S hooklift Lift+stee,https://www.mascus.com/transportation/hook-lift-trucks/volvo-fe-280-6x2-21tons-hiab-xr21s56s-hooklift-lift-stee/ahfueibo.html
Mack GR64B,Company,2027,"1,130 miles",United States,Other Trucks,Mack GR64B,https://www.mascus.com/transportation/other-trucks/mack-gr64b/3fgqercu.html
International 4300,Company,2018,"529,501 miles",United States,Box trucks,International 4300,https://www.mascus.com/transportation/box-body-trucks/international-4300/3hdqfrfm.html
Mercedes-Benz Axor 3243 + 8X4 + MANUAL + SPRING,Company,2008,"306,281 miles",Netherlands,Dump Trucks,Mercedes-Benz Axor 3243 + 8X4 + MANUAL + SPRING,https://www.mascus.com/transportation/tipper-trucks/mercedes-benz-axor-3243-8x4-manual-spring/7u8s8k7q.html
MAN TGA 28.430,Company,2006,"321,261 miles",Netherlands,Cab & Chassis Trucks,MAN TGA 28.430,https://www.mascus.com/transportation/chassis-cab-trucks/man-tga-28-430/6t6u9pii.html
Freightliner M2 112,Company,2019,,United States,Flatbed Trucks,Freightliner M2 112,https://www.mascus.com/transportation/flatbed-dropside-trucks/freightliner-m2-112/aoerii6l.html
Volvo FE320 6x2/4 Day Cab Euro5 - Hiab Hooklift 21T + Hi,Company,2009,"44,481 miles",Netherlands,Hook lift trucks,Volvo FE320 6x2/4 Day Cab Euro5 - Hiab Hooklift 21T + Hi,https://www.mascus.com/transportation/hook-lift-trucks/volvo-fe320-6x2-4-day-cab-euro5-hiab-hooklift-21t-hi/cuas4g7r.html
Polar Pneumatic Tanker,Company,2012,,United States,Other Trucks,Polar Pneumatic Tanker,https://www.mascus.com/transportation/other-trucks/polar-pneumatic-tanker/cu7mduho.html
International 4300,Company,2016,"121,312 miles",United States,Boom / Crane / Bucket Trucks,International 4300,https://www.mascus.com/transportation/crane-trucks/international-4300/4uhibl5o.html
"Mercedes-Benz Antos, 2546, Getränke, LBW, Lift-Lenkachse",Company,2018,"197,910 miles",Germany,Beverage Trucks,"Mercedes-Benz Antos, 2546, Getränke, LBW, Lift-Lenkachse",https://www.mascus.com/transportation/beverage-delivery-trucks/mercedes-benz-antos-2546-getranke-lbw-lift-lenkachse/hq4thsbg.html
Scania R470 Asphalt Truck WATCH VIDEO,Company,2006,"355,424 miles",Norway,Dump Trucks,Scania R470 Asphalt Truck WATCH VIDEO,https://www.mascus.com/transportation/tipper-trucks/scania-r470-asphalt-truck-watch-video/7tbqfm9u.html
Nissan Interstar L3H1 Kofferaufbau,Company,2023,311 miles,Germany,Box trucks,Nissan Interstar L3H1 Kofferaufbau,https://www.mascus.com/transportation/box-body-trucks/nissan-interstar-l3h1-kofferaufbau/hi3ldrcl.html
"Fiat Ducato Furgon Blaszak L4H2 Salon PL, Jeden Właścic",Company,2020,"170,256 miles",Hungary,Other Trucks,"Fiat Ducato Furgon Blaszak L4H2 Salon PL, Jeden Właścic",https://www.mascus.com/transportation/other-trucks/fiat-ducato-furgon-blaszak-l4h2-salon-pl-jeden-wlascic/gs8g8idn.html
Unimog Typ 2010,Company,1954,,Norway,Other Trucks,Unimog Typ 2010,https://www.mascus.com/transportation/other-trucks/unimog-typ-2010/4i5i9i7j.html
Iveco Eurocargo 120E22 / Bootstransport / YACHT,Company,2010,"268,227 miles",Germany,Cab & Chassis Trucks,Iveco Eurocargo 120E22 / Bootstransport / YACHT,https://www.mascus.com/transportation/chassis-cab-trucks/iveco-eurocargo-120e22-bootstransport-yacht/fiikffhk.html
Isuzu GAS NRRGAS,Company,2026,,United States,Other Trucks,Isuzu GAS NRRGAS,https://www.mascus.com/transportation/other-trucks/isuzu-gas-nrrgas/auakgteu.html
Volvo FL 240 4x2,Company,2014,"275,267 miles",Finland,Box trucks,Volvo FL 240 4x2,https://www.mascus.com/transportation/box-body-trucks/volvo-fl-240-4x2/7h7khicu.html
Ford F-550,Company,2008,,United States,Other Trucks,Ford F-550,https://www.mascus.com/transportation/other-trucks/ford-f-550/ireidggf.html
Iveco AD430T,Company,2016,"115,145 miles",France,Boom / Crane / Bucket Trucks,Iveco AD430T,https://www.mascus.com/transportation/crane-trucks/iveco-ad430t/ek7hin7g.html
MAN TGM 26.290 6X2*4,Company,,"386,040 miles",Serbia,Reefer Trucks,MAN TGM 26.290 6X2*4,https://www.mascus.com/transportation/temperature-controlled-trucks/man-tgm-26-290-6x2-4/3l5qgm4m.html
Mercedes-Benz ACTROS 4140 8X4 MULDA TIPPER - EPS,Company,2003,"366,609 miles",Slovenia,Dump Trucks,Mercedes-Benz ACTROS 4140 8X4 MULDA TIPPER - EPS,https://www.mascus.com/transportation/tipper-trucks/mercedes-benz-actros-4140-8x4-mulda-tipper-eps/8h4ohmht.html
Volkswagen Crafter Crane,Company,2010,"89,477 miles",Estonia,Flatbed Trucks,Volkswagen Crafter Crane,https://www.mascus.com/transportation/flatbed-dropside-trucks/volkswagen-crafter-crane/3pao5q7i.html
Peterbilt 567,Company,2025,"27,680 miles",United States,Dump Trucks,Peterbilt 567,https://www.mascus.com/transportation/tipper-trucks/peterbilt-567/ch4m6q6i.html
Renault D210 12T / Bitemperature Refrigerator / 90 Tho.Km,Company,2021,"55,923 miles",Poland,Reefer Trucks,Renault D210 12T / Bitemperature Refrigerator / 90 tho.km,https://www.mascus.com/transportation/temperature-controlled-trucks/renault-d210-12t-bitemperature-refrigerator-90-tho-km/6g9qgm5f.html
Mack MR688S,Company,2006,,United States,Concrete Trucks,Mack MR688S,https://www.mascus.com/transportation/concrete-trucks/mack-mr688s/go3n8lgr.html
Volvo FM 13,Company,2016,"354,181 miles",Finland,Hook lift trucks,Volvo FM 13,https://www.mascus.com/transportation/hook-lift-trucks/volvo-fm-13/dkel4l6f.html
DAF FAN XD 450 Euro 6 Hyva 26 Ton Haakarmsysteem,Company,2026,93 miles,Netherlands,Hook lift trucks,DAF FAN XD 450 Euro 6 Hyva 26 Ton haakarmsysteem,https://www.mascus.com/transportation/hook-lift-trucks/daf-fan-xd-450-euro-6-hyva-26-ton-haakarmsysteem/djig7lat.html
DAF XF106-510,Company,2016,"596,040 miles",Belgium,Hook lift trucks,DAF XF106-510,https://www.mascus.com/transportation/hook-lift-trucks/daf-xf106-510/di5keq3p.html
Dodge Ram 2500,Company,2008,"240,219 miles",United States,Flatbed Trucks,Dodge Ram 2500,https://www.mascus.com/transportation/flatbed-dropside-trucks/dodge-ram-2500/ii7r9ign.html
DAF LF / 210 / ACC / EURO 6 / KONTENER + WINDA / 14 PA,Company,,"211,266 miles",Hungary,Box trucks,DAF LF / 210 / ACC / EURO 6 / KONTENER + WINDA / 14 PA,https://www.mascus.com/transportation/box-body-trucks/daf-lf-210-acc-euro-6-kontener-winda-14-pa/af5k7t6h.html
Mack RB688S,Company,1989,"395,290 miles",United States,Flatbed Trucks,Mack RB688S,https://www.mascus.com/transportation/flatbed-dropside-trucks/mack-rb688s/fl7thhif.html
DAF CF450 6X2 Palfinger T20,Company,2016,"212,944 miles",Germany,Hook lift trucks,DAF CF450 6X2 Palfinger T20,https://www.mascus.com/transportation/hook-lift-trucks/daf-cf450-6x2-palfinger-t20/ekgk9gal.html
Renault MIDLUM 220,Company,2011,"247,470 miles",Netherlands,Tank Trucks,Renault MIDLUM 220,https://www.mascus.com/transportation/tank-trucks/renault-midlum-220/isbf8n9q.html
Polar Pneumatic Tanker,Company,2012,,United States,Other Trucks,Polar Pneumatic Tanker,https://www.mascus.com/transportation/other-trucks/polar-pneumatic-tanker/ajhm3ris.html
DAF LF 290 16T TAILLIFT AIRCO,Company,2022,"116,135 miles",Netherlands,Curtain Side Trucks,DAF LF 290 16T TAILLIFT AIRCO,https://www.mascus.com/transportation/curtainsider-trucks/daf-lf-290-16t-taillift-airco/6sbpgpcn.html
Mercedes-Benz 1224 AF,Company,1995,,Germany,Other Trucks,Mercedes-Benz 1224 AF,https://www.mascus.com/transportation/other-trucks/mercedes-benz-1224-af/iuafgoet.html
Howo NX 371,Company,2023,"5,607 miles",China,Dump Trucks,Howo NX 371,https://www.mascus.com/transportation/tipper-trucks/howo-nx-371/4rbmijef.html
DAF XF 105.410,Company,2011,"505,816 miles",Netherlands,Hook lift trucks,DAF XF 105.410,https://www.mascus.com/transportation/hook-lift-trucks/daf-xf-105-410/gmej4k5o.html
Mercedes-Benz Unimog U 130,Company,1997,"56,208 miles",Austria,Flatbed Trucks,Mercedes-Benz Unimog U 130,https://www.mascus.com/transportation/flatbed-dropside-trucks/mercedes-benz-unimog-u-130/cn7tiogf.html
"LKW Hebebühne MAHA Trucklift 30 Tonnen, Neu",Company,2020,,Germany,Other Trucks,"LKW Hebebühne MAHA Trucklift 30 Tonnen, neu",https://www.mascus.com/transportation/other-trucks/lkw-hebebuhne-maha-trucklift-30-tonnen-neu/8jimcu5p.html
Iveco EUROCARGO / 180-250 / SKRZYNIOWY + HDS / HYVA HC -,Company,,"142,915 miles",Hungary,Flatbed Trucks,Iveco EUROCARGO / 180-250 / SKRZYNIOWY + HDS / HYVA HC -,https://www.mascus.com/transportation/flatbed-dropside-trucks/iveco-eurocargo-180-250-skrzyniowy-hds-hyva-hc/6i4g8i7s.html
GMC Savana G4500,Company,2017,"190,289 miles",United States,Box trucks,GMC Savana G4500,https://www.mascus.com/transportation/box-body-trucks/gmc-savana-g4500/brahdr3l.html
Iveco Trakker AT340T50 8x4 Euro 6 Kipper 16m³,Company,2018,"210,583 miles",Netherlands,Dump Trucks,Iveco Trakker AT340T50 8x4 Euro 6 Kipper 16m³,https://www.mascus.com/transportation/tipper-trucks/iveco-trakker-at340t50-8x4-euro-6-kipper-16m3/4m7fdl8m.html
Renault Master 35 Autotransporter DCi 170 SEILWINDE AHK,Company,2025,186 miles,Germany,Car Haulers,Renault Master 35 Autotransporter DCi 170 SEILWINDE AHK,https://www.mascus.com/transportation/vehicle-transporters/renault-master-35-autotransporter-dci-170-seilwinde-ahk/dnemamat.html
DAF CF85 410,Company,2011,"269,569 miles",France,Dump Trucks,DAF CF85 410,https://www.mascus.com/transportation/tipper-trucks/daf-cf85-410/hleqal6g.html
"DAF XF 460 6x2, EURO 6, Combi, Standairco, 119 M3",Company,2017,"586,885 miles",Netherlands,Curtain Side Trucks,"DAF XF 460 6x2, EURO 6, Combi, Standairco, 119 m3",https://www.mascus.com/transportation/curtainsider-trucks/daf-xf-460-6x2-euro-6-combi-standairco-119-m3/7lhp8s5u.html
"Scania P93 HK 250 6x4L, Abrollkipper",Company,1991,"126,425 miles",Germany,Hook lift trucks,"Scania P93 HK 250 6x4L, Abrollkipper",https://www.mascus.com/transportation/hook-lift-trucks/scania-p93-hk-250-6x4l-abrollkipper/7l6r7siu.html
Scania P500 P 6X2 Full Air Zepro 2500kg Ladebordwand Lift,Company,2019,"263,180 miles",Netherlands,Demountable Trucks,Scania P500 P 6X2 Full Air Zepro 2500kg Ladebordwand Lift,https://www.mascus.com/transportation/demountables-trucks/scania-p500-p-6x2-full-air-zepro-2500kg-ladebordwand-lift/hhbphoeq.html
Manitex 40124SHL,Company,2017,,United States,Boom / Crane / Bucket Trucks,Manitex 40124SHL,https://www.mascus.com/transportation/crane-trucks/manitex-40124shl/3t8pbtem.html
Hino 300 Series,Company,2019,"216,696 miles",Australia,Reefer Trucks,Hino 300 Series,https://www.mascus.com/transportation/temperature-controlled-trucks/hino-300-series/3ogkiiff.html
"Peugeot BOXER / 2,2 HDi / 140 KM / WYWROTKA / 72 000 KM",Company,,"44,739 miles",Hungary,Other Trucks,"Peugeot BOXER / 2,2 HDi / 140 KM / WYWROTKA / 72 000 KM",https://www.mascus.com/transportation/other-trucks/peugeot-boxer-2-2-hdi-140-km-wywrotka-72-000-km/cu6u7j7p.html
"Kran Ladekran Atlas 60.1 - 6,5 / A2 Abrollcontai",Company,1995,"6,214 miles",Germany,Hook lift trucks,"Kran Ladekran Atlas 60.1 - 6,5 / A2 Abrollcontai",https://www.mascus.com/transportation/hook-lift-trucks/kran-ladekran-atlas-60-1-6-5-a2-abrollcontai/7l4ncqgf.html
Mercedes-Benz Atego 1223/LBW/Carrier Supra 850MT/TÜV Bis 08.26,Company,2016,"235,036 miles",Germany,Reefer Trucks,Mercedes-Benz Atego 1223/LBW/Carrier Supra 850MT/TÜV bis 08.26,https://www.mascus.com/transportation/temperature-controlled-trucks/mercedes-benz-atego-1223-lbw-carrier-supra-850mt-tuv-bis-08-26/fjehdmiu.html
RAM 5500 Crew Cab 4x4 Box Truck **Like New!**,Company,2024,"1,827 miles",United States,Box trucks,RAM 5500 Crew Cab 4x4 Box Truck **Like New!**,https://www.mascus.com/transportation/box-body-trucks/ram-5500-crew-cab-4x4-box-truck-like-new/5jdl9h4m.html
Freightliner M2106,Company,2019,"144,082 miles",United States,Box trucks,Freightliner M2106,https://www.mascus.com/transportation/box-body-trucks/freightliner-m2106/dnij5f3q.html
Peterbilt 365,Company,,,,,,https://www.mascus.com/transportation/other-trucks/peterbilt-365/9h5k3s7l.html
Isuzu NPR-1G404,Company,2027,,United States,Cab & Chassis Trucks,Isuzu NPR-1G404,https://www.mascus.com/transportation/chassis-cab-trucks/isuzu-npr-1g404/gncu9gif.html
MAN TGM 18.320 Getränkekoffer Böse LBW 2xAHK,Company,2019,"150,434 miles",Germany,Box trucks,MAN TGM 18.320 Getränkekoffer Böse LBW 2xAHK,https://www.mascus.com/transportation/box-body-trucks/man-tgm-18-320-getrankekoffer-bose-lbw-2xahk/9ogq9sbu.html
Mercedes-Benz Atego 1527 Atego 4X2 JOAB VL8 Skiploader Automatic,Company,2014,"176,272 miles",Netherlands,Skip loader trucks,Mercedes-Benz Atego 1527 Atego 4X2 JOAB VL8 skiploader Automatic,https://www.mascus.com/transportation/skip-loader-trucks/mercedes-benz-atego-1527-atego-4x2-joab-vl8-skiploader-automatic/cn9obkes.html
Volvo FH 440 BAKWAGEN EURO5(2),Company,2007,,Belgium,Box trucks,Volvo FH 440 BAKWAGEN EURO5(2),https://www.mascus.com/transportation/box-body-trucks/volvo-fh-440-bakwagen-euro5-2/htbmindm.html
Volvo Servopump 22204184,Company,,,Sweden,Other Trucks,Volvo servopump 22204184,https://www.mascus.com/transportation/other-trucks/volvo-servopump-22204184/5ihfgrep.html
Scania Original Ljuddämpare 2486680,Company,,,Sweden,Other Trucks,Scania original ljuddämpare 2486680,https://www.mascus.com/transportation/other-trucks/scania-original-ljuddampare-2486680/bldfgr7q.html
MAN TGA 18.360 BL 4x4/HMF 910 K2/Euro 4/Winterdienst,Company,2007,"141,797 miles",Austria,Dump Trucks,MAN TGA 18.360 BL 4x4/HMF 910 K2/Euro 4/Winterdienst,https://www.mascus.com/transportation/tipper-trucks/man-tga-18-360-bl-4x4-hmf-910-k2-euro-4-winterdienst/bsfocg4i.html
Freightliner M2106,Company,2019,"234,453 miles",United States,Box trucks,Freightliner M2106,https://www.mascus.com/transportation/box-body-trucks/freightliner-m2106/7rimaigt.html
Scania R500 NGS XT | 6X4 | 216.000 KM | FULL STEEL | RETA,Company,2018,"134,527 miles",Netherlands,Dump Trucks,Scania R500 NGS XT | 6X4 | 216.000 KM | FULL STEEL | RETA,https://www.mascus.com/transportation/tipper-trucks/scania-r500-ngs-xt-6x4-216-000-km-full-steel-reta/bubn7ihn.html
Volvo L180G Bergs Skopa,Company,,,Sweden,Other Trucks,Volvo L180G bergs skopa,https://www.mascus.com/transportation/other-trucks/volvo-l180g-bergs-skopa/am8jbogn.html
Volvo FH500 8x4,Company,2015,"466,028 miles",Denmark,Demountable Trucks,Volvo FH500 8x4,https://www.mascus.com/transportation/demountables-trucks/volvo-fh500-8x4/cgisipih.html
"Renault Kerax 430 Dxi 6x4, EURO 5, Leaf Spring Suspension,",Company,2012,"169,634 miles",Netherlands,Dump Trucks,"Renault Kerax 430 Dxi 6x4, EURO 5, Leaf spring suspension,",https://www.mascus.com/transportation/tipper-trucks/renault-kerax-430-dxi-6x4-euro-5-leaf-spring-suspension/etfg3l8s.html
"Scania G 480 6x2-4, Lenk-Liftachse, Hiab Kran Funk 166",Company,2012,"272,281 miles",Germany,Hook lift trucks,"Scania G 480 6x2-4, Lenk-Liftachse, Hiab Kran Funk 166",https://www.mascus.com/transportation/hook-lift-trucks/scania-g-480-6x2-4-lenk-liftachse-hiab-kran-funk-166/esag8o8q.html
Opel Movano,Company,2011,"308,212 miles",France,Box trucks,Opel Movano,https://www.mascus.com/transportation/box-body-trucks/opel-movano/bkgr6iaq.html
International MV607,Company,2020,"191,973 miles",United States,Box trucks,International MV607,https://www.mascus.com/transportation/box-body-trucks/international-mv607/7l9r7o7f.html
Mercedes-Benz 2853,Company,2020,"365,763 miles",Sweden,Cab & Chassis Trucks,Mercedes-Benz 2853,https://www.mascus.com/transportation/chassis-cab-trucks/mercedes-benz-2853/ghemhr9j.html
Scania R500 NGS 6x2*4 - HIAB Hooklift 21T - Retarder - St,Company,2018,"348,175 miles",Netherlands,Hook lift trucks,Scania R500 NGS 6x2*4 - HIAB Hooklift 21T - Retarder - St,https://www.mascus.com/transportation/hook-lift-trucks/scania-r500-ngs-6x2-4-hiab-hooklift-21t-retarder-st/9qaugkep.html
Iveco Daily 35C12,Company,2019,"40,204 miles",France,Dump Trucks,Iveco Daily 35C12,https://www.mascus.com/transportation/tipper-trucks/iveco-daily-35c12/9n5rfj5f.html
Freightliner M2,Company,2018,"81,000 miles",United States,Beverage Trucks,Freightliner M2,https://www.mascus.com/transportation/beverage-delivery-trucks/freightliner-m2/af8u7ggk.html
"Iveco Trakker 360 6x4, EURO 6, Palfinger, Remote, Steel",Company,2018,"114,332 miles",Netherlands,Flatbed Trucks,"Iveco Trakker 360 6x4, EURO 6, Palfinger, Remote, Steel",https://www.mascus.com/transportation/flatbed-dropside-trucks/iveco-trakker-360-6x4-euro-6-palfinger-remote-steel/3fgg6p6k.html
Mercedes-Benz Arocs 3243 CIFA MK 32 L / 9 Cbm,Company,2016,"36,040 miles",Poland,Concrete Trucks,Mercedes-Benz Arocs 3243 CIFA MK 32 L / 9 cbm,https://www.mascus.com/transportation/concrete-trucks/mercedes-benz-arocs-3243-cifa-mk-32-l-9-cbm/iqht8p8p.html
MAN TGS 43.510 8X8 Widespread Palfinger Q170Z84TI Kran,Company,2024,"38,747 miles",Netherlands,Dump Trucks,MAN TGS 43.510 8X8 Widespread Palfinger Q170Z84TI Kran,https://www.mascus.com/transportation/tipper-trucks/man-tgs-43-510-8x8-widespread-palfinger-q170z84ti-kran/drcr5r6k.html
Howo 375 6x4,Company,2025,"4,039 miles",China,Dump Trucks,Howo 375 6x4,https://www.mascus.com/transportation/tipper-trucks/howo-375-6x4/9n3i9s5g.html
Freightliner M2112,Company,2007,"285,390 miles",United States,Dump Trucks,Freightliner M2112,https://www.mascus.com/transportation/tipper-trucks/freightliner-m2112/hs4hbt5j.html
Volvo FM 300,Company,2008,"355,329 miles",Sweden,Box trucks,Volvo FM 300,https://www.mascus.com/transportation/box-body-trucks/volvo-fm-300/ifguek3r.html
Freightliner Cascadia 125,Company,2015,,United States,Dump Trucks,Freightliner Cascadia 125,https://www.mascus.com/transportation/tipper-trucks/freightliner-cascadia-125/3ocqbpct.html
Iveco 79-14,Company,1991,"149,129 miles",Poland,Dump Trucks,Iveco 79-14,https://www.mascus.com/transportation/tipper-trucks/iveco-79-14/gs8k8iei.html
Howo 371 6x4,Company,2025,"2,796 miles",China,Dump Trucks,Howo 371 6x4,https://www.mascus.com/transportation/tipper-trucks/howo-371-6x4/bqen3g7p.html
Mack GU813,Company,2013,,United States,Dump Trucks,Mack GU813,https://www.mascus.com/transportation/tipper-trucks/mack-gu813/4rdt3fbl.html
Mercedes-Benz Atego 1224,Company,2013,"341,754 miles",Hungary,Car Haulers,Mercedes-Benz Atego 1224,https://www.mascus.com/transportation/vehicle-transporters/mercedes-benz-atego-1224/3ibhiq7o.html
Ford F-450,Company,2021,"31,590 miles",United States,Flatbed Trucks,Ford F-450,https://www.mascus.com/transportation/flatbed-dropside-trucks/ford-f-450/imbi7nif.html
Kenworth T880,Company,2019,"274,384 miles",United States,Dump Trucks,Kenworth T880,https://www.mascus.com/transportation/tipper-trucks/kenworth-t880/3uei4ugq.html
Mercedes-Benz 2543 6X2 PRTSCHE PLANE LBW BLATT LUFT LENKACHSE,Company,2015,"302,793 miles",Austria,Curtain Side Trucks,Mercedes-Benz 2543 6X2 PRTSCHE PLANE LBW BLATT LUFT LENKACHSE,https://www.mascus.com/transportation/curtainsider-trucks/mercedes-benz-2543-6x2-prtsche-plane-lbw-blatt-luft-lenkachse/6oepeq9u.html
Mercedes-Benz Arocs 3743 Mercedes-Benz Arocs 5 3743 8X4 / Euro6e,Company,2026,,Germany,Concrete Trucks,Mercedes-Benz Arocs 3743 Mercedes-Benz Arocs 5 3743 8X4 / Euro6e,https://www.mascus.com/transportation/concrete-trucks/mercedes-benz-arocs-3743-mercedes-benz-arocs-5-3743-8x4-euro6e/isbmcper.html
Renault Lander 410 6x2 PK20002-6,Company,2009,"256,005 miles",Switzerland,Boom / Crane / Bucket Trucks,Renault Lander 410 6x2 PK20002-6,https://www.mascus.com/transportation/crane-trucks/renault-lander-410-6x2-pk20002-6/af6nfs3p.html
Scania P 280 CNG 4x2,Company,2018,"90,099 miles",Sweden,Box trucks,Scania P 280 CNG 4x2,https://www.mascus.com/transportation/box-body-trucks/scania-p-280-cng-4x2/cg8qagbn.html
International 4300,Company,2019,,United States,Box trucks,International 4300,https://www.mascus.com/transportation/box-body-trucks/international-4300/5nhgfqdh.html
Volvo FM 13,Company,2015,"313,792 miles",Finland,Container Trucks,Volvo FM 13,https://www.mascus.com/transportation/containerframe-trucks/volvo-fm-13/bsdh5pdg.html
MAN HX60 18.330,Company,2007,"1,259 miles",Poland,Other Trucks,MAN HX60 18.330,https://www.mascus.com/transportation/other-trucks/man-hx60-18-330/4g4shfcq.html
DAF 75 ATi 4x4 Raskas Maastohinuri,Company,1994,"157,951 miles",Finland,Car Haulers,DAF 75 ATi 4x4 Raskas maastohinuri,https://www.mascus.com/transportation/vehicle-transporters/daf-75-ati-4x4-raskas-maastohinuri/6p5sdsbo.html
Howo 336 6x4,Company,2025,"4,089 miles",China,Dump Trucks,Howo 336 6x4,https://www.mascus.com/transportation/tipper-trucks/howo-336-6x4/ikclgu7j.html
DAF XF 530 6X2 VDL SVL-20-6000 Hooklift Lift-Axle Auto,Company,2018,"180,915 miles",Netherlands,Hook lift trucks,DAF XF 530 6X2 VDL SVL-20-6000 Hooklift Lift-Axle Auto,https://www.mascus.com/transportation/hook-lift-trucks/daf-xf-530-6x2-vdl-svl-20-6000-hooklift-lift-axle-auto/5q4q6sgm.html
Mercedes-Benz Actros 3341,Company,2010,"181,358 miles",France,Dump Trucks,Mercedes-Benz Actros 3341,https://www.mascus.com/transportation/tipper-trucks/mercedes-benz-actros-3341/er6pfs5p.html
Mitsubishi Fuso 7C18 Tiefkühler Carrier Supra 550,Company,2017,"365,055 miles",Switzerland,Reefer Trucks,Mitsubishi Fuso 7C18 Tiefkühler Carrier Supra 550,https://www.mascus.com/transportation/temperature-controlled-trucks/mitsubishi-fuso-7c18-tiefkuhler-carrier-supra-550/encs9rgo.html
International 4300,Company,2018,"364,388 miles",United States,Box trucks,International 4300,https://www.mascus.com/transportation/box-body-trucks/international-4300/4m5kimbh.html
Iveco Eurocargo 120 E22 // Fassi F80A22 //,Company,2009,"159,692 miles",Denmark,Boom / Crane / Bucket Trucks,Iveco Eurocargo 120 E22 // Fassi F80A22 //,https://www.mascus.com/transportation/crane-trucks/iveco-eurocargo-120-e22-fassi-f80a22/cr7lil4o.html
Scania R500B6x2*4NB / HMF 2110L / SCHWARZMÃœLLER,Company,2023,"24,793 miles",Germany,Flatbed Trucks,Scania R500B6x2*4NB / HMF 2110L / SCHWARZMÃœLLER,https://www.mascus.com/transportation/flatbed-dropside-trucks/scania-r500b6x2-4nb-hmf-2110l-schwarzma%C5%93ller/fqfoaf7k.html
Mercedes-Benz AROCS 1843 4x4,Company,2015,"390,030 miles",Poland,Cab & Chassis Trucks,Mercedes-Benz AROCS 1843 4x4,https://www.mascus.com/transportation/chassis-cab-trucks/mercedes-benz-arocs-1843-4x4/6s8f5fgh.html
Mercedes-Benz 3348 K / 6x4,Company,2019,"139,249 miles",Hungary,Dump Trucks,Mercedes-Benz 3348 K / 6x4,https://www.mascus.com/transportation/tipper-trucks/mercedes-benz-3348-k-6x4/7reu3jas.html
Freightliner Coronado SD 122,Company,2012,,United States,Other Trucks,Freightliner Coronado SD 122,https://www.mascus.com/transportation/other-trucks/freightliner-coronado-sd-122/3f8likif.html
Mercedes-Benz MB ACTROS 2645LS33 FS,Company,2023,"190,779 miles",South Africa,Other Trucks,Mercedes-Benz MB ACTROS 2645LS33 FS,https://www.mascus.com/transportation/other-trucks/mercedes-benz-mb-actros-2645ls33-fs/ak9ifibt.html
Scania R 580 6x4 FOR SALE AS CHASSIS / RETARDER,Company,2015,"648,316 miles",Estonia,Cab & Chassis Trucks,Scania R 580 6x4 FOR SALE AS CHASSIS / RETARDER,https://www.mascus.com/transportation/chassis-cab-trucks/scania-r-580-6x4-for-sale-as-chassis-retarder/4fgrelcp.html
Mercedes-Benz Atego 1223,Company,2014,"205,052 miles",Sweden,Box trucks,Mercedes-Benz Atego 1223,https://www.mascus.com/transportation/box-body-trucks/mercedes-benz-atego-1223/drbo4l4s.html
Renault D18 DTI 280---021,Company,2017,,Spain,Reefer Trucks,Renault D18 DTI 280---021,https://www.mascus.com/transportation/temperature-controlled-trucks/renault-d18-dti-280-021/bm5gff7h.html
Mack GU713,Company,2016,"377,167 miles",United States,Dump Trucks,Mack GU713,https://www.mascus.com/transportation/tipper-trucks/mack-gu713/dpirdpan.html
DAF CF 85.460 8X2 MANUAL COPMA,Company,2008,"273,230 miles",Netherlands,Hook lift trucks,DAF CF 85.460 8X2 MANUAL COPMA,https://www.mascus.com/transportation/hook-lift-trucks/daf-cf-85-460-8x2-manual-copma/dj9oagdr.html
"Iveco EURO CARGO 75E18 * PR.PL * EDSCHA * 2,85 M HOCH",Company,2013,"82,021 miles",Germany,Curtain Side Trucks,"Iveco EURO CARGO 75E18 * PR.PL * EDSCHA * 2,85 M HOCH",https://www.mascus.com/transportation/curtainsider-trucks/iveco-euro-cargo-75e18-pr-pl-edscha-2-85-m-hoch/4n3ohfir.html
Volvo FMX 460,Company,2015,"464,933 miles",Portugal,Cab & Chassis Trucks,Volvo FMX 460,https://www.mascus.com/transportation/chassis-cab-trucks/volvo-fmx-460/8l8q9mfh.html
Mack Pinnacle CXU613,Company,2013,"552,650 miles",United States,Dump Trucks,Mack Pinnacle CXU613,https://www.mascus.com/transportation/tipper-trucks/mack-pinnacle-cxu613/es3k7k4t.html
Scania R450 6x2*4 / LIFT STEERING AXLE / PTO,Company,2016,"575,360 miles",Netherlands,Cab & Chassis Trucks,Scania R450 6x2*4 / LIFT STEERING AXLE / PTO,https://www.mascus.com/transportation/chassis-cab-trucks/scania-r450-6x2-4-lift-steering-axle-pto/4kdh7khs.html
"Scania P 500 8x4/4 Tridem, Vaijeriauto Euro-6",Company,2018,"366,422 miles",Finland,Demountable Trucks,"Scania P 500 8x4/4 tridem, vaijeriauto Euro-6",https://www.mascus.com/transportation/demountables-trucks/scania-p-500-8x4-4-tridem-vaijeriauto-euro-6/8jhu6r5u.html
DAF LF 180 + Euro 6 + Dhollandia Lift + 12t,Company,2014,"278,719 miles",Netherlands,Box trucks,DAF LF 180 + Euro 6 + Dhollandia Lift + 12t,https://www.mascus.com/transportation/box-body-trucks/daf-lf-180-euro-6-dhollandia-lift-12t/hnfscjbq.html
International 4400,Company,2019,"176,985 miles",United States,Flatbed Trucks,International 4400,https://www.mascus.com/transportation/flatbed-dropside-trucks/international-4400/io9masfp.html
Mercedes-Benz ACTROS 2653 6x4 Palfinger PK 34002 SH Crane,Company,2017,"162,844 miles",Poland,Boom / Crane / Bucket Trucks,Mercedes-Benz ACTROS 2653 6x4 Palfinger PK 34002 SH Crane,https://www.mascus.com/transportation/crane-trucks/mercedes-benz-actros-2653-6x4-palfinger-pk-34002-sh-crane/3q3k5h8h.html
Renault C430 DTI11,Company,2020,"97,694 miles",France,Concrete Trucks,Renault C430 DTI11,https://www.mascus.com/transportation/concrete-trucks/renault-c430-dti11/ck3mchhg.html
"Mercedes-Benz ACTROS 2636* KIPPER 5,25 + BORDMATIC / 6x4",Company,,"334,298 miles",Hungary,Dump Trucks,"Mercedes-Benz ACTROS 2636* KIPPER 5,25 + BORDMATIC / 6x4",https://www.mascus.com/transportation/tipper-trucks/mercedes-benz-actros-2636-kipper-5-25-bordmatic-6x4/cnfo4q4h.html
DAF LF 45 .160 + 12T + MANUAL + EURO 5 + 146.974KM!!,Company,2008,"91,325 miles",Netherlands,Car Haulers,DAF LF 45 .160 + 12T + MANUAL + EURO 5 + 146.974KM!!,https://www.mascus.com/transportation/vehicle-transporters/daf-lf-45-160-12t-manual-euro-5-146-974km/6q5rcnen.html
Scania G450,Company,2018,,Sweden,Reefer Trucks,Scania G450,https://www.mascus.com/transportation/temperature-controlled-trucks/scania-g450/6hiu6l9l.html
Freightliner M2 106,Company,2018,"155,334 miles",United States,Box trucks,Freightliner M2 106,https://www.mascus.com/transportation/box-body-trucks/freightliner-m2-106/3q8pijej.html
Magnum T/A Water Tank Trailer,Company,2011,,United States,Other Trucks,Magnum T/A Water Tank Trailer,https://www.mascus.com/transportation/other-trucks/magnum-t-a-water-tank-trailer/4o5qdq4g.html
Mercedes-Benz 2542 Actros 6x2 LBW Retarder,Company,2021,"142,467 miles",Germany,Box trucks,Mercedes-Benz 2542 Actros 6x2 LBW Retarder,https://www.mascus.com/transportation/box-body-trucks/mercedes-benz-2542-actros-6x2-lbw-retarder/ihhj5sik.html
Peterbilt 579,Company,2021,,United States,Dump Trucks,Peterbilt 579,https://www.mascus.com/transportation/tipper-trucks/peterbilt-579/gndo5jht.html
DAF CF 340,Company,2020,"113,080 miles",United Kingdom,Flatbed Trucks,DAF CF 340,https://www.mascus.com/transportation/flatbed-dropside-trucks/daf-cf-340/6ohkhrfp.html
Howo 371 6x4,Company,2024,"4,710 miles",China,Dump Trucks,Howo 371 6x4,https://www.mascus.com/transportation/tipper-trucks/howo-371-6x4/ds6f3t5p.html
Scania S580 V8 NGS Highline 6x2 - BDF - Retarder - Full A,Company,2020,"418,228 miles",Netherlands,Demountable Trucks,Scania S580 V8 NGS Highline 6x2 - BDF - Retarder - Full a,https://www.mascus.com/transportation/demountables-trucks/scania-s580-v8-ngs-highline-6x2-bdf-retarder-full-a/et7g6q8o.html
Chevrolet Express G3500,Company,2024,"47,664 miles",United States,Reefer Trucks,Chevrolet Express G3500,https://www.mascus.com/transportation/temperature-controlled-trucks/chevrolet-express-g3500/fshr5f8k.html
Scania R480 8x4 + Kombi/Imupainesäiliö,Company,2012,"411,330 miles",Finland,Hook lift trucks,Scania R480 8x4 + Kombi/Imupainesäiliö,https://www.mascus.com/transportation/hook-lift-trucks/scania-r480-8x4-kombi-imupainesailio/9tdf5lhr.html
"Iveco Trakker AD340T41B 8x4, Betonmischer Stetter Ca.",Company,2017,"31,376 miles",Germany,Other Trucks,"Iveco Trakker AD340T41B 8x4, Betonmischer Stetter ca.",https://www.mascus.com/transportation/other-trucks/iveco-trakker-ad340t41b-8x4-betonmischer-stetter-ca/apcmck5j.html
Multicar M 27 C M 26 M 30 M 31 Fumo,Company,2012,,Germany,Dump Trucks,Multicar M 27 C M 26 M 30 M 31 Fumo,https://www.mascus.com/transportation/tipper-trucks/multicar-m-27-c-m-26-m-30-m-31-fumo/eh8jghbs.html
"MAN TGS 35.440 8x8 BB, Stahlmulde Ca. 16m³",Company,2016,"196,033 miles",Germany,Other Trucks,"MAN TGS 35.440 8x8 BB, Stahlmulde ca. 16m³",https://www.mascus.com/transportation/other-trucks/man-tgs-35-440-8x8-bb-stahlmulde-ca-16m3/6makishm.html
Freightliner FLD 120,Company,2008,,United States,Concrete Trucks,Freightliner FLD 120,https://www.mascus.com/transportation/concrete-trucks/freightliner-fld-120/3jggdp8r.html
Scania R580 8X4 Effer 2055 BIGCrane,Company,2021,"50,952 miles",Finland,Boom / Crane / Bucket Trucks,Scania R580 8X4 Effer 2055 BIGCrane,https://www.mascus.com/transportation/crane-trucks/scania-r580-8x4-effer-2055-bigcrane/7ufmhker.html
ECIM 1000 L Citerne A Eau 1 Essieu S/A Water Tank,Company,2006,,France,Other Trucks,ECIM 1000 L Citerne A Eau 1 Essieu S/A Water Tank,https://www.mascus.com/transportation/other-trucks/ecim-1000-l-citerne-a-eau-1-essieu-s-a-water-tank/3jhg8h3n.html
Scania P 410 4x2 2-Achs Kipper Meiller Bordmatik,Company,2016,"170,479 miles",Germany,Dump Trucks,Scania P 410 4x2 2-Achs Kipper Meiller Bordmatik,https://www.mascus.com/transportation/tipper-trucks/scania-p-410-4x2-2-achs-kipper-meiller-bordmatik/fm6q5nio.html
Mercedes-Benz Atego 1524 Atego 4X2 Thermo King T-1200R 6-Cylinde,Company,2017,"151,450 miles",Netherlands,Reefer Trucks,Mercedes-Benz Atego 1524 Atego 4X2 Thermo king T-1200R 6-Cylinde,https://www.mascus.com/transportation/temperature-controlled-trucks/mercedes-benz-atego-1524-atego-4x2-thermo-king-t-1200r-6-cylinde/9o3mftdh.html
Western Star 4900SA,Company,2012,70 miles,United States,Dump Trucks,Western Star 4900SA,https://www.mascus.com/transportation/tipper-trucks/western-star-4900sa/5jem8rag.html
MAN TG-S 26.440 BL 6x2 Absetzkipper Meiller Funk,Company,2015,"215,526 miles",Germany,Demountable Trucks,MAN TG-S 26.440 BL 6x2 Absetzkipper Meiller Funk,https://www.mascus.com/transportation/demountables-trucks/man-tg-s-26-440-bl-6x2-absetzkipper-meiller-funk/hhgkfubh.html
Renault PREMIUM 320+HIAB 112+2EXT,Company,2006,"272,208 miles",Belgium,Dump Trucks,Renault PREMIUM 320+HIAB 112+2EXT,https://www.mascus.com/transportation/tipper-trucks/renault-premium-320-hiab-112-2ext/hgdtdr5f.html
Volvo Fh R16 6x4,Company,2012,"748,288 miles",Finland,Log trucks,Volvo Fh R16 6x4,https://www.mascus.com/transportation/timber-trucks/volvo-fh-r16-6x4/4u8o4hgu.html
MAN TGS 26.480 MAN TGS 26.480 6x2 Hiab 228-4 MultiLift,Company,2025,,Germany,Hook lift trucks,MAN TGS 26.480 MAN TGS 26.480 6x2 Hiab 228-4 MultiLift,https://www.mascus.com/transportation/hook-lift-trucks/man-tgs-26-480-man-tgs-26-480-6x2-hiab-228-4-multilift/8neuck3g.html
International 4300,Company,2015,,United States,Box trucks,International 4300,https://www.mascus.com/transportation/box-body-trucks/international-4300/ej4u9m8i.html
Freightliner M2 106,Company,2014,"508,631 miles",United States,Box trucks,Freightliner M2 106,https://www.mascus.com/transportation/box-body-trucks/freightliner-m2-106/4fdq6ihl.html
Scania P 410,Company,2018,"325,229 miles",United Kingdom,Dump Trucks,Scania P 410,https://www.mascus.com/transportation/tipper-trucks/scania-p-410/ht9f9j6m.html
Mercedes-Benz Axor 1829,Company,2012,"49,800 miles",Spain,Tank Trucks,Mercedes-Benz Axor 1829,https://www.mascus.com/transportation/tank-trucks/mercedes-benz-axor-1829/5q8k7s7k.html
Volvo FMX 420 6x2 Euro6 AJK 20T Hook Lift - 9T Front Axl,Company,2015,"271,276 miles",Netherlands,Hook lift trucks,Volvo FMX 420 6x2 Euro6 AJK 20T Hook Lift - 9T Front Axl,https://www.mascus.com/transportation/hook-lift-trucks/volvo-fmx-420-6x2-euro6-ajk-20t-hook-lift-9t-front-axl/fm7o5o7n.html
Battle Motors RAIDER (LET2),Company,2026,,United States,Cab & Chassis Trucks,Battle Motors RAIDER (LET2),https://www.mascus.com/transportation/chassis-cab-trucks/battle-motors-raider-let2/dqhn6r6r.html
Peterbilt 567,Company,2019,"253,067 miles",United States,Dump Trucks,Peterbilt 567,https://www.mascus.com/transportation/tipper-trucks/peterbilt-567/3j4obo8k.html
Renault Kerax 370.19 DXI,Company,2008,"322,001 miles",France,Dump Trucks,Renault Kerax 370.19 DXI,https://www.mascus.com/transportation/tipper-trucks/renault-kerax-370-19-dxi/5qgngt8t.html
"Kenworth T280 26'+3' Attic Moving Body With 3,300lb Liftgat",Company,2023,"56,558 miles",United States,Box trucks,"Kenworth T280 26'+3' Attic Moving Body With 3,300lb Liftgat",https://www.mascus.com/transportation/box-body-trucks/kenworth-t280-26-3-attic-moving-body-with-3-300lb-liftgat/bt4mcubf.html
Mercedes-Benz Arocs 3348,Company,2016,"260,976 miles",Spain,Hook lift trucks,Mercedes-Benz arocs 3348,https://www.mascus.com/transportation/hook-lift-trucks/mercedes-benz-arocs-3348/ei5sdnaf.html
Volvo FM7,Company,1999,,Norway,Other Trucks,Volvo FM7,https://www.mascus.com/transportation/other-trucks/volvo-fm7/fk7pcshp.html
"Volvo FH 500hp Euro5, Tienhoitovarustus, Katsastettu 28.",Company,2010,"506,417 miles",Finland,Dump Trucks,"Volvo FH 500hp Euro5, tienhoitovarustus, katsastettu 28.",https://www.mascus.com/transportation/tipper-trucks/volvo-fh-500hp-euro5-tienhoitovarustus-katsastettu-28/8hdkhkiq.html
Mercedes-Benz Actros 5 S/M 1830 L NR 4x2 Fokor FRC 2-Lämpökori,Company,2021,"219,313 miles",Finland,Reefer Trucks,Mercedes-Benz Actros 5 S/M 1830 L nR 4x2 Fokor FRC 2-lämpökori,https://www.mascus.com/transportation/temperature-controlled-trucks/mercedes-benz-actros-5-s-m-1830-l-nr-4x2-fokor-frc-2-lampokori/asengsei.html
Isuzu NPR-3Y354,Company,2026,,United States,Box trucks,Isuzu NPR-3Y354,https://www.mascus.com/transportation/box-body-trucks/isuzu-npr-3y354/gm6u6u8o.html
Mercedes-Benz Sprinter **413CDI-WINCH+RAMPS**,Company,2004,"122,323 miles",Belgium,Car Haulers,Mercedes-Benz Sprinter **413CDI-WINCH+RAMPS**,https://www.mascus.com/transportation/vehicle-transporters/mercedes-benz-sprinter-413cdi-winch-ramps/ek8thoct.html
Renault C 430 Retarder,Company,2016,"333,176 miles",Portugal,Cab & Chassis Trucks,Renault C 430 Retarder,https://www.mascus.com/transportation/chassis-cab-trucks/renault-c-430-retarder/apdnel6n.html
MAN TGS 26.400 CIFA 35-5 M K35L,Company,2015,"110,604 miles",Poland,Concrete Trucks,MAN TGS 26.400 CIFA 35-5 m K35L,https://www.mascus.com/transportation/concrete-trucks/man-tgs-26-400-cifa-35-5-m-k35l/if8k6has.html
Volvo FM 430 Euro 6 Hyvalift 26 Ton Haakarmsysteem,Company,2026,25 miles,Netherlands,Hook lift trucks,Volvo FM 430 Euro 6 Hyvalift 26 Ton haakarmsysteem,https://www.mascus.com/transportation/hook-lift-trucks/volvo-fm-430-euro-6-hyvalift-26-ton-haakarmsysteem/dg3ndpdf.html
DAF CF 410,Company,2009,"148,362 miles",France,Demountable Trucks,DAF CF 410,https://www.mascus.com/transportation/demountables-trucks/daf-cf-410/dt5ral8t.html
MAN TGS 41.460,Company,2018,"86,821 miles",Poland,Dump Trucks,MAN TGS 41.460,https://www.mascus.com/transportation/tipper-trucks/man-tgs-41-460/fg9lclam.html
Scania P 370,Company,2017,"172,120 miles",United Kingdom,Concrete Trucks,Scania P 370,https://www.mascus.com/transportation/concrete-trucks/scania-p-370/iifr7i4h.html
Isuzu M27 Flatbed,Company,2025,,Hungary,Other Trucks,Isuzu M27 Flatbed,https://www.mascus.com/transportation/other-trucks/isuzu-m27-flatbed/9tbmdtgl.html
Mercedes-Benz Actros 2658 6x4 PK 19001 / RETARDER / BOX L=6628 M,Company,2018,"252,826 miles",Estonia,Boom / Crane / Bucket Trucks,Mercedes-Benz Actros 2658 6x4 PK 19001 / RETARDER / BOX L=6628 m,https://www.mascus.com/transportation/crane-trucks/mercedes-benz-actros-2658-6x4-pk-19001-retarder-box-l-6628-m/9ndrdqfj.html
MAN TGA,Company,2007,"292,044 miles",Poland,Other Trucks,MAN TGA,https://www.mascus.com/transportation/other-trucks/man-tga/5uefaldm.html
Kuorma-Auton Renkaat + Vanteet,Company,,,Finland,Other Trucks,Kuorma-auton renkaat + Vanteet,https://www.mascus.com/transportation/other-trucks/kuorma-auton-renkaat-vanteet/5pcq3mft.html
Peterbilt 567,Company,2026,,United States,Dump Trucks,Peterbilt 567,https://www.mascus.com/transportation/tipper-trucks/peterbilt-567/eparcm6i.html
MAN TGS 43.440 8X8 HAAKSYSTEEM 30 TONS / PALFINGER Q20,Company,2016,"284,588 miles",Netherlands,Hook lift trucks,MAN TGS 43.440 8X8 HAAKSYSTEEM 30 TONS / PALFINGER Q20,https://www.mascus.com/transportation/hook-lift-trucks/man-tgs-43-440-8x8-haaksysteem-30-tons-palfinger-q20/dq3mgkcs.html
Scania R590 Timmerbil 6x4,Company,2026,,Sweden,Log trucks,Scania R590 Timmerbil 6x4,https://www.mascus.com/transportation/timber-trucks/scania-r590-timmerbil-6x4/4iio9mcl.html
Isuzu DIESEL NPR XD,Company,2026,,United States,Other Trucks,Isuzu DIESEL NPR XD,https://www.mascus.com/transportation/other-trucks/isuzu-diesel-npr-xd/ao5h7tgf.html
Chevrolet W4500,Company,2001,,United States,Dump Trucks,Chevrolet W4500,https://www.mascus.com/transportation/tipper-trucks/chevrolet-w4500/8g7h4j9i.html
Freightliner M2 106,Company,2019,"192,449 miles",United States,Curtain Side Trucks,Freightliner M2 106,https://www.mascus.com/transportation/curtainsider-trucks/freightliner-m2-106/3sfkfn8i.html
International 4700,Company,2000,"57,775 miles",United States,Flatbed Trucks,International 4700,https://www.mascus.com/transportation/flatbed-dropside-trucks/international-4700/gn7sgk6q.html
Hino 185,Company,2008,"261,277 miles",Canada,Box trucks,Hino 185,https://www.mascus.com/transportation/box-body-trucks/hino-185/3j5saphn.html
Scania R520 Kranbil Bodbil HIAB 855E-8 HIPRO,Company,2014,,Sweden,Boom / Crane / Bucket Trucks,Scania R520 Kranbil Bodbil HIAB 855E-8 HIPRO,https://www.mascus.com/transportation/crane-trucks/scania-r520-kranbil-bodbil-hiab-855e-8-hipro/8l7tbl6u.html
Ford F500 4x2 Grain Truck,Company,1968,"66,982 miles",United States,Farm and Grain Trucks,Ford F500 4x2 Grain Truck,https://www.mascus.com/transportation/farm---grain-trucks/ford-f500-4x2-grain-truck/fr6k7h5h.html
Freightliner M2 106,Company,2019,"362,180 miles",United States,Curtain Side Trucks,Freightliner M2 106,https://www.mascus.com/transportation/curtainsider-trucks/freightliner-m2-106/cueliidg.html
Mack Granite GU713,Company,2017,,United States,Dump Trucks,Mack Granite GU713,https://www.mascus.com/transportation/tipper-trucks/mack-granite-gu713/9genilar.html
Scania 124C 400 6x6,Company,1997,"56,127 miles",Germany,Cab & Chassis Trucks,Scania 124C 400 6x6,https://www.mascus.com/transportation/chassis-cab-trucks/scania-124c-400-6x6/hl9h9o9t.html
DAF XF 480,Company,2017,"568,554 miles",Poland,Car Haulers,DAF XF 480,https://www.mascus.com/transportation/vehicle-transporters/daf-xf-480/6tatiiij.html
Mercedes-Benz Arocs 3251 8x4 BOX L=6155 Mm,Company,2015,"319,848 miles",Estonia,Dump Trucks,Mercedes-Benz Arocs 3251 8x4 BOX L=6155 mm,https://www.mascus.com/transportation/tipper-trucks/mercedes-benz-arocs-3251-8x4-box-l-6155-mm/7hhnip6h.html
Hino 268,Company,2019,"169,055 miles",United States,Reefer Trucks,Hino 268,https://www.mascus.com/transportation/temperature-controlled-trucks/hino-268/hm7tekgm.html
Iveco DAILY 35S17 Twosided Strickling E5b Vin 4253 VIN 2,Company,2015,"596,923 miles",Slovak Republic,Curtain Side Trucks,Iveco DAILY 35S17 twosided strickling E5b vin 4253 VIN 2,https://www.mascus.com/transportation/curtainsider-trucks/iveco-daily-35s17-twosided-strickling-e5b-vin-4253-vin-2/3i6get7h.html
Gourdon CIT13,Company,2014,,France,Other Trucks,Gourdon CIT13,https://www.mascus.com/transportation/other-trucks/gourdon-cit13/hian3g4f.html
Sterling LT8513,Company,2007,"79,200 miles",United States,Tank Trucks,Sterling LT8513,https://www.mascus.com/transportation/tank-trucks/sterling-lt8513/8ghi6q7u.html
DAF XG 480 6X2 BDF Lift+Steering Axle Automatic Retard,Company,2023,"288,750 miles",Netherlands,Demountable Trucks,DAF XG 480 6X2 BDF Lift+Steering Axle Automatic Retard,https://www.mascus.com/transportation/demountables-trucks/daf-xg-480-6x2-bdf-lift-steering-axle-automatic-retard/dr3rek8j.html
"MAN 8,210",Company,2008,"428,746 miles",Hungary,Car Haulers,"MAN 8,210",https://www.mascus.com/transportation/vehicle-transporters/man-8-210/bghuirhf.html
Mercedes-Benz ACTROS 1845 GIGASPACE * AUTOTRANSPORTER *,Company,2017,"526,923 miles",Germany,Car Haulers,Mercedes-Benz ACTROS 1845 GIGASPACE * AUTOTRANSPORTER *,https://www.mascus.com/transportation/vehicle-transporters/mercedes-benz-actros-1845-gigaspace-autotransporter/6ofqekej.html
Mercedes-Benz Atego 822 + Tail Lift,Company,2012,"279,617 miles",Hungary,Curtain Side Trucks,Mercedes-Benz Atego 822 + Tail Lift,https://www.mascus.com/transportation/curtainsider-trucks/mercedes-benz-atego-822-tail-lift/bg3g6qim.html
Volvo FL612,Company,1995,"98,567 miles",France,Tank Trucks,Volvo FL612,https://www.mascus.com/transportation/tank-trucks/volvo-fl612/es5p8i4o.html
Volvo TRUCK VNL64TV04,Company,2027,,United States,Other Trucks,Volvo TRUCK VNL64TV04,https://www.mascus.com/transportation/other-trucks/volvo-truck-vnl64tv04/cgdi7fdp.html
Scania G490 10x4 Dumper,Company,2017,"321,249 miles",Switzerland,Dump Trucks,Scania G490 10x4 Dumper,https://www.mascus.com/transportation/tipper-trucks/scania-g490-10x4-dumper/4o6qhnag.html
Renault D-Serie,Company,2015,"120,546 miles",Denmark,Flatbed Trucks,Renault D-serie,https://www.mascus.com/transportation/flatbed-dropside-trucks/renault-d-serie/3p9o4fai.html
DAF CF 85.380 + MANUAL + HMF 1680 + HYVA + 6X2,Company,2003,"348,651 miles",Netherlands,Dump Trucks,DAF CF 85.380 + MANUAL + HMF 1680 + HYVA + 6X2,https://www.mascus.com/transportation/tipper-trucks/daf-cf-85-380-manual-hmf-1680-hyva-6x2/dibh4nci.html
"Mercedes-Benz Arocs 1848 K 4x2, Retarder, Kran Palfinger PK",Company,2019,"57,247 miles",Germany,Dump Trucks,"Mercedes-Benz Arocs 1848 K 4x2, Retarder, Kran Palfinger PK",https://www.mascus.com/transportation/tipper-trucks/mercedes-benz-arocs-1848-k-4x2-retarder-kran-palfinger-pk/buffggci.html
"Volkswagen Crafter Pritsche+Plane, TÜV Bis 10/26",Company,2009,"118,705 miles",Germany,Curtain Side Trucks,"Volkswagen Crafter Pritsche+Plane, TÜV bis 10/26",https://www.mascus.com/transportation/curtainsider-trucks/volkswagen-crafter-pritsche-plane-tuv-bis-10-26/3udtfo3o.html
DAF LF310,Company,2014,"498,292 miles",France,Reefer Trucks,DAF LF310,https://www.mascus.com/transportation/temperature-controlled-trucks/daf-lf310/6f8lhi7f.html
Sterling LT9500,Company,2007,,United States,Boom / Crane / Bucket Trucks,Sterling LT9500,https://www.mascus.com/transportation/crane-trucks/sterling-lt9500/4hgs7uio.html
MAN TGA 26.320 6x2/4,Company,2008,,Lithuania,Dump Trucks,MAN TGA 26.320 6x2/4,https://www.mascus.com/transportation/tipper-trucks/man-tga-26-320-6x2-4/fudq4o4i.html
Mercedes-Benz SPRINTER 516 CDI / SPROWADZONY Z FRANCJI /,Company,2019,"114,954 miles",Hungary,Other Trucks,Mercedes-Benz SPRINTER 516 CDI / SPROWADZONY Z FRANCJI /,https://www.mascus.com/transportation/other-trucks/mercedes-benz-sprinter-516-cdi-sprowadzony-z-francji/hqgggk7p.html
Howo 371 6x4,Company,2024,"5,344 miles",China,Dump Trucks,Howo 371 6x4,https://www.mascus.com/transportation/tipper-trucks/howo-371-6x4/3jeghiag.html
Mitsubishi Canter 7/800,Company,2014,"148,220 miles",Australia,Reefer Trucks,Mitsubishi Canter 7/800,https://www.mascus.com/transportation/temperature-controlled-trucks/mitsubishi-canter-7-800/ar3qiiho.html
"Mercedes-Benz 2645 6X4, PALFINGER ABROLLKIPPER, EURO6, PREIS OH",Company,2024,"43,162 miles",Austria,Hook lift trucks,"Mercedes-Benz 2645 6X4, PALFINGER ABROLLKIPPER, EURO6, PREIS OH",https://www.mascus.com/transportation/hook-lift-trucks/mercedes-benz-2645-6x4-palfinger-abrollkipper-euro6-preis-oh/cggg5ign.html
International MV REEFER,Company,2020,"235,931 miles",Canada,Reefer Trucks,International MV REEFER,https://www.mascus.com/transportation/temperature-controlled-trucks/international-mv-reefer/is9g9keg.html
Iveco DAILY 72C18 10P FRC.X ME P/E,Company,2019,"334,919 miles",Spain,Reefer Trucks,Iveco DAILY 72C18 10P FRC.X ME P/E,https://www.mascus.com/transportation/temperature-controlled-trucks/iveco-daily-72c18-10p-frc-x-me-p-e/ah4fhq7g.html
Chevrolet Silverado Crew 2500HD,Company,2012,,United States,Other Trucks,Chevrolet Silverado Crew 2500HD,https://www.mascus.com/transportation/other-trucks/chevrolet-silverado-crew-2500hd/7p6fam5f.html
Peterbilt 567,Company,2026,"1,372 miles",United States,Cab & Chassis Trucks,Peterbilt 567,https://www.mascus.com/transportation/chassis-cab-trucks/peterbilt-567/do4t3u5q.html
Iveco Eurocargo 160E300 4X2 NEW! 16T Chassis 2016 Produc,Company,2017,7 miles,Netherlands,Cab & Chassis Trucks,Iveco Eurocargo 160E300 4X2 NEW! 16T chassis 2016 produc,https://www.mascus.com/transportation/chassis-cab-trucks/iveco-eurocargo-160e300-4x2-new-16t-chassis-2016-produc/eoisikfm.html
Scania P380 P380 4X2 MOTOR KAPOT,Company,2007,"506,563 miles",Netherlands,Flatbed Trucks,Scania P380 P380 4X2 MOTOR KAPOT,https://www.mascus.com/transportation/flatbed-dropside-trucks/scania-p380-p380-4x2-motor-kapot/hjifef8f.html
MAN TGS 26.440 * Abrollkipper * 6x6 * TOPZUSTAND !,Company,,"336,162 miles",Hungary,Hook lift trucks,MAN TGS 26.440 * Abrollkipper * 6x6 * TOPZUSTAND !,https://www.mascus.com/transportation/hook-lift-trucks/man-tgs-26-440-abrollkipper-6x6-topzustand/cperiidn.html
Iveco DAILY 35C15,Company,2013,"356,151 miles",Italy,Reefer Trucks,Iveco DAILY 35C15,https://www.mascus.com/transportation/temperature-controlled-trucks/iveco-daily-35c15/3pghaiif.html
DAF CF 320 **BELGIAN TRUCK-EURO 6**,Company,2017,"616,974 miles",Belgium,Curtain Side Trucks,DAF CF 320 **BELGIAN TRUCK-EURO 6**,https://www.mascus.com/transportation/curtainsider-trucks/daf-cf-320-belgian-truck-euro-6/iqdqdrep.html
MAN TGS 35.540 8X2H-6 BL,Company,2026,,Denmark,Demountable Trucks,MAN TGS 35.540 8X2H-6 BL,https://www.mascus.com/transportation/demountables-trucks/man-tgs-35-540-8x2h-6-bl/fm9rel4t.html
Peterbilt 567,Company,2017,,United States,Dump Trucks,Peterbilt 567,https://www.mascus.com/transportation/tipper-trucks/peterbilt-567/bqgn6nip.html
Volvo FE 320 6x2*4 - Tipper Hardox - Full Air - Steering,Company,2015,"262,482 miles",Netherlands,Dump Trucks,Volvo FE 320 6x2*4 - Tipper Hardox - Full air - Steering,https://www.mascus.com/transportation/tipper-trucks/volvo-fe-320-6x2-4-tipper-hardox-full-air-steering/5r3u7o9g.html
Iveco Eurocargo 160E250 4X2 NEW Chassis 16tons CNG Autom,Company,2026,7 miles,Netherlands,Cab & Chassis Trucks,Iveco Eurocargo 160E250 4X2 NEW Chassis 16tons CNG Autom,https://www.mascus.com/transportation/chassis-cab-trucks/iveco-eurocargo-160e250-4x2-new-chassis-16tons-cng-autom/ek9oelcf.html
MAN TGS 33.440 MAN TGS 33.440 6x6 /Euro6e Mulden-Kippe,Company,2025,,Germany,Dump Trucks,MAN TGS 33.440 MAN TGS 33.440 6x6 /Euro6e Mulden-Kippe,https://www.mascus.com/transportation/tipper-trucks/man-tgs-33-440-man-tgs-33-440-6x6-euro6e-mulden-kippe/5m9k6q5u.html
Scania R580 6X4,Company,2005,"681,492 miles",Finland,Hook lift trucks,Scania R580 6X4,https://www.mascus.com/transportation/hook-lift-trucks/scania-r580-6x4/5tffaj9t.html
Mercedes-Benz 3335 K 8X4 FULL STEEL MAN.,Company,1990,"256,530 miles",Netherlands,Dump Trucks,Mercedes-Benz 3335 K 8X4 FULL STEEL MAN.,https://www.mascus.com/transportation/tipper-trucks/mercedes-benz-3335-k-8x4-full-steel-man/fhbmfhdu.html
Peterbilt 367,Company,2016,"326,000 miles",United States,Dump Trucks,Peterbilt 367,https://www.mascus.com/transportation/tipper-trucks/peterbilt-367/bjhodhdn.html
Howo 400 8x4,Company,2025,"3,107 miles",China,Dump Trucks,Howo 400 8x4,https://www.mascus.com/transportation/tipper-trucks/howo-400-8x4/eleu6obg.html
MAN TGS 18.320,Company,2015,"139,808 miles",Denmark,Cab & Chassis Trucks,MAN TGS 18.320,https://www.mascus.com/transportation/chassis-cab-trucks/man-tgs-18-320/drdh3lcn.html
Mercedes-Benz Actros 3763 8x4,Company,2022,"111,847 miles",Sweden,Hook lift trucks,Mercedes-Benz Actros 3763 8x4,https://www.mascus.com/transportation/hook-lift-trucks/mercedes-benz-actros-3763-8x4/4rhk6uem.html
Scania R 580 6x2*4 FOR SALE AS CHASSIS / 9 TON FRONT AXLE,Company,2015,"489,325 miles",Estonia,Cab & Chassis Trucks,Scania R 580 6x2*4 FOR SALE AS CHASSIS / 9 TON FRONT AXLE,https://www.mascus.com/transportation/chassis-cab-trucks/scania-r-580-6x2-4-for-sale-as-chassis-9-ton-front-axle/aobibqfi.html
Freightliner M2,Company,2019,,United States,Box trucks,Freightliner M2,https://www.mascus.com/transportation/box-body-trucks/freightliner-m2/erbs3q6g.html
Mercedes-Benz ATEGO 816,Company,2018,"274,947 miles",Hungary,Reefer Trucks,Mercedes-Benz ATEGO 816,https://www.mascus.com/transportation/temperature-controlled-trucks/mercedes-benz-atego-816/fq7lgi6l.html
Freightliner M2106,Company,2024,"282,388 miles",United States,Box trucks,Freightliner M2106,https://www.mascus.com/transportation/box-body-trucks/freightliner-m2106/guaq5o6g.html
GMC C60,Company,1984,,United States,Dump Trucks,GMC C60,https://www.mascus.com/transportation/tipper-trucks/gmc-c60/9kip6f7r.html
"Mercedes-Benz U 218 4x4 Winterdienst, Hydrostat, Zapfwelle",Company,2016,"45,941 miles",Germany,Dump Trucks,"Mercedes-Benz U 218 4x4 Winterdienst, Hydrostat, Zapfwelle",https://www.mascus.com/transportation/tipper-trucks/mercedes-benz-u-218-4x4-winterdienst-hydrostat-zapfwelle/4m3i5ibf.html
Nissan CABSTAR 35.12,Company,2015,"18,952 miles",France,Other Trucks,Nissan CABSTAR 35.12,https://www.mascus.com/transportation/other-trucks/nissan-cabstar-35-12/8t4mguan.html
Nissan ATLEON 35.15 ISOTERMO,Company,2009,"138,566 miles",Spain,Reefer Trucks,Nissan ATLEON 35.15 ISOTERMO,https://www.mascus.com/transportation/temperature-controlled-trucks/nissan-atleon-35-15-isotermo/gnhldfgn.html
Sterling Acterra,Company,2005,,United States,Dump Trucks,Sterling Acterra,https://www.mascus.com/transportation/tipper-trucks/sterling-acterra/egfjhnio.html
International MV,Company,2027,,Canada,Cab & Chassis Trucks,International MV,https://www.mascus.com/transportation/chassis-cab-trucks/international-mv/hjinhn3p.html
Volvo FM340 6x2*Überdach*Lift-Lenk*AHK*Klima*LBW,Company,2020,"167,489 miles",Germany,Box trucks,Volvo FM340 6x2*Überdach*Lift-Lenk*AHK*Klima*LBW,https://www.mascus.com/transportation/box-body-trucks/volvo-fm340-6x2-uberdach-lift-lenk-ahk-klima-lbw/6h8kar6r.html
MAN TGS 35.500 | 8X4 | RETARDER | BIG AXLES | FULL STE,Company,2019,"124,669 miles",Netherlands,Dump Trucks,MAN TGS 35.500 | 8X4 | RETARDER | BIG AXLES | FULL STE,https://www.mascus.com/transportation/tipper-trucks/man-tgs-35-500-8x4-retarder-big-axles-full-ste/eu4lem3p.html
Volvo FH500 6x2 EURO 6 SHORT CABIN,Company,2016,,Lithuania,Cab & Chassis Trucks,Volvo FH500 6x2 EURO 6 SHORT CABIN,https://www.mascus.com/transportation/chassis-cab-trucks/volvo-fh500-6x2-euro-6-short-cabin/4h8ldnen.html
Shacman F3000 6x4,Company,2024,"5,282 miles",China,Dump Trucks,Shacman F3000 6x4,https://www.mascus.com/transportation/tipper-trucks/shacman-f3000-6x4/br6jfm9o.html
Volvo FL611,Company,1987,"204,651 miles",Netherlands,Cab & Chassis Trucks,Volvo FL611,https://www.mascus.com/transportation/chassis-cab-trucks/volvo-fl611/3piihn9l.html
Mitsubishi Canter 918,Company,2018,"195,167 miles",Australia,Reefer Trucks,Mitsubishi Canter 918,https://www.mascus.com/transportation/temperature-controlled-trucks/mitsubishi-canter-918/clfpetdo.html
Volvo FH 500 8x2*6 PK 78002 + JIB + WINCH / PLATFORM L=6,Company,2016,"147,866 miles",Estonia,Boom / Crane / Bucket Trucks,Volvo FH 500 8x2*6 PK 78002 + JIB + WINCH / PLATFORM L=6,https://www.mascus.com/transportation/crane-trucks/volvo-fh-500-8x2-6-pk-78002-jib-winch-platform-l-6/aghn6i8g.html
International 4300,Company,2016,,United States,Box trucks,International 4300,https://www.mascus.com/transportation/box-body-trucks/international-4300/grbp4tcj.html
Scania G 480 8x2*6 // HMK Bilcon 24.000 L. //ADR//Euro 5,Company,2011,"455,465 miles",Denmark,Tank Trucks,Scania G 480 8x2*6 // HMK Bilcon 24.000 l. //ADR//Euro 5,https://www.mascus.com/transportation/tank-trucks/scania-g-480-8x2-6-hmk-bilcon-24-000-l-adr-euro-5/5nbrgqas.html
M&G 15 Ft Truck Dump Body,Company,0,,Canada,Dump Trucks,M&G 15 ft Truck Dump Body,https://www.mascus.com/transportation/tipper-trucks/m-g-15-ft-truck-dump-body/4sds6s6o.html
Scania P250 4x2 Carrier Supra 950 Mt. Euro 6,Company,2016,"259,112 miles",Denmark,Reefer Trucks,Scania P250 4x2 Carrier Supra 950 mt. Euro 6,https://www.mascus.com/transportation/temperature-controlled-trucks/scania-p250-4x2-carrier-supra-950-mt-euro-6/dhftdr7j.html
Western Star 4700SB,Company,2014,"70,939 miles",United States,Boom / Crane / Bucket Trucks,Western Star 4700SB,https://www.mascus.com/transportation/crane-trucks/western-star-4700sb/6mht3q9j.html
Chevrolet Express G3500,Company,2024,"31,599 miles",United States,Reefer Trucks,Chevrolet Express G3500,https://www.mascus.com/transportation/temperature-controlled-trucks/chevrolet-express-g3500/6nhtck7n.html
Volvo FH 540 Volvo FH 540 6x4 EPSILON,Company,2025,,Germany,Log trucks,Volvo FH 540 Volvo FH 540 6x4 EPSILON,https://www.mascus.com/transportation/timber-trucks/volvo-fh-540-volvo-fh-540-6x4-epsilon/apgnhjai.html
Volvo FE 320 Multilift 21 Ton Haakarmsysteem Just 192.04,Company,2009,"119,330 miles",Netherlands,Hook lift trucks,Volvo FE 320 Multilift 21 Ton haakarmsysteem Just 192.04,https://www.mascus.com/transportation/hook-lift-trucks/volvo-fe-320-multilift-21-ton-haakarmsysteem-just-192-04/5ibshtgf.html
Iveco Daily 35C,Company,2020,,France,Dump Trucks,Iveco Daily 35C,https://www.mascus.com/transportation/tipper-trucks/iveco-daily-35c/ci9j9l4o.html
Kenworth T300,Company,2007,"339,866 miles",United States,Box trucks,Kenworth T300,https://www.mascus.com/transportation/box-body-trucks/kenworth-t300/frftauck.html
"Aebi Schmidt MT750 4x4, Winterdienstausstattung",Company,2016,"39,022 miles",Germany,Dump Trucks,"Aebi Schmidt MT750 4x4, Winterdienstausstattung",https://www.mascus.com/transportation/tipper-trucks/aebi-schmidt-mt750-4x4-winterdienstausstattung/ejgl5l8o.html
Hino 268,Company,2020,"114,903 miles",United States,Flatbed Trucks,Hino 268,https://www.mascus.com/transportation/flatbed-dropside-trucks/hino-268/6g5rhiao.html
Renault PREMIUM 320 DXI + DHOLLANDIA 1.5T,Company,2012,"405,402 miles",Belgium,Curtain Side Trucks,Renault PREMIUM 320 DXI + DHOLLANDIA 1.5T,https://www.mascus.com/transportation/curtainsider-trucks/renault-premium-320-dxi-dhollandia-1-5t/gp5i5p8j.html
MAN TGA 26.440 6x4H Palfinger PK 29002 Crane Winch,Company,2007,"495,854 miles",Poland,Boom / Crane / Bucket Trucks,MAN TGA 26.440 6x4H Palfinger PK 29002 Crane Winch,https://www.mascus.com/transportation/crane-trucks/man-tga-26-440-6x4h-palfinger-pk-29002-crane-winch/3m6f5feq.html
International 7500,Company,2014,"52,674 miles",United States,Dump Trucks,International 7500,https://www.mascus.com/transportation/tipper-trucks/international-7500/ipei5q7n.html
"MAN TGM 16.250 4x2 BL, Kran Atlas AK 65.2-A2L,",Company,2010,"98,509 miles",Germany,Hook lift trucks,"MAN TGM 16.250 4x2 BL, Kran Atlas AK 65.2-A2L,",https://www.mascus.com/transportation/hook-lift-trucks/man-tgm-16-250-4x2-bl-kran-atlas-ak-65-2-a2l/dgfkbjhg.html
Western Star 4800 SB,Company,2013,"370,578 miles",Canada,Dump Trucks,Western Star 4800 SB,https://www.mascus.com/transportation/tipper-trucks/western-star-4800-sb/8jihdg6m.html
Howo 420,Company,2024,"9,321 miles",China,Dump Trucks,Howo 420,https://www.mascus.com/transportation/tipper-trucks/howo-420/imgmhi7o.html
MAN TGS 41.440,Company,,"227,422 miles",Hungary,Dump Trucks,MAN TGS 41.440,https://www.mascus.com/transportation/tipper-trucks/man-tgs-41-440/8l9jcien.html
Ford F-450,Company,2005,,United States,Flatbed Trucks,Ford F-450,https://www.mascus.com/transportation/flatbed-dropside-trucks/ford-f-450/3i4k3phm.html
Scania R650 V8 6x2 WB 4.95mtr Retarder Full Air,Company,2019,"344,218 miles",Netherlands,Cab & Chassis Trucks,Scania R650 V8 6x2 WB 4.95mtr Retarder Full Air,https://www.mascus.com/transportation/chassis-cab-trucks/scania-r650-v8-6x2-wb-4-95mtr-retarder-full-air/ffdrhoii.html
Ford F-650,Company,2017,,United States,Box trucks,Ford F-650,https://www.mascus.com/transportation/box-body-trucks/ford-f-650/5t6s8p3k.html
MAN TGA 26.360,Company,2008,"369,716 miles",Hungary,Flatbed Trucks,MAN TGA 26.360,https://www.mascus.com/transportation/flatbed-dropside-trucks/man-tga-26-360/cu9l6ibs.html
Heil Pneumatic Tanker,Company,2025,,United States,Other Trucks,Heil Pneumatic Tanker,https://www.mascus.com/transportation/other-trucks/heil-pneumatic-tanker/gl5lemiq.html
International 4300,Company,2008,,United States,Flatbed Trucks,International 4300,https://www.mascus.com/transportation/flatbed-dropside-trucks/international-4300/fqhi5mgm.html
Mercedes-Benz Arocs 4148AK BB 8x8 Kipper 33m³ 3x Vorhanden,Company,2019,"51,881 miles",Germany,Dump Trucks,Mercedes-Benz Arocs 4148AK BB 8x8 Kipper 33m³ 3x Vorhanden,https://www.mascus.com/transportation/tipper-trucks/mercedes-benz-arocs-4148ak-bb-8x8-kipper-33m3-3x-vorhanden/eqaf6q9g.html
Dieci L3500,Company,2021,,Germany,Concrete Trucks,Dieci L3500,https://www.mascus.com/transportation/concrete-trucks/dieci-l3500/8tilhjch.html
International MV607,Company,2020,"183,961 miles",United States,Reefer Trucks,International MV607,https://www.mascus.com/transportation/temperature-controlled-trucks/international-mv607/7jeidu8l.html
MAN TGS 35.420 8X2-6 Haken/ Silo M-TEC HLS 20,Company,2020,"129,059 miles",Germany,Hook lift trucks,MAN TGS 35.420 8X2-6 Haken/ Silo M-TEC HLS 20,https://www.mascus.com/transportation/hook-lift-trucks/man-tgs-35-420-8x2-6-haken-silo-m-tec-hls-20/fg9len9t.html
MAN TGS 18.400 4x4 HIAB 144 E-5 Hipro Crane Kipper,Company,2008,"95,776 miles",Poland,Dump Trucks,MAN TGS 18.400 4x4 HIAB 144 E-5 Hipro Crane Kipper,https://www.mascus.com/transportation/tipper-trucks/man-tgs-18-400-4x4-hiab-144-e-5-hipro-crane-kipper/ap3n3kfj.html
Mercedes-Benz 4153,Company,2018,,Denmark,Boom / Crane / Bucket Trucks,Mercedes-Benz 4153,https://www.mascus.com/transportation/crane-trucks/mercedes-benz-4153/5n3p4o6o.html
Ford F-550,Company,2017,"236,905 miles",United States,Box trucks,Ford F-550,https://www.mascus.com/transportation/box-body-trucks/ford-f-550/gpiscndr.html
Mercedes-Benz Actros 1848 4X2 FMS Truck Transporter Full Air Sus,Company,2018,"627,308 miles",Netherlands,Car Haulers,Mercedes-Benz Actros 1848 4X2 FMS Truck transporter Full Air sus,https://www.mascus.com/transportation/vehicle-transporters/mercedes-benz-actros-1848-4x2-fms-truck-transporter-full-air-sus/5ubh3tbf.html
Scania R 560 LB6X2HSZ - FULL STEEL,Company,2012,"398,330 miles",Estonia,Hook lift trucks,Scania R 560 LB6X2HSZ - FULL STEEL,https://www.mascus.com/transportation/hook-lift-trucks/scania-r-560-lb6x2hsz-full-steel/8helafhl.html
Chevrolet 3500,Company,2017,"66,101 miles",United States,Other Trucks,Chevrolet 3500,https://www.mascus.com/transportation/other-trucks/chevrolet-3500/fu9jcs8t.html
International LT,Company,2020,"589,001 miles",United States,Other Trucks,International LT,https://www.mascus.com/transportation/other-trucks/international-lt/fhitbm6u.html
Mercedes-Benz Arocs 2553 L 6x2 HMF KRAN 2820 JOAB L20,Company,2025,,Sweden,Boom / Crane / Bucket Trucks,Mercedes-Benz Arocs 2553 L 6x2 HMF KRAN 2820 JOAB L20,https://www.mascus.com/transportation/crane-trucks/mercedes-benz-arocs-2553-l-6x2-hmf-kran-2820-joab-l20/3hfjbp9r.html
Peterbilt 348,Company,2018,"47,179 miles",Canada,Boom / Crane / Bucket Trucks,Peterbilt 348,https://www.mascus.com/transportation/crane-trucks/peterbilt-348/6i9gdifu.html
Renault Mascott 150DXi,Company,2009,"180,066 miles",France,Dump Trucks,Renault Mascott 150DXi,https://www.mascus.com/transportation/tipper-trucks/renault-mascott-150dxi/9l4n3pho.html
Volvo FH 13,Company,2019,"683,757 miles",Finland,Cab & Chassis Trucks,Volvo FH 13,https://www.mascus.com/transportation/chassis-cab-trucks/volvo-fh-13/5k6ngm4h.html
MAN TGS 26.330 6X2-4 BL Neu/ New,Company,2026,715 miles,Germany,Cab & Chassis Trucks,MAN TGS 26.330 6X2-4 BL Neu/ New,https://www.mascus.com/transportation/chassis-cab-trucks/man-tgs-26-330-6x2-4-bl-neu-new/hgigfhfh.html
Iveco Eurocargo 120E21 Euro 6 + Lift + Lot In Stock,Company,2018,"377,866 miles",Netherlands,Box trucks,Iveco Eurocargo 120E21 euro 6 + lift + lot in stock,https://www.mascus.com/transportation/box-body-trucks/iveco-eurocargo-120e21-euro-6-lift-lot-in-stock/9lfj5jeh.html
Scania Fäste/Balk 2424803,Company,,,Sweden,Other Trucks,Scania fäste/balk 2424803,https://www.mascus.com/transportation/other-trucks/scania-faste-balk-2424803/aqii4i8r.html
"RAM 3500 Service/Utility, Gas, Auto, 4x4",Company,2023,"5,495 miles",United States,Other Trucks,"RAM 3500 Service/Utility, Gas, Auto, 4x4",https://www.mascus.com/transportation/other-trucks/ram-3500-service-utility-gas-auto-4x4/7peudubp.html
Mercedes-Benz Actros 3348 Kipper 6x4 Manual Gearbox V8 Big Axle',Company,1998,"287,319 miles",Netherlands,Dump Trucks,Mercedes-Benz Actros 3348 Kipper 6x4 Manual Gearbox V8 Big Axle',https://www.mascus.com/transportation/tipper-trucks/mercedes-benz-actros-3348-kipper-6x4-manual-gearbox-v8-big-axle/crhu8l3n.html
Volvo FMX 540 FMX 6X6 6x6 Palfinger Epsilon S260L87 Wood,Company,2023,"22,534 miles",Netherlands,Log trucks,Volvo FMX 540 FMX 6X6 6x6 Palfinger Epsilon S260L87 wood,https://www.mascus.com/transportation/timber-trucks/volvo-fmx-540-fmx-6x6-6x6-palfinger-epsilon-s260l87-wood/hu3oegam.html
Freightliner M2 106,Company,2016,"200,873 miles",United States,Flatbed Trucks,Freightliner M2 106,https://www.mascus.com/transportation/flatbed-dropside-trucks/freightliner-m2-106/cmhi9nir.html
Mercedes-Benz 2533 6X2-4 Køl - Fridge - Kühl,Company,2019,"174,605 miles",Denmark,Reefer Trucks,Mercedes-Benz 2533 6X2-4 Køl - Fridge - Kühl,https://www.mascus.com/transportation/temperature-controlled-trucks/mercedes-benz-2533-6x2-4-kol-fridge-kuhl/bibo9fer.html
MAN TGX 18.400 XLX+HAYON,Company,2021,"96,933 miles",Belgium,Curtain Side Trucks,MAN TGX 18.400 XLX+HAYON,https://www.mascus.com/transportation/curtainsider-trucks/man-tgx-18-400-xlx-hayon/gnhg8j6u.html
MAN TGL 12.190 4X2 Thermo King V-800 MAX Spectrum 1500,Company,2017,"249,060 miles",Netherlands,Reefer Trucks,MAN TGL 12.190 4X2 Thermo King V-800 MAX Spectrum 1500,https://www.mascus.com/transportation/temperature-controlled-trucks/man-tgl-12-190-4x2-thermo-king-v-800-max-spectrum-1500/hliuik7m.html
MAN TGS 41.460,Company,2018,"89,969 miles",Poland,Dump Trucks,MAN TGS 41.460,https://www.mascus.com/transportation/tipper-trucks/man-tgs-41-460/4r4q6h9f.html
Mack CL700,Company,1998,,United States,Dump Trucks,Mack CL700,https://www.mascus.com/transportation/tipper-trucks/mack-cl700/8pbhdtiu.html
Ford F-650,Company,2021,"111,280 miles",Canada,Box trucks,Ford F-650,https://www.mascus.com/transportation/box-body-trucks/ford-f-650/4kdlhugr.html
502 Bad Gateway,,,,,,,https://www.mascus.com/transportation/temperature-controlled-trucks/man-tgl-8-220-manual-euro-6-lift/8i7r8i5o.html
MAN TGA 33.410 BB,Company,2002,"191,260 miles",Belgium,Hook lift trucks,MAN TGA 33.410 BB,https://www.mascus.com/transportation/hook-lift-trucks/man-tga-33-410-bb/8kis7ucp.html
"Mercedes-Benz Actros 2644 6x4, Retarder, Full Steel",Company,2009,"87,303 miles",Germany,Cab & Chassis Trucks,"Mercedes-Benz Actros 2644 6x4, Retarder, Full Steel",https://www.mascus.com/transportation/chassis-cab-trucks/mercedes-benz-actros-2644-6x4-retarder-full-steel/8l5i5tbn.html
Berger M Nosič Kontajnerov VIN 505,Company,2007,,Slovak Republic,Container Trucks,Berger M nosič kontajnerov VIN 505,https://www.mascus.com/transportation/containerframe-trucks/berger-m-nosic-kontajnerov-vin-505/8g7hgofq.html
Mercedes-Benz Atego 1218 LL Pritsche/Plattform|3Sitze*AHK*EUR6,Company,2014,"109,138 miles",Germany,Flatbed Trucks,Mercedes-Benz Atego 1218 LL Pritsche/Plattform|3Sitze*AHK*EUR6,https://www.mascus.com/transportation/flatbed-dropside-trucks/mercedes-benz-atego-1218-ll-pritsche-plattform-3sitze-ahk-eur6/9g8n7q7t.html
Renault 520 Palfinger PK 78002 + Jip PJ170,Company,2025,,Spain,Boom / Crane / Bucket Trucks,Renault 520 Palfinger PK 78002 + jip PJ170,https://www.mascus.com/transportation/crane-trucks/renault-520-palfinger-pk-78002-jip-pj170/cj6q9gio.html
MAN TGS 26.480 MAN TGS 26.480 6x2 Abrollkipper + Kran,Company,2025,,Germany,Hook lift trucks,MAN TGS 26.480 MAN TGS 26.480 6x2 Abrollkipper + Kran,https://www.mascus.com/transportation/hook-lift-trucks/man-tgs-26-480-man-tgs-26-480-6x2-abrollkipper-kran/5h7tes5f.html
MAN TGL / 12.250 / SKRZYNIOWY + HDS / FASSI F 65 / P,Company,2013,"93,206 miles",Poland,Boom / Crane / Bucket Trucks,MAN TGL / 12.250 / SKRZYNIOWY + HDS / FASSI F 65 / P,https://www.mascus.com/transportation/crane-trucks/man-tgl-12-250-skrzyniowy-hds-fassi-f-65-p/gj7qeuco.html
DAF FAS CF 430 Euro 6 VDL 25 Ton Haakarmsysteem,Company,2022,"51,341 miles",Netherlands,Hook lift trucks,DAF FAS CF 430 Euro 6 VDL 25 Ton haakarmsysteem,https://www.mascus.com/transportation/hook-lift-trucks/daf-fas-cf-430-euro-6-vdl-25-ton-haakarmsysteem/7hghggaj.html
Isuzu NQR,Company,2023,"65,100 miles",United States,Box trucks,Isuzu NQR,https://www.mascus.com/transportation/box-body-trucks/isuzu-nqr/9ucn3jfs.html
Scania P 500 6x2*4 9 TON FRONT AXLE / RETARDER,Company,2020,"178,551 miles",Estonia,Cab & Chassis Trucks,Scania P 500 6x2*4 9 TON FRONT AXLE / RETARDER,https://www.mascus.com/transportation/chassis-cab-trucks/scania-p-500-6x2-4-9-ton-front-axle-retarder/as4l5pcm.html
International 4300,Company,2004,,United States,Box trucks,International 4300,https://www.mascus.com/transportation/box-body-trucks/international-4300/7shtbp6s.html
MAN TGS 36.400 8x4 Euro 6 HMF 22 Tonmeter Z-Kraan,Company,2016,"210,371 miles",Netherlands,Dump Trucks,MAN TGS 36.400 8x4 Euro 6 HMF 22 Tonmeter Z-kraan,https://www.mascus.com/transportation/tipper-trucks/man-tgs-36-400-8x4-euro-6-hmf-22-tonmeter-z-kraan/csgmflar.html
Ford Transit FT 460 L / Double Cab / Hiab Crane 026T /,Company,2009,"97,499 miles",Hungary,Flatbed Trucks,Ford Transit FT 460 L / Double Cab / Hiab Crane 026T /,https://www.mascus.com/transportation/flatbed-dropside-trucks/ford-transit-ft-460-l-double-cab-hiab-crane-026t/grhjbniq.html
Mercedes-Benz Atego 1323,Company,2000,"396,530 miles",Netherlands,Tank Trucks,Mercedes-Benz Atego 1323,https://www.mascus.com/transportation/tank-trucks/mercedes-benz-atego-1323/9tis6h4s.html
Scania R 580 LB6X4 HNB Manual 6x4 Full Air,Company,2006,"512,734 miles",Netherlands,Flatbed Trucks,Scania R 580 LB6X4 HNB Manual 6x4 full air,https://www.mascus.com/transportation/flatbed-dropside-trucks/scania-r-580-lb6x4-hnb-manual-6x4-full-air/hicr3maf.html
Freightliner M2-106 Crew Cab Chipper Truck,Company,2020,"11,870 miles",United States,Dump Trucks,Freightliner M2-106 Crew Cab Chipper Truck,https://www.mascus.com/transportation/tipper-trucks/freightliner-m2-106-crew-cab-chipper-truck/9jfobgij.html
MAN TGS 26.440 / Hiab XR21S56 / Hiab 166 D-3,Company,2012,"263,461 miles",Germany,Hook lift trucks,MAN TGS 26.440 / Hiab XR21S56 / Hiab 166 D-3,https://www.mascus.com/transportation/hook-lift-trucks/man-tgs-26-440-hiab-xr21s56-hiab-166-d-3/5nhf7l7k.html
Ford TRANSIT 350 HYBRID,Company,2021,"57,484 miles",Italy,Other Trucks,Ford TRANSIT 350 HYBRID,https://www.mascus.com/transportation/other-trucks/ford-transit-350-hybrid/cn4j7kbp.html
Ford F-750,Company,2013,"55,243 miles",United States,Dump Trucks,Ford F-750,https://www.mascus.com/transportation/tipper-trucks/ford-f-750/9sgjif8o.html
Mercedes-Benz ACTROS 2541 L 6X2,Company,2012,"317,374 miles",Czech Republic,Cab & Chassis Trucks,Mercedes-Benz ACTROS 2541 L 6X2,https://www.mascus.com/transportation/chassis-cab-trucks/mercedes-benz-actros-2541-l-6x2/cs8hbs8o.html
MAN 26.460 TGS MEILLER AK 16 NT,Company,2018,"134,228 miles",Netherlands,Skip loader trucks,MAN 26.460 TGS MEILLER AK 16 NT,https://www.mascus.com/transportation/skip-loader-trucks/man-26-460-tgs-meiller-ak-16-nt/ek9f3o6h.html
Iveco EUROTRAKKER 180EH25 4X4 Chassis,Company,2002,"201,324 miles",Slovenia,Cab & Chassis Trucks,Iveco EUROTRAKKER 180EH25 4X4 chassis,https://www.mascus.com/transportation/chassis-cab-trucks/iveco-eurotrakker-180eh25-4x4-chassis/ahft5tfk.html
Volvo FL 250 4X2 CARGO LOCK DHOLLANDIA 1500 KG,Company,2018,"232,758 miles",Netherlands,Box trucks,Volvo FL 250 4X2 CARGO LOCK DHOLLANDIA 1500 KG,https://www.mascus.com/transportation/box-body-trucks/volvo-fl-250-4x2-cargo-lock-dhollandia-1500-kg/et7l4kgo.html
Scania R500 6x2 Box Truck W/ 2 Temp Refrigerator/Freezer,Company,2012,"332,944 miles",Norway,Box trucks,Scania R500 6x2 box truck w/ 2 temp refrigerator/freezer,https://www.mascus.com/transportation/box-body-trucks/scania-r500-6x2-box-truck-w-2-temp-refrigerator-freezer/9i9tci5i.html
Mercedes-Benz Actros L 2848 6X2 HTS 30 Tons Cable System Lift-Ax,Company,2023,"59,992 miles",Netherlands,Hook lift trucks,Mercedes-Benz Actros L 2848 6X2 HTS 30 tons cable system Lift-Ax,https://www.mascus.com/transportation/hook-lift-trucks/mercedes-benz-actros-l-2848-6x2-hts-30-tons-cable-system-lift-ax/6p6uhlcu.html
Hubiere 500 L Citerne A Eau 1 Essieu S/A Water Tank Traile,Company,0,,France,Other Trucks,Hubiere 500 L Citerne A Eau 1 Essieu S/A Water Tank Traile,https://www.mascus.com/transportation/other-trucks/hubiere-500-l-citerne-a-eau-1-essieu-s-a-water-tank-traile/6ohlhgil.html
Mercedes-Benz Atego 1221 – F-003,Company,2018,,Spain,Box trucks,Mercedes-Benz Atego 1221 – F-003,https://www.mascus.com/transportation/box-body-trucks/mercedes-benz-atego-1221-f-003/fgagfrgr.html
Mercedes-Benz AROCS 2646 963 6x6,Company,2017,"231,771 miles",Poland,Dump Trucks,Mercedes-Benz AROCS 2646 963 6x6,https://www.mascus.com/transportation/tipper-trucks/mercedes-benz-arocs-2646-963-6x6/8hbsgn4r.html
Freightliner M2 106,Company,2019,"282,655 miles",United States,Box trucks,Freightliner M2 106,https://www.mascus.com/transportation/box-body-trucks/freightliner-m2-106/8tdm3ugr.html
Scania R500 6x2 NGS CR20H 25 M3 Silo Euro 6,Company,2020,"412,590 miles",Denmark,Tank Trucks,Scania R500 6x2 NGS CR20H 25 m3 Silo Euro 6,https://www.mascus.com/transportation/tank-trucks/scania-r500-6x2-ngs-cr20h-25-m3-silo-euro-6/di9u9mil.html
International MV,Company,2027,185 miles,Canada,Tank Trucks,International MV,https://www.mascus.com/transportation/tank-trucks/international-mv/fqcuefih.html
Mercedes-Benz Arocs MP5 3353 6X6 BB Holztranspor Kran Penz 12Z,Company,2020,"191,382 miles",Austria,Log trucks,Mercedes-Benz Arocs MP5 3353 6X6 BB Holztranspor Kran Penz 12Z,https://www.mascus.com/transportation/timber-trucks/mercedes-benz-arocs-mp5-3353-6x6-bb-holztranspor-kran-penz-12z/3r3ncuco.html
Freightliner M2 112,Company,2019,"547,762 miles",United States,Reefer Trucks,Freightliner M2 112,https://www.mascus.com/transportation/temperature-controlled-trucks/freightliner-m2-112/hk8k9l4u.html
Peterbilt 567,Company,2026,1 miles,United States,Dump Trucks,Peterbilt 567,https://www.mascus.com/transportation/tipper-trucks/peterbilt-567/fj5q7r7p.html
Scania P,Company,2026,,United Kingdom,Dump Trucks,Scania P,https://www.mascus.com/transportation/tipper-trucks/scania-p/ctfg9tbg.html
Scania R 650 6x4 FOR SALE AS CHASSIS / RETARDER,Company,2019,"500,096 miles",Estonia,Cab & Chassis Trucks,Scania R 650 6x4 FOR SALE AS CHASSIS / RETARDER,https://www.mascus.com/transportation/chassis-cab-trucks/scania-r-650-6x4-for-sale-as-chassis-retarder/5i4u8h3f.html
MAN 27.422 6X6 Rotzler Winde Palfinger Kran,Company,1995,"50,740 miles",Germany,Curtain Side Trucks,MAN 27.422 6X6 Rotzler Winde Palfinger Kran,https://www.mascus.com/transportation/curtainsider-trucks/man-27-422-6x6-rotzler-winde-palfinger-kran/9qgj7fgu.html
MAN TGS 41.440 MAN TGS 41.440 8x4 Abrollkipper + Kran,Company,2025,,Germany,Hook lift trucks,MAN TGS 41.440 MAN TGS 41.440 8x4 Abrollkipper + Kran,https://www.mascus.com/transportation/hook-lift-trucks/man-tgs-41-440-man-tgs-41-440-8x4-abrollkipper-kran/3i9jhk5n.html
"RAM 3500HD Dump Truck, Hemi, Automatic, 4x4",Company,2019,"41,803 miles",United States,Dump Trucks,"RAM 3500HD Dump Truck, Hemi, Automatic, 4x4",https://www.mascus.com/transportation/tipper-trucks/ram-3500hd-dump-truck-hemi-automatic-4x4/cuhu4oft.html
Volvo FM 13 540,Company,2016,"674,993 miles",Finland,Tank Trucks,Volvo FM 13 540,https://www.mascus.com/transportation/tank-trucks/volvo-fm-13-540/fkafdk3o.html
MAN TGM 18.340 4x2 11&Apos;950L,Company,2011,"249,791 miles",Switzerland,Tank Trucks,MAN TGM 18.340 4x2 11'950L,https://www.mascus.com/transportation/tank-trucks/man-tgm-18-340-4x2-11-apos-950l/fughithn.html
Renault MASTER DCI 125,Company,2012,"134,663 miles",France,Dump Trucks,Renault MASTER DCI 125,https://www.mascus.com/transportation/tipper-trucks/renault-master-dci-125/6lgs5g3j.html
Ford F-650,Company,2000,,United States,Flatbed Trucks,Ford F-650,https://www.mascus.com/transportation/flatbed-dropside-trucks/ford-f-650/8qii6j4m.html
MAN TGM 15.250 / Carrier 1150 / Tail Lift,Company,2019,"193,246 miles",Hungary,Reefer Trucks,MAN TGM 15.250 / Carrier 1150 / tail lift,https://www.mascus.com/transportation/temperature-controlled-trucks/man-tgm-15-250-carrier-1150-tail-lift/dkalcq6p.html
Mercedes-Benz Arocs 2651 L 6x4 Palfinger Epsilon TZ12-98,Company,2026,311 miles,Germany,Log trucks,Mercedes-Benz Arocs 2651 L 6x4 Palfinger Epsilon TZ12-98,https://www.mascus.com/transportation/timber-trucks/mercedes-benz-arocs-2651-l-6x4-palfinger-epsilon-tz12-98/ii3tcsaq.html
Mercedes-Benz SPRINTER 516,Company,2015,"183,304 miles",Hungary,Other Trucks,Mercedes-Benz SPRINTER 516,https://www.mascus.com/transportation/other-trucks/mercedes-benz-sprinter-516/info8j7p.html
Iveco Daily 35S14,Company,2019,"235,480 miles",Hungary,Other Trucks,Iveco Daily 35S14,https://www.mascus.com/transportation/other-trucks/iveco-daily-35s14/7hcudn6n.html
Volvo FM12 380,Company,2003,,Portugal,Dump Trucks,Volvo FM12 380,https://www.mascus.com/transportation/tipper-trucks/volvo-fm12-380/ei3g7p3p.html
Ford F 550 XL SD,Company,2022,"24,424 miles",United States,Dump Trucks,Ford F 550 XL SD,https://www.mascus.com/transportation/tipper-trucks/ford-f-550-xl-sd/6r6t5odg.html
Volvo FH750 8x4,Company,2014,"342,997 miles",Finland,Hook lift trucks,Volvo FH750 8x4,https://www.mascus.com/transportation/hook-lift-trucks/volvo-fh750-8x4/hthi5g8o.html
Aumont Benne Ampliroll Truck Dump Body,Company,2001,,France,Dump Trucks,Aumont Benne Ampliroll Truck Dump Body,https://www.mascus.com/transportation/tipper-trucks/aumont-benne-ampliroll-truck-dump-body/4nbk5i9h.html
Fuso Canter 9C18,Company,2019,"164,663 miles",Estonia,Hook lift trucks,Fuso Canter 9C18,https://www.mascus.com/transportation/hook-lift-trucks/fuso-canter-9c18/fuihfibu.html
International HV607 SBA,Company,2022,"16,300 miles",United States,Dump Trucks,International HV607 SBA,https://www.mascus.com/transportation/tipper-trucks/international-hv607-sba/9qbnfm6f.html
Ford F-550,Company,2012,"151,116 miles",United States,Flatbed Trucks,Ford F-550,https://www.mascus.com/transportation/flatbed-dropside-trucks/ford-f-550/eqcj7mfo.html
Mitsubishi Canter,Company,2006,118 miles,United Kingdom,Flatbed Trucks,Mitsubishi Canter,https://www.mascus.com/transportation/flatbed-dropside-trucks/mitsubishi-canter/5kir8m6h.html
"Volvo FM 460 8x4, Liftbare Antriebsachse",Company,2017,"261,616 miles",Germany,Hook lift trucks,"Volvo FM 460 8x4, Liftbare Antriebsachse",https://www.mascus.com/transportation/hook-lift-trucks/volvo-fm-460-8x4-liftbare-antriebsachse/5u3m8k6j.html
Scania P 114 Lastausauto,Company,2000,"268,147 miles",Finland,Boom / Crane / Bucket Trucks,Scania P 114 Lastausauto,https://www.mascus.com/transportation/crane-trucks/scania-p-114-lastausauto/ajdlirdk.html
International 4300,Company,2014,"229,298 miles",United States,Reefer Trucks,International 4300,https://www.mascus.com/transportation/temperature-controlled-trucks/international-4300/do5maoih.html
Mercedes-Benz Antos 2540,Company,2014,"266,623 miles",Germany,Box trucks,Mercedes-Benz Antos 2540,https://www.mascus.com/transportation/box-body-trucks/mercedes-benz-antos-2540/iqeobidt.html
Volvo FL250 42R 4x2 EURO6 + SIDE OPEN BOX,Company,2020,"50,378 miles",Estonia,Box trucks,Volvo FL250 42R 4x2 EURO6 + SIDE OPEN BOX,https://www.mascus.com/transportation/box-body-trucks/volvo-fl250-42r-4x2-euro6-side-open-box/gs8p5r7n.html
MAN TGM 13.250 3-Way Tipper,Company,2011,"97,843 miles",Hungary,Dump Trucks,MAN TGM 13.250 3-way tipper,https://www.mascus.com/transportation/tipper-trucks/man-tgm-13-250-3-way-tipper/5f5jfu6t.html
Volvo FH500 With Narko Trailer,Company,,,Sweden,Box trucks,Volvo FH500 with Narko trailer,https://www.mascus.com/transportation/box-body-trucks/volvo-fh500-with-narko-trailer/em4jgj5u.html
Renault C430.26 6X2,Company,2017,"335,540 miles",Spain,Demountable Trucks,Renault C430.26 6X2,https://www.mascus.com/transportation/demountables-trucks/renault-c430-26-6x2/6lejgudf.html
Mercedes-Benz AROCS 1851 4X4 ATLAS 190 4X HYD,Company,2015,"295,945 miles",Netherlands,Flatbed Trucks,Mercedes-Benz AROCS 1851 4X4 ATLAS 190 4X HYD,https://www.mascus.com/transportation/flatbed-dropside-trucks/mercedes-benz-arocs-1851-4x4-atlas-190-4x-hyd/eicmgkfp.html
DAF CF85 410,Company,2012,"221,346 miles",France,Dump Trucks,DAF CF85 410,https://www.mascus.com/transportation/tipper-trucks/daf-cf85-410/9s4u8ham.html
Volvo FH 8X4,Company,2013,"567,343 miles",Sweden,Dump Trucks,Volvo FH 8X4,https://www.mascus.com/transportation/tipper-trucks/volvo-fh-8x4/7u5o7fik.html
Scania G 500 B8x4HZ Nutzlast/Payload 40t Volume 25mÂ³,Company,2021,"10,315 miles",Germany,Dump Trucks,Scania G 500 B8x4HZ Nutzlast/Payload 40t Volume 25mÂ³,https://www.mascus.com/transportation/tipper-trucks/scania-g-500-b8x4hz-nutzlast-payload-40t-volume-25ma3/aq6riu6f.html
Ford F-450,Company,,,,,,https://www.mascus.com/transportation/flatbed-dropside-trucks/ford-f-450/bq4l9n4u.html
International MV607,Company,2020,"267,074 miles",United States,Box trucks,International MV607,https://www.mascus.com/transportation/box-body-trucks/international-mv607/3o9m9n8q.html
Mercedes-Benz Atego 1321 E6---003,Company,2016,,Spain,Reefer Trucks,Mercedes-Benz Atego 1321 E6---003,https://www.mascus.com/transportation/temperature-controlled-trucks/mercedes-benz-atego-1321-e6-003/9sfo7g8g.html
Hino 268,Company,2019,"228,403 miles",United States,Box trucks,Hino 268,https://www.mascus.com/transportation/box-body-trucks/hino-268/iuco4u8j.html
MAN TGL12.220,Company,2011,"109,711 miles",Belgium,Boom / Crane / Bucket Trucks,MAN TGL12.220,https://www.mascus.com/transportation/crane-trucks/man-tgl12-220/gpdq6idp.html
Mitsubishi Fuso Canter 7C15 Tipper,Company,,"56,457 miles",Hungary,Dump Trucks,Mitsubishi Fuso Canter 7C15 Tipper,https://www.mascus.com/transportation/tipper-trucks/mitsubishi-fuso-canter-7c15-tipper/io9n6u3o.html
Kenworth T 800,Company,1995,"799,000 miles",United States,Dump Trucks,Kenworth T 800,https://www.mascus.com/transportation/tipper-trucks/kenworth-t-800/eu6p8ogo.html
International 4300,Company,2012,"259,007 miles",United States,Box trucks,International 4300,https://www.mascus.com/transportation/box-body-trucks/international-4300/iocnhm9q.html
Mack MD6,Company,2025,10 miles,United States,Dump Trucks,Mack MD6,https://www.mascus.com/transportation/tipper-trucks/mack-md6/djclar8p.html
MAN TGL 8.180 Curtain Side Body With Aluminium Drop Si,Company,2007,"302,667 miles",Netherlands,Box trucks,MAN TGL 8.180 Curtain side body with aluminium drop si,https://www.mascus.com/transportation/box-body-trucks/man-tgl-8-180-curtain-side-body-with-aluminium-drop-si/4r7k7net.html
Volvo FMX 500 FMX13 500 8x4 Euro6e L13 MultiLift 25s61,Company,2026,,Germany,Hook lift trucks,Volvo FMX 500 FMX13 500 8x4 Euro6e L13 MultiLift 25s61,https://www.mascus.com/transportation/hook-lift-trucks/volvo-fmx-500-fmx13-500-8x4-euro6e-l13-multilift-25s61/5mfu4fii.html
Freightliner M2106,Company,2018,"302,786 miles",United States,Box trucks,Freightliner M2106,https://www.mascus.com/transportation/box-body-trucks/freightliner-m2106/9m8sen6u.html
Freightliner M2 112,Company,2013,"285,948 miles",United States,Dump Trucks,Freightliner M2 112,https://www.mascus.com/transportation/tipper-trucks/freightliner-m2-112/hsdf8n5h.html
Heil Pneumatic Tanker,Company,2025,,United States,Other Trucks,Heil Pneumatic Tanker,https://www.mascus.com/transportation/other-trucks/heil-pneumatic-tanker/8sim4pbh.html
Volvo FM340 6x2,Company,2007,"177,401 miles",Finland,Farm and Grain Trucks,Volvo FM340 6x2,https://www.mascus.com/transportation/farm---grain-trucks/volvo-fm340-6x2/3l7o4u5k.html
"Mercedes-Benz Actros 2548 6x2, EURO 6, Lift Roof",Company,2017,"578,496 miles",Netherlands,Curtain Side Trucks,"Mercedes-Benz Actros 2548 6x2, EURO 6, Lift roof",https://www.mascus.com/transportation/curtainsider-trucks/mercedes-benz-actros-2548-6x2-euro-6-lift-roof/eo6ohm7i.html
Volvo FMX 500 8X4,Company,2016,"268,663 miles",Slovak Republic,Dump Trucks,Volvo FMX 500 8X4,https://www.mascus.com/transportation/tipper-trucks/volvo-fmx-500-8x4/ipisfo3u.html
"Volvo FH 460hp Euro6 Koukkuauto 6,1m Laitemitalla, Ohjaa",Company,2017,"279,182 miles",Finland,Hook lift trucks,"Volvo FH 460hp Euro6 koukkuauto 6,1m laitemitalla, ohjaa",https://www.mascus.com/transportation/hook-lift-trucks/volvo-fh-460hp-euro6-koukkuauto-6-1m-laitemitalla-ohjaa/aoegfghm.html
Mercedes-Benz Antos 1827 4X2 GESLOTEN BOX MET KLEP,Company,2016,"512,182 miles",Netherlands,Box trucks,Mercedes-Benz Antos 1827 4X2 GESLOTEN BOX MET KLEP,https://www.mascus.com/transportation/box-body-trucks/mercedes-benz-antos-1827-4x2-gesloten-box-met-klep/hhajit6s.html
Freightliner 108SD,Company,2015,"58,965 miles",United States,Boom / Crane / Bucket Trucks,Freightliner 108SD,https://www.mascus.com/transportation/crane-trucks/freightliner-108sd/9nbn4j7q.html
MAN TGS 26.360*3 KAMMER MIT OBEN UND UNTEN*LENK&Amp;LI,Company,2009,"366,609 miles",Germany,Tank Trucks,MAN TGS 26.360*3 KAMMER MIT OBEN UND UNTEN*LENK&LI,https://www.mascus.com/transportation/tank-trucks/man-tgs-26-360-3-kammer-mit-oben-und-unten-lenk-amp-li/6pcf5i9q.html
Mercedes-Benz Atego 1221 L Pritsche Kran Palf. PK 4200 Funk,Company,2018,"77,433 miles",Germany,Flatbed Trucks,Mercedes-Benz Atego 1221 L Pritsche Kran Palf. PK 4200 Funk,https://www.mascus.com/transportation/flatbed-dropside-trucks/mercedes-benz-atego-1221-l-pritsche-kran-palf-pk-4200-funk/go7niiik.html
Terex FD4000,Company,2019,,United States,Concrete Trucks,Terex FD4000,https://www.mascus.com/transportation/concrete-trucks/terex-fd4000/9jhm8fdn.html
"MAN TGS 18.420LL, HMF 1430 Funk 19 Tkm !!! Neuwertig",Company,2019,"12,235 miles",Germany,Boom / Crane / Bucket Trucks,"MAN TGS 18.420LL, HMF 1430 Funk 19 tkm !!! neuwertig",https://www.mascus.com/transportation/crane-trucks/man-tgs-18-420ll-hmf-1430-funk-19-tkm-neuwertig/dmft9hgn.html
MAN TGX 26.500,Company,2018,"135,459 miles",Germany,Dump Trucks,MAN TGX 26.500,https://www.mascus.com/transportation/tipper-trucks/man-tgx-26-500/bfgtij5g.html
Volvo FH 540,Company,2026,,Finland,Boom / Crane / Bucket Trucks,Volvo FH 540,https://www.mascus.com/transportation/crane-trucks/volvo-fh-540/cr4mfo7f.html
Ford F450 16' Box Truck,Company,2021,"107,616 miles",United States,Box trucks,Ford F450 16' Box Truck,https://www.mascus.com/transportation/box-body-trucks/ford-f450-16-box-truck/6s6h6t8k.html
Peterbilt 365,Company,2014,"200,003 miles",United States,Concrete Trucks,Peterbilt 365,https://www.mascus.com/transportation/concrete-trucks/peterbilt-365/hm3k6oht.html
Mercedes-Benz Sprinter 511,Company,2007,"165,888 miles",France,Dump Trucks,Mercedes-Benz Sprinter 511,https://www.mascus.com/transportation/tipper-trucks/mercedes-benz-sprinter-511/9scgfj6k.html
Freightliner M2,Company,2020,"109,000 miles",United States,Beverage Trucks,Freightliner M2,https://www.mascus.com/transportation/beverage-delivery-trucks/freightliner-m2/6mhghpik.html
Volvo FH460 8x4*4 EURMARK,Company,2015,"142,605 miles",Finland,Other Trucks,Volvo FH460 8x4*4 EURMARK,https://www.mascus.com/transportation/other-trucks/volvo-fh460-8x4-4-eurmark/at4nik6l.html
Renault MASTER DCI 125,Company,2015,"161,474 miles",France,Dump Trucks,Renault MASTER DCI 125,https://www.mascus.com/transportation/tipper-trucks/renault-master-dci-125/5j4jgu3m.html
Mercedes-Benz Tippbil Arocs 2636,Company,2016,,Sweden,Dump Trucks,Mercedes-Benz Tippbil Arocs 2636,https://www.mascus.com/transportation/tipper-trucks/mercedes-benz-tippbil-arocs-2636/csaj8odg.html
DAF CF 460 ROCKINGER,Company,2016,"179,266 miles",Slovak Republic,Dump Trucks,DAF CF 460 ROCKINGER,https://www.mascus.com/transportation/tipper-trucks/daf-cf-460-rockinger/7pbm4off.html
Scania P 280,Company,2022,"173,984 miles",Denmark,Curtain Side Trucks,Scania P 280,https://www.mascus.com/transportation/curtainsider-trucks/scania-p-280/frcrbsak.html
Terex FD4000,Company,2020,,United States,Concrete Trucks,Terex FD4000,https://www.mascus.com/transportation/concrete-trucks/terex-fd4000/9q9n7qbm.html
Mack CV713 Granite,Company,2007,"467,351 miles",United States,Dump Trucks,Mack CV713 Granite,https://www.mascus.com/transportation/tipper-trucks/mack-cv713-granite/hhfhgg8t.html
International MV,Company,2027,,Canada,Cab & Chassis Trucks,International MV,https://www.mascus.com/transportation/chassis-cab-trucks/international-mv/emdp6s6i.html
Renault RM 62 TR - D13,Company,2021,"401,790 miles",Finland,Cab & Chassis Trucks,Renault RM 62 TR - D13,https://www.mascus.com/transportation/chassis-cab-trucks/renault-rm-62-tr-d13/hm7j4f8k.html
Mercedes-Benz Atego 818/3-Seitenkipper/Meiller/Klima/Euro5/TÜV,Company,2013,"204,431 miles",Germany,Dump Trucks,Mercedes-Benz Atego 818/3-Seitenkipper/Meiller/Klima/Euro5/TÜV,https://www.mascus.com/transportation/tipper-trucks/mercedes-benz-atego-818-3-seitenkipper-meiller-klima-euro5-tuv/ei4q4rgp.html
Iveco 26 E 420 Cursor Abrollkipper Meiller RK 1965 S,Company,2000,"352,007 miles",Germany,Hook lift trucks,Iveco 26 E 420 Cursor Abrollkipper Meiller RK 1965 S,https://www.mascus.com/transportation/hook-lift-trucks/iveco-26-e-420-cursor-abrollkipper-meiller-rk-1965-s/7r6n8m6h.html
MAN TGS / 26.360 / EURO 6 / CHŁODNIA + WINDA / 20 PALE,Company,,"260,976 miles",Hungary,Reefer Trucks,MAN TGS / 26.360 / EURO 6 / CHŁODNIA + WINDA / 20 PALE,https://www.mascus.com/transportation/temperature-controlled-trucks/man-tgs-26-360-euro-6-chlodnia-winda-20-pale/5o3jfggs.html
Scania P 410,Company,2019,"255,383 miles",United Kingdom,Dump Trucks,Scania P 410,https://www.mascus.com/transportation/tipper-trucks/scania-p-410/5idu9fdo.html
Mack RD688SX,Company,1999,,United States,Dump Trucks,Mack RD688SX,https://www.mascus.com/transportation/tipper-trucks/mack-rd688sx/fj7l5i8h.html
MAN TGM 18.320 MAN TGM 18.320 4x2 Euro 6e Hyva Absetzk,Company,2025,466 miles,Germany,Skip loader trucks,MAN TGM 18.320 MAN TGM 18.320 4x2 Euro 6e Hyva Absetzk,https://www.mascus.com/transportation/skip-loader-trucks/man-tgm-18-320-man-tgm-18-320-4x2-euro-6e-hyva-absetzk/ilaidqao.html
Mercedes-Benz Antos,Company,2018,"132,352 miles",Finland,Reefer Trucks,Mercedes-Benz Antos,https://www.mascus.com/transportation/temperature-controlled-trucks/mercedes-benz-antos/hg8uis8p.html
Freightliner M2106,Company,2012,"153,296 miles",United States,Dump Trucks,Freightliner M2106,https://www.mascus.com/transportation/tipper-trucks/freightliner-m2106/7mdhas7i.html
Iveco Trakker 450 3-Way Tipper Truck,Company,2012,"183,304 miles",Hungary,Dump Trucks,Iveco Trakker 450 3-way tipper truck,https://www.mascus.com/transportation/tipper-trucks/iveco-trakker-450-3-way-tipper-truck/9mfk8q5s.html
Iveco Stralis 560 6X2 Retarder Automatic Lift Axle 1500k,Company,2009,"409,295 miles",Netherlands,Box trucks,Iveco Stralis 560 6X2 Retarder Automatic Lift Axle 1500k,https://www.mascus.com/transportation/box-body-trucks/iveco-stralis-560-6x2-retarder-automatic-lift-axle-1500k/hsdigf3g.html
Mercedes-Benz Actros 2546 | 6X2 | JOAB HOOK | RETARDER | EURO 6,Company,2017,"131,380 miles",Netherlands,Hook lift trucks,Mercedes-Benz Actros 2546 | 6X2 | JOAB HOOK | RETARDER | EURO 6,https://www.mascus.com/transportation/hook-lift-trucks/mercedes-benz-actros-2546-6x2-joab-hook-retarder-euro-6/alghbj8k.html
Ford F-650 24' Box Truck With Lift Gate,Company,2016,"114,107 miles",United States,Box trucks,Ford F-650 24' Box Truck With Lift Gate,https://www.mascus.com/transportation/box-body-trucks/ford-f-650-24-box-truck-with-lift-gate/3kalaiiu.html
Renault T 430,Company,2015,"406,377 miles",Poland,Reefer Trucks,Renault T 430,https://www.mascus.com/transportation/temperature-controlled-trucks/renault-t-430/7oiq6t4f.html
Scania R540,Company,2022,,Sweden,Cab & Chassis Trucks,Scania R540,https://www.mascus.com/transportation/chassis-cab-trucks/scania-r540/esdnco7r.html
Miscellaneous HCF / Market / Fish / Refrigerated D,Company,2011,,Hungary,Other Trucks,Miscellaneous HCF / Market / Fish / Refrigerated D,https://www.mascus.com/transportation/other-trucks/miscellaneous-hcf-market-fish-refrigerated-d/5qctgkes.html
Iveco Daily 60-150 4X2,Company,2019,"109,610 miles",Italy,Other Trucks,Iveco Daily 60-150 4X2,https://www.mascus.com/transportation/other-trucks/iveco-daily-60-150-4x2/gn3l7f3f.html
Western Star 4900,Company,2013,"62,100 miles",Canada,Tank Trucks,Western Star 4900,https://www.mascus.com/transportation/tank-trucks/western-star-4900/bq9tgt9t.html
Bagela Kabeltrommelwagen BKT 27,Company,2025,,Germany,Other Trucks,Bagela Kabeltrommelwagen BKT 27,https://www.mascus.com/transportation/other-trucks/bagela-kabeltrommelwagen-bkt-27/8ffp3h4o.html
Freightliner M2 106,Company,2020,"223,136 miles",United States,Reefer Trucks,Freightliner M2 106,https://www.mascus.com/transportation/temperature-controlled-trucks/freightliner-m2-106/gogrfmhn.html
Hubiere CTR751,Company,2018,,France,Other Trucks,Hubiere CTR751,https://www.mascus.com/transportation/other-trucks/hubiere-ctr751/hs7l3o9s.html
MAN TGL 12.220 Closed Box Truck,Company,2010,"428,125 miles",Netherlands,Box trucks,MAN TGL 12.220 closed box truck,https://www.mascus.com/transportation/box-body-trucks/man-tgl-12-220-closed-box-truck/fjfm7nfl.html
Mercedes-Benz AROCS 3345 6x6 HMF 3220 Winch Crane Tipper,Company,2018,"76,807 miles",Hungary,Dump Trucks,Mercedes-Benz AROCS 3345 6x6 HMF 3220 Winch Crane tipper,https://www.mascus.com/transportation/tipper-trucks/mercedes-benz-arocs-3345-6x6-hmf-3220-winch-crane-tipper/9jhtglbo.html
Scania R500 6x2*4,Company,2006,"646,226 miles",Finland,Hook lift trucks,Scania R500 6x2*4,https://www.mascus.com/transportation/hook-lift-trucks/scania-r500-6x2-4/ah4sekhm.html
Freightliner M2106,Company,2018,"277,693 miles",United States,Box trucks,Freightliner M2106,https://www.mascus.com/transportation/box-body-trucks/freightliner-m2106/ehirfm7l.html
500 Gal S/A Water Tank Trailer,Company,0,,United Kingdom,Other Trucks,500 gal S/A Water Tank Trailer,https://www.mascus.com/transportation/other-trucks/500-gal-s-a-water-tank-trailer/gs8gcqhu.html
Manitex TC50128HL,Company,2024,,United States,Boom / Crane / Bucket Trucks,Manitex TC50128HL,https://www.mascus.com/transportation/crane-trucks/manitex-tc50128hl/4fag3u9g.html
Nissan CABSTAR 45.13 PLUMA CAJA ABIERTA,Company,2005,"213,130 miles",Spain,Boom / Crane / Bucket Trucks,Nissan CABSTAR 45.13 PLUMA CAJA ABIERTA,https://www.mascus.com/transportation/crane-trucks/nissan-cabstar-45-13-pluma-caja-abierta/ejbq7ofp.html
Mercedes-Benz AROCS / 4145 / E 6 / WYWROTKA / 8 X 8,Company,2018,"71,458 miles",Poland,Dump Trucks,Mercedes-Benz AROCS / 4145 / E 6 / WYWROTKA / 8 X 8,https://www.mascus.com/transportation/tipper-trucks/mercedes-benz-arocs-4145-e-6-wywrotka-8-x-8/hn8ucm3o.html
Scania T112 H 6X2,Company,1985,"111,078 miles",Norway,Concrete Trucks,Scania T112 H 6X2,https://www.mascus.com/transportation/concrete-trucks/scania-t112-h-6x2/6telbhbi.html
Mercedes-Benz Arocs 4142 Mercedes-Benz AROCS 5 4142 B 8X4 Euro 3,Company,2024,,Germany,Concrete Trucks,Mercedes-Benz Arocs 4142 Mercedes-Benz AROCS 5 4142 B 8X4 Euro 3,https://www.mascus.com/transportation/concrete-trucks/mercedes-benz-arocs-4142-mercedes-benz-arocs-5-4142-b-8x4-euro-3/agbn6idm.html
Volvo FM Krokbil,Company,2006,"297,343 miles",Sweden,Hook lift trucks,Volvo FM krokbil,https://www.mascus.com/transportation/hook-lift-trucks/volvo-fm-krokbil/7hgphrei.html
Scania P 124 CB-8X4,Company,2004,"220,244 miles",Finland,Concrete Trucks,Scania P 124 CB-8X4,https://www.mascus.com/transportation/concrete-trucks/scania-p-124-cb-8x4/3i7s5k3h.html
Renault PREMIUM 320 DCI,Company,2004,,France,Hook lift trucks,Renault PREMIUM 320 DCI,https://www.mascus.com/transportation/hook-lift-trucks/renault-premium-320-dci/8j5q5rdn.html
Heil Pneumatic Tanker,Company,2025,,United States,Other Trucks,Heil Pneumatic Tanker,https://www.mascus.com/transportation/other-trucks/heil-pneumatic-tanker/ahgrfk4j.html
International MV,Company,2027,,Canada,Cab & Chassis Trucks,International MV,https://www.mascus.com/transportation/chassis-cab-trucks/international-mv/5mekiohg.html
MAN TGX 26.440L/XXL/BDF+Lenkachse/LBWunterfalltbar,Company,2015,"460,436 miles",Germany,Cab & Chassis Trucks,MAN TGX 26.440L/XXL/BDF+Lenkachse/LBWunterfalltbar,https://www.mascus.com/transportation/chassis-cab-trucks/man-tgx-26-440l-xxl-bdf-lenkachse-lbwunterfalltbar/9n8i6pgi.html
Sterling AT 9500,Company,2008,,United States,Demountable Trucks,Sterling AT 9500,https://www.mascus.com/transportation/demountables-trucks/sterling-at-9500/3l7u8qbm.html
International MV,Company,2022,"311,801 miles",Canada,Reefer Trucks,International MV,https://www.mascus.com/transportation/temperature-controlled-trucks/international-mv/hsfris6f.html
Scania 110 SUPER * TURBO * DEISEITENKIPPER * KIPPER,Company,1971,"388,357 miles",Germany,Dump Trucks,Scania 110 SUPER * TURBO * DEISEITENKIPPER * KIPPER,https://www.mascus.com/transportation/tipper-trucks/scania-110-super-turbo-deiseitenkipper-kipper/eghn7qhq.html
Freightliner M2 112,Company,2011,,Canada,Flatbed Trucks,Freightliner M2 112,https://www.mascus.com/transportation/flatbed-dropside-trucks/freightliner-m2-112/3s5f4kag.html
MAN TGS 26.440,Company,2009,"242,956 miles",Poland,Dump Trucks,MAN TGS 26.440,https://www.mascus.com/transportation/tipper-trucks/man-tgs-26-440/igfs3r7i.html
Mercedes-Benz Arocs 4145 Mercedes-Benz AROCS 5 4145 8X4 E6e Euro,Company,2026,,Germany,Dump Trucks,Mercedes-Benz Arocs 4145 Mercedes-Benz AROCS 5 4145 8X4 E6e Euro,https://www.mascus.com/transportation/tipper-trucks/mercedes-benz-arocs-4145-mercedes-benz-arocs-5-4145-8x4-e6e-euro/hjbfdn3q.html
Sterling Acterra,Company,,,,,,https://www.mascus.com/transportation/wood-chip-trucks/sterling-acterra/4ihi6sbu.html
Peterbilt 579,Company,2022,,United States,Other Trucks,Peterbilt 579,https://www.mascus.com/transportation/other-trucks/peterbilt-579/bs6kakgh.html
"Peterbilt 536 26' Box Truck, 3,300 Lbs. Liftgate, LIKE NEW!",Company,2025,872 miles,United States,Box trucks,"Peterbilt 536 26' Box Truck, 3,300 Lbs. Liftgate, LIKE NEW!",https://www.mascus.com/transportation/box-body-trucks/peterbilt-536-26-box-truck-3-300-lbs-liftgate-like-new/3scfbl9p.html
MAN TGL 7.180 4x2 PLATFORM L=5095 Mm,Company,2014,"59,525 miles",Estonia,Flatbed Trucks,MAN TGL 7.180 4x2 PLATFORM L=5095 mm,https://www.mascus.com/transportation/flatbed-dropside-trucks/man-tgl-7-180-4x2-platform-l-5095-mm/5resem8q.html
Freightliner M2106,Company,2019,"98,080 miles",United States,Box trucks,Freightliner M2106,https://www.mascus.com/transportation/box-body-trucks/freightliner-m2106/5m4q6lgs.html
DAF LF 280 4x2 BL 1.Stock Viehwagen ACC LDW CAM,Company,2016,"229,811 miles",Germany,Animal transport trucks,DAF LF 280 4x2 BL 1.Stock Viehwagen ACC LDW CAM,https://www.mascus.com/transportation/animal-transport-trucks/daf-lf-280-4x2-bl-1-stock-viehwagen-acc-ldw-cam/9l9i9kds.html
Volvo FM 330,Company,2018,"149,129 miles",Belgium,Box trucks,Volvo FM 330,https://www.mascus.com/transportation/box-body-trucks/volvo-fm-330/3hbpbn6p.html
MAN TGS 26.360,Company,2016,,Poland,Winch trucks,MAN TGS 26.360,https://www.mascus.com/transportation/beavertail-flatbed---winch-trucks/man-tgs-26-360/dkbt7lik.html
Volvo FM 440,Company,2009,"342,997 miles",Hungary,Dump Trucks,Volvo FM 440,https://www.mascus.com/transportation/tipper-trucks/volvo-fm-440/6nbr4uff.html
Mercedes-Benz Arocs 3240 8X4 9m3 Liebherr Mixer Euro 6,Company,2016,"153,150 miles",Netherlands,Concrete Trucks,Mercedes-Benz Arocs 3240 8X4 9m3 Liebherr Mixer Euro 6,https://www.mascus.com/transportation/concrete-trucks/mercedes-benz-arocs-3240-8x4-9m3-liebherr-mixer-euro-6/ft7lfu4g.html
Ford F-450,Company,2016,"52,681 miles",United States,Flatbed Trucks,Ford F-450,https://www.mascus.com/transportation/flatbed-dropside-trucks/ford-f-450/gn6m7lhs.html
Peterbilt 365,Company,2014,"194,800 miles",United States,Concrete Trucks,Peterbilt 365,https://www.mascus.com/transportation/concrete-trucks/peterbilt-365/4o4p6lcq.html
Peterbilt 567,Company,2021,"248,657 miles",United States,Other Trucks,Peterbilt 567,https://www.mascus.com/transportation/other-trucks/peterbilt-567/9ncf3pef.html
Volkswagen CRAFTER - 133 TKm - DoKa - Fassi Micro 20,Company,2008,"83,012 miles",Germany,Boom / Crane / Bucket Trucks,Volkswagen CRAFTER - 133 TKm - DoKa - Fassi Micro 20,https://www.mascus.com/transportation/crane-trucks/volkswagen-crafter-133-tkm-doka-fassi-micro-20/aobgctep.html
Scania R480 6x2,Company,2007,"994,194 miles",Finland,Box trucks,Scania R480 6x2,https://www.mascus.com/transportation/box-body-trucks/scania-r480-6x2/fu3jagco.html
Volvo FM13,Company,2019,"453,783 miles",Australia,Dump Trucks,Volvo FM13,https://www.mascus.com/transportation/tipper-trucks/volvo-fm13/6jhpal5t.html
MAN TGS 35.480* FASSI F450 BXP.26 + FUNK* TOPZUSTAND,Company,2010,"418,183 miles",Poland,Boom / Crane / Bucket Trucks,MAN TGS 35.480* FASSI F450 BXP.26 + FUNK* TOPZUSTAND,https://www.mascus.com/transportation/crane-trucks/man-tgs-35-480-fassi-f450-bxp-26-funk-topzustand/4l3pbthr.html
Iveco Daily,Company,,,Germany,Other Trucks,Iveco Daily,https://www.mascus.com/transportation/other-trucks/iveco-daily/en9p9j8u.html
Mercedes-Benz Sprinter 513,Company,2010,"124,833 miles",Germany,Dump Trucks,Mercedes-Benz Sprinter 513,https://www.mascus.com/transportation/tipper-trucks/mercedes-benz-sprinter-513/9t4h9keq.html
Morgan 20 FT,Company,2017,"108,644 miles",United States,Other Trucks,Morgan 20 FT,https://www.mascus.com/transportation/other-trucks/morgan-20-ft/5ifu8m7o.html
Volvo FH 540 8x4*4 / HIAB 548E-9 CRANE + WINCH / KRAN,Company,2018,"227,040 miles",Netherlands,Boom / Crane / Bucket Trucks,Volvo FH 540 8x4*4 / HIAB 548E-9 CRANE + WINCH / KRAN,https://www.mascus.com/transportation/crane-trucks/volvo-fh-540-8x4-4-hiab-548e-9-crane-winch-kran/4phqeg8h.html
Mercedes-Benz Atego 1524,Company,2019,,Sweden,Box trucks,Mercedes-Benz Atego 1524,https://www.mascus.com/transportation/box-body-trucks/mercedes-benz-atego-1524/4pcoft6p.html
Isuzu NQR,Company,2018,"119,747 miles",United States,Dump Trucks,Isuzu NQR,https://www.mascus.com/transportation/tipper-trucks/isuzu-nqr/go9ghk5s.html
Peterbilt 567,Company,2021,,United States,Other Trucks,Peterbilt 567,https://www.mascus.com/transportation/other-trucks/peterbilt-567/ifhg4icq.html
International MV607,Company,2020,"182,108 miles",United States,Reefer Trucks,International MV607,https://www.mascus.com/transportation/temperature-controlled-trucks/international-mv607/dfigdndj.html
"MAN TGS 26.400 6x2-4 LL, EEV, Intarder, Navi,",Company,2013,"235,397 miles",Germany,Tank Trucks,"MAN TGS 26.400 6x2-4 LL, EEV, Intarder, Navi,",https://www.mascus.com/transportation/tank-trucks/man-tgs-26-400-6x2-4-ll-eev-intarder-navi/ckelct6l.html
"DAF CF 450 FAN, Getränke, LBW, Lift-Lenkachse",Company,2019,"216,561 miles",Germany,Beverage Trucks,"DAF CF 450 FAN, Getränke, LBW, Lift-Lenkachse",https://www.mascus.com/transportation/beverage-delivery-trucks/daf-cf-450-fan-getranke-lbw-lift-lenkachse/8oin7q7q.html
DAF CF 480 Kennis Kr16R | Pacton | Steen Combi |,Company,2020,"166,527 miles",Netherlands,Flatbed Trucks,DAF CF 480 Kennis kr16R | pacton | steen combi |,https://www.mascus.com/transportation/flatbed-dropside-trucks/daf-cf-480-kennis-kr16r-pacton-steen-combi/dn6j8fcm.html
Mercedes-Benz 3248 Arocs Pritsche+PK48002 Kran 8x2,Company,2020,"240,011 miles",Germany,Boom / Crane / Bucket Trucks,Mercedes-Benz 3248 Arocs Pritsche+PK48002 Kran 8x2,https://www.mascus.com/transportation/crane-trucks/mercedes-benz-3248-arocs-pritsche-pk48002-kran-8x2/9o9iendg.html
Mack GU713,Company,2016,"340,854 miles",United States,Dump Trucks,Mack GU713,https://www.mascus.com/transportation/tipper-trucks/mack-gu713/grclgf4i.html
Volvo FMX 460 10X4,Company,2021,"42,875 miles",Finland,Concrete Trucks,Volvo FMX 460 10X4,https://www.mascus.com/transportation/concrete-trucks/volvo-fmx-460-10x4/hqelhsbk.html
Scania P 370 / E 6 / CHŁODNIA + WINDA / 20 PALET / RETARD,Company,2020,"372,823 miles",Hungary,Reefer Trucks,Scania P 370 / E 6 / CHŁODNIA + WINDA / 20 PALET / RETARD,https://www.mascus.com/transportation/temperature-controlled-trucks/scania-p-370-e-6-chlodnia-winda-20-palet-retard/fu9oho6i.html
Mercedes-Benz Unimog U423 Rail Mercedes Benz Unimog U423 Rail/Ro,Company,2023,"1,681 miles",Germany,Cab & Chassis Trucks,Mercedes-Benz Unimog U423 rail Mercedes Benz Unimog U423 rail/ro,https://www.mascus.com/transportation/chassis-cab-trucks/mercedes-benz-unimog-u423-rail-mercedes-benz-unimog-u423-rail-ro/cs6jft3p.html
1000 L S/A Citerne A Eau 1 Essieu S/A Water Tank T,Company,0,,France,Other Trucks,1000 L S/A Citerne A Eau 1 Essieu S/A Water Tank T,https://www.mascus.com/transportation/other-trucks/1000-l-s-a-citerne-a-eau-1-essieu-s-a-water-tank-t/dk4oaoei.html
DAF LF 55.180 11.9T AIRCO 3 SEATS,Company,2011,"281,881 miles",Netherlands,Demountable Trucks,DAF LF 55.180 11.9T AIRCO 3 SEATS,https://www.mascus.com/transportation/demountables-trucks/daf-lf-55-180-11-9t-airco-3-seats/co7pam8j.html
Western Star 4900FA,Company,2019,,United States,Other Trucks,Western Star 4900FA,https://www.mascus.com/transportation/other-trucks/western-star-4900fa/9f5r8tem.html
Ford F-550,Company,2018,"110,373 miles",United States,Flatbed Trucks,Ford F-550,https://www.mascus.com/transportation/flatbed-dropside-trucks/ford-f-550/6k7i6tej.html
MAN 26.430 TGS / Hooklift / MULTILIFT OPTIMA 20S,Company,2020,"133,551 miles",Hungary,Hook lift trucks,MAN 26.430 TGS / Hooklift / MULTILIFT OPTIMA 20S,https://www.mascus.com/transportation/hook-lift-trucks/man-26-430-tgs-hooklift-multilift-optima-20s/hk6scj7f.html
Mack GR84F,Company,2019,"267,428 miles",United States,Dump Trucks,Mack GR84F,https://www.mascus.com/transportation/tipper-trucks/mack-gr84f/guctfqas.html
Mercedes-Benz ACTROS 2542 MP4 6x2 E6 VIN 118,Company,2015,"310,685 miles",Slovak Republic,Other Trucks,Mercedes-Benz ACTROS 2542 MP4 6x2 E6 VIN 118,https://www.mascus.com/transportation/other-trucks/mercedes-benz-actros-2542-mp4-6x2-e6-vin-118/fiapapbi.html
Iveco Stralis AT190S31/FP CM BDF LBW Unterfaltbar AHK,Company,2012,"37,635 miles",Germany,Cab & Chassis Trucks,Iveco Stralis AT190S31/FP CM BDF LBW unterfaltbar AHK,https://www.mascus.com/transportation/chassis-cab-trucks/iveco-stralis-at190s31-fp-cm-bdf-lbw-unterfaltbar-ahk/7haubt5f.html
Chevrolet Express G3500,Company,2024,"67,642 miles",United States,Reefer Trucks,Chevrolet Express G3500,https://www.mascus.com/transportation/temperature-controlled-trucks/chevrolet-express-g3500/9u6l3n7g.html
Scania P410 6x2*4 EURO6 + PTO,Company,2017,"229,907 miles",Estonia,Cab & Chassis Trucks,Scania P410 6x2*4 EURO6 + PTO,https://www.mascus.com/transportation/chassis-cab-trucks/scania-p410-6x2-4-euro6-pto/4paranem.html
GMC 6500,Company,2006,,United States,Reefer Trucks,GMC 6500,https://www.mascus.com/transportation/temperature-controlled-trucks/gmc-6500/gm7tgoff.html
MAN TGS 33.480 6X4 COMING SOON! NEW! 20m3 Tipper Big-A,Company,2025,7 miles,Netherlands,Dump Trucks,MAN TGS 33.480 6X4 COMING SOON! NEW! 20m3 Tipper Big-A,https://www.mascus.com/transportation/tipper-trucks/man-tgs-33-480-6x4-coming-soon-new-20m3-tipper-big-a/6f9reqdt.html
Iveco Eurocargo 75 E 180 GLASWAGEN,Company,2007,"227,996 miles",Netherlands,Other Trucks,Iveco Eurocargo 75 E 180 GLASWAGEN,https://www.mascus.com/transportation/other-trucks/iveco-eurocargo-75-e-180-glaswagen/et8t6r5r.html
MAN LE 10.220 4x4 BB | 3x Sitze*Schild &Amp; Hydraulik,Company,2006,"129,363 miles",Germany,Dump Trucks,MAN LE 10.220 4x4 BB | 3x Sitze*Schild & Hydraulik,https://www.mascus.com/transportation/tipper-trucks/man-le-10-220-4x4-bb-3x-sitze-schild-amp-hydraulik/4g5iigdn.html
Volvo FMX-500 8x4 Tridem Hiab 26T,Company,2014,"275,889 miles",Switzerland,Hook lift trucks,Volvo FMX-500 8x4 Tridem Hiab 26T,https://www.mascus.com/transportation/hook-lift-trucks/volvo-fmx-500-8x4-tridem-hiab-26t/4h5k6nho.html
"MAN TGS 26 320 6x2, EURO 5, ADR, 18.900 Liter, 5 Comp",Company,2011,"345,172 miles",Netherlands,Tank Trucks,"MAN TGS 26 320 6x2, EURO 5, ADR, 18.900 Liter, 5 Comp",https://www.mascus.com/transportation/tank-trucks/man-tgs-26-320-6x2-euro-5-adr-18-900-liter-5-comp/5pdh4sfq.html
Howo 371 6x4,Company,2024,"5,282 miles",China,Dump Trucks,Howo 371 6x4,https://www.mascus.com/transportation/tipper-trucks/howo-371-6x4/brgsdq5n.html
Howo 371 6x4,Company,2024,"4,660 miles",China,Dump Trucks,Howo 371 6x4,https://www.mascus.com/transportation/tipper-trucks/howo-371-6x4/4fct5mbr.html
Howo 371 6x4,Company,2024,"4,847 miles",China,Dump Trucks,Howo 371 6x4,https://www.mascus.com/transportation/tipper-trucks/howo-371-6x4/3n7hekgr.html
Scania G 370| CG 17N*NewGen*MEILLER AK 12.T*Funk*Kamera,Company,2018,"247,306 miles",Germany,Demountable Trucks,Scania G 370| CG 17N*NewGen*MEILLER AK 12.T*Funk*Kamera,https://www.mascus.com/transportation/demountables-trucks/scania-g-370-cg-17n-newgen-meiller-ak-12-t-funk-kamera/hodgcp3h.html
Peterbilt 579,Company,2021,,United States,Other Trucks,Peterbilt 579,https://www.mascus.com/transportation/other-trucks/peterbilt-579/gpff5s4l.html
Mercedes-Benz Arocs 2546,Company,2020,"99,419 miles",Denmark,Boom / Crane / Bucket Trucks,Mercedes-Benz Arocs 2546,https://www.mascus.com/transportation/crane-trucks/mercedes-benz-arocs-2546/7r6i6kem.html
Scania P 410,Company,2018,,United Kingdom,Dump Trucks,Scania P 410,https://www.mascus.com/transportation/tipper-trucks/scania-p-410/3fdnhihj.html
Howo 371,Company,2023,"9,962 miles",China,Dump Trucks,Howo 371,https://www.mascus.com/transportation/tipper-trucks/howo-371/6l8o7neo.html
Freightliner M2106,Company,2019,"348,845 miles",United States,Box trucks,Freightliner M2106,https://www.mascus.com/transportation/box-body-trucks/freightliner-m2106/4t3f6k6n.html
Scania R 500 PK 65002 Jib,Company,2013,"411,969 miles",Germany,Boom / Crane / Bucket Trucks,Scania R 500 PK 65002 Jib,https://www.mascus.com/transportation/crane-trucks/scania-r-500-pk-65002-jib/7tfg9mhi.html
Peterbilt 357,Company,2002,,United States,Tank Trucks,Peterbilt 357,https://www.mascus.com/transportation/tank-trucks/peterbilt-357/bq8hfk6k.html
Renault K480 K480 8X4 MultiLift 25s61,Company,2026,,Germany,Hook lift trucks,Renault K480 K480 8X4 MultiLift 25s61,https://www.mascus.com/transportation/hook-lift-trucks/renault-k480-k480-8x4-multilift-25s61/fr4lhhgf.html
Mercedes-Benz Antos,Company,2015,"317,576 miles",Finland,Reefer Trucks,Mercedes-Benz Antos,https://www.mascus.com/transportation/temperature-controlled-trucks/mercedes-benz-antos/ashiim6m.html
MAN TGS 35.440 8X4,Company,2014,"335,124 miles",Belgium,Hook lift trucks,MAN TGS 35.440 8X4,https://www.mascus.com/transportation/hook-lift-trucks/man-tgs-35-440-8x4/9mcsehek.html
Isuzu NRR,Company,2016,,United States,Box trucks,Isuzu NRR,https://www.mascus.com/transportation/box-body-trucks/isuzu-nrr/9o7u5p5f.html
Terex FD4000,Company,2019,,United States,Concrete Trucks,Terex FD4000,https://www.mascus.com/transportation/concrete-trucks/terex-fd4000/hq5q7r4m.html
MAN TGS 28.460 6x4 Euro 6 Marrel 20 Ton Haakarmsysteem,Company,2019,"208,991 miles",Netherlands,Hook lift trucks,MAN TGS 28.460 6x4 Euro 6 Marrel 20 Ton haakarmsysteem,https://www.mascus.com/transportation/hook-lift-trucks/man-tgs-28-460-6x4-euro-6-marrel-20-ton-haakarmsysteem/8rhraigj.html
"Ford F650 20 Box Truck, 2,500 Lbs. Tommy Gate",Company,2017,"118,702 miles",United States,Box trucks,"Ford F650 20 Box Truck, 2,500 Lbs. Tommy Gate",https://www.mascus.com/transportation/box-body-trucks/ford-f650-20-box-truck-2-500-lbs-tommy-gate/ashreu6f.html
Volvo FH-500 6x2 PK20002-6,Company,2010,"493,369 miles",Switzerland,Boom / Crane / Bucket Trucks,Volvo FH-500 6x2 PK20002-6,https://www.mascus.com/transportation/crane-trucks/volvo-fh-500-6x2-pk20002-6/bqgkemhl.html
Iveco 35 S14 BV 6 136 CV,Company,2024,,France,Other Trucks,Iveco 35 S14 BV 6 136 CV,https://www.mascus.com/transportation/other-trucks/iveco-35-s14-bv-6-136-cv/emhk5l8i.html
DAF LF 290 TK T-600R – R-006,Company,2018,,Spain,Reefer Trucks,DAF LF 290 TK T-600R – R-006,https://www.mascus.com/transportation/temperature-controlled-trucks/daf-lf-290-tk-t-600r-r-006/5sdsimit.html
DAF CF 75.310,Company,2006,"205,052 miles",Portugal,Boom / Crane / Bucket Trucks,DAF CF 75.310,https://www.mascus.com/transportation/crane-trucks/daf-cf-75-310/fu5q8hgu.html
"International MV 24' Long Box Truck With Big 4,400lbs Lift Gate",Company,2023,"56,717 miles",United States,Box trucks,"International MV 24' Long Box Truck With Big 4,400lbs Lift Gate",https://www.mascus.com/transportation/box-body-trucks/international-mv-24-long-box-truck-with-big-4-400lbs-lift-gate/dh3meh8l.html
Volta ZERO Volta ZERO Electric Box Truck 2023 – 100% Ele,Company,2023,"12,903 miles",Netherlands,Box trucks,Volta ZERO Volta ZERO electric box truck 2023 – 100% ele,https://www.mascus.com/transportation/box-body-trucks/volta-zero-volta-zero-electric-box-truck-2023-100-ele/igbh7h9o.html
DAF XF 480,Company,2018,,Spain,Dump Trucks,DAF XF 480,https://www.mascus.com/transportation/tipper-trucks/daf-xf-480/ajfhdjhi.html
Volvo FM 13,Company,2015,"459,815 miles",Finland,Tank Trucks,Volvo FM 13,https://www.mascus.com/transportation/tank-trucks/volvo-fm-13/gq3ibjfp.html
Mercedes-Benz Actros 2753 FRC Skåpbil,Company,2019,"333,676 miles",Sweden,Reefer Trucks,Mercedes-Benz Actros 2753 FRC skåpbil,https://www.mascus.com/transportation/temperature-controlled-trucks/mercedes-benz-actros-2753-frc-skapbil/9sbjajdf.html
DAF LF / 260 / ACC / E 6 / FIRANKA / 21 PALETY / DŁ. 8,Company,,"142,915 miles",Hungary,Curtain Side Trucks,DAF LF / 260 / ACC / E 6 / FIRANKA / 21 PALETY / DŁ. 8,https://www.mascus.com/transportation/curtainsider-trucks/daf-lf-260-acc-e-6-firanka-21-palety-dl-8/es4n5t9i.html
Scania R450 6x2*4,Company,2020,"368,498 miles",Netherlands,Demountable Trucks,Scania R450 6x2*4,https://www.mascus.com/transportation/demountables-trucks/scania-r450-6x2-4/3j4j8r8q.html
Volvo FH 500 FH 6X2 NL-Truck Chassis Full Air Suspension,Company,2014,"709,568 miles",Netherlands,Cab & Chassis Trucks,Volvo FH 500 FH 6X2 NL-Truck Chassis Full Air suspension,https://www.mascus.com/transportation/chassis-cab-trucks/volvo-fh-500-fh-6x2-nl-truck-chassis-full-air-suspension/4sbfcmdf.html
DAF 85.410,Company,2011,"228,665 miles",Germany,Skip loader trucks,DAF 85.410,https://www.mascus.com/transportation/skip-loader-trucks/daf-85-410/9h7k9u8n.html
"MAN 18.330 TGS 4x2, BDF, LBW, AHK, Schlafliege,Klima",Company,2021,,Germany,Cab & Chassis Trucks,"MAN 18.330 TGS 4x2, BDF, LBW, AHK, Schlafliege,Klima",https://www.mascus.com/transportation/chassis-cab-trucks/man-18-330-tgs-4x2-bdf-lbw-ahk-schlafliege-klima/8qau4fbn.html
Mercedes-Benz Arocs 3240,Company,0,"459,918 miles",Belgium,Dump Trucks,Mercedes-Benz Arocs 3240,https://www.mascus.com/transportation/tipper-trucks/mercedes-benz-arocs-3240/ht5nif6q.html
Mercedes-Benz Actros 2546 L 6x2 Pritsche Heckkran Palfinger P,Company,2008,"449,974 miles",Germany,Boom / Crane / Bucket Trucks,Mercedes-Benz Actros 2546 L 6x2 Pritsche Heckkran Palfinger P,https://www.mascus.com/transportation/crane-trucks/mercedes-benz-actros-2546-l-6x2-pritsche-heckkran-palfinger-p/er8gbu7m.html
Scania G490 8x4 Hiab 26T AHK,Company,2015,"299,501 miles",Switzerland,Hook lift trucks,Scania G490 8x4 Hiab 26T AHK,https://www.mascus.com/transportation/hook-lift-trucks/scania-g490-8x4-hiab-26t-ahk/4f6hdmhl.html
DAF LF 210 08 T,Company,2021,"175,538 miles",Netherlands,Box trucks,DAF LF 210 08 T,https://www.mascus.com/transportation/box-body-trucks/daf-lf-210-08-t/akdtht5n.html
MAN TGS 35.480 MAN TGS 35.480 BB 8X4 Mulden Kipper 5X,Company,2025,466 miles,Germany,Dump Trucks,MAN TGS 35.480 MAN TGS 35.480 BB 8X4 Mulden Kipper 5X,https://www.mascus.com/transportation/tipper-trucks/man-tgs-35-480-man-tgs-35-480-bb-8x4-mulden-kipper-5x/5n8lhr3o.html
Peterbilt 579,Company,2018,"382,668 miles",United States,Dump Trucks,Peterbilt 579,https://www.mascus.com/transportation/tipper-trucks/peterbilt-579/9u4kgq4l.html
Mack MD6,Company,2025,10 miles,United States,Dump Trucks,Mack MD6,https://www.mascus.com/transportation/tipper-trucks/mack-md6/7o8n3p4m.html
Volvo FH540 6x2 Flisekipage MT Eksjö,Company,2016,"589,596 miles",Sweden,Wood Chippers,Volvo FH540 6x2 Flisekipage MT Eksjö,https://www.mascus.com/transportation/wood-chip-trucks/volvo-fh540-6x2-flisekipage-mt-eksjo/fneofneg.html
Kenworth T800,Company,2012,,Canada,Boom / Crane / Bucket Trucks,Kenworth T800,https://www.mascus.com/transportation/crane-trucks/kenworth-t800/7rfk8ffn.html
Iveco Eurotrakker Cursor,Company,2004,"325,165 miles",France,Skip loader trucks,Iveco Eurotrakker Cursor,https://www.mascus.com/transportation/skip-loader-trucks/iveco-eurotrakker-cursor/5gcj6gij.html
Iveco 80 E 21 | Eurocargo*MEILLER*3x Sitze*AHK*Klima,Company,2015,"69,792 miles",Germany,Dump Trucks,Iveco 80 E 21 | Eurocargo*MEILLER*3x Sitze*AHK*Klima,https://www.mascus.com/transportation/tipper-trucks/iveco-80-e-21-eurocargo-meiller-3x-sitze-ahk-klima/4lffhohq.html
Howo 371 6x4,Company,2024,"5,288 miles",China,Dump Trucks,Howo 371 6x4,https://www.mascus.com/transportation/tipper-trucks/howo-371-6x4/ejagcigp.html
Kenworth W900,Company,2005,"224,445 miles",United States,Concrete Trucks,Kenworth W900,https://www.mascus.com/transportation/concrete-trucks/kenworth-w900/fj7h6h7u.html
DAF LF 16.260 4x2 Frigo Hultstein - Zepro Loadlift - W,Company,2017,"187,384 miles",Netherlands,Reefer Trucks,DAF LF 16.260 4x2 Frigo Hultstein - Zepro loadlift - W,https://www.mascus.com/transportation/temperature-controlled-trucks/daf-lf-16-260-4x2-frigo-hultstein-zepro-loadlift-w/8k8ggn8i.html
"Kenworth T380 Cab/Chassis Truck, PX9 Diesel, Auto Trans",Company,2025,39 miles,United States,Cab & Chassis Trucks,"Kenworth T380 Cab/Chassis Truck, PX9 Diesel, Auto Trans",https://www.mascus.com/transportation/chassis-cab-trucks/kenworth-t380-cab-chassis-truck-px9-diesel-auto-trans/4f8rbnfu.html
"MAN TGS 33.480 6x6 BB CH, Hohe Bauart, Stahlmulde Ca.",Company,,,Germany,Other Trucks,"MAN TGS 33.480 6x6 BB CH, Hohe Bauart, Stahlmulde ca.",https://www.mascus.com/transportation/other-trucks/man-tgs-33-480-6x6-bb-ch-hohe-bauart-stahlmulde-ca/9r4udh4h.html
Volvo TRUCK VNL64TV04,Company,2027,,United States,Other Trucks,Volvo TRUCK VNL64TV04,https://www.mascus.com/transportation/other-trucks/volvo-truck-vnl64tv04/ai9tih5g.html
Peterbilt 567,Company,2020,,United States,Dump Trucks,Peterbilt 567,https://www.mascus.com/transportation/tipper-trucks/peterbilt-567/3seq8j5n.html
Freightliner 114SD,Company,2021,"115,240 miles",United States,Flatbed Trucks,Freightliner 114SD,https://www.mascus.com/transportation/flatbed-dropside-trucks/freightliner-114sd/eu4qhngq.html
Mercedes-Benz Arocs 2636 L 6x2 Tippbil/Tipper,Company,2018,"247,306 miles",Sweden,Dump Trucks,Mercedes-Benz Arocs 2636 L 6x2 Tippbil/Tipper,https://www.mascus.com/transportation/tipper-trucks/mercedes-benz-arocs-2636-l-6x2-tippbil-tipper/efeq3m3i.html
International 4300,Company,2019,"178,234 miles",United States,Flatbed Trucks,International 4300,https://www.mascus.com/transportation/flatbed-dropside-trucks/international-4300/4u9jasdl.html
Scania R500 8x4 EFFER 1355/7S HDS Fly Jib Crane Winch,Company,2009,"229,673 miles",Poland,Boom / Crane / Bucket Trucks,Scania R500 8x4 EFFER 1355/7S HDS Fly Jib Crane Winch,https://www.mascus.com/transportation/crane-trucks/scania-r500-8x4-effer-1355-7s-hds-fly-jib-crane-winch/8u3hbohp.html
Kenworth T370 Tandem Axle 26' Box Truck,Company,2020,"70,662 miles",United States,Other Trucks,Kenworth T370 Tandem Axle 26' Box Truck,https://www.mascus.com/transportation/other-trucks/kenworth-t370-tandem-axle-26-box-truck/4ten8k5o.html
International 2674,Company,1998,"273,761 miles",Canada,Skip loader trucks,International 2674,https://www.mascus.com/transportation/skip-loader-trucks/international-2674/du6q4l5p.html
Renault C 380 / 6 X 4 / SKRZYNIOWY + HDS / PALFINGER PK 18,Company,,"192,625 miles",Hungary,Flatbed Trucks,Renault C 380 / 6 X 4 / SKRZYNIOWY + HDS / PALFINGER PK 18,https://www.mascus.com/transportation/flatbed-dropside-trucks/renault-c-380-6-x-4-skrzyniowy-hds-palfinger-pk-18/8pbu5hen.html
Shacman X3000 6x4,Company,2025,"4,039 miles",China,Dump Trucks,Shacman X3000 6x4,https://www.mascus.com/transportation/tipper-trucks/shacman-x3000-6x4/etao5qgf.html
Chevrolet G3500,Company,2022,"13,528 miles",United States,Box trucks,Chevrolet G3500,https://www.mascus.com/transportation/box-body-trucks/chevrolet-g3500/br9obpcu.html
"Mercedes-Benz 4140 AK Actros 8x8, Allrad, Meiler, 17 M³",Company,2000,,Germany,Dump Trucks,"Mercedes-Benz 4140 AK Actros 8x8, Allrad, Meiler, 17 m³",https://www.mascus.com/transportation/tipper-trucks/mercedes-benz-4140-ak-actros-8x8-allrad-meiler-17-m3/8m4l8neh.html
Freightliner Business Class M2,Company,2007,,United States,Box trucks,Freightliner Business Class M2,https://www.mascus.com/transportation/box-body-trucks/freightliner-business-class-m2/hmimdn7f.html
International 4900,Company,1997,,United States,Tank Trucks,International 4900,https://www.mascus.com/transportation/tank-trucks/international-4900/ai3sis3s.html
CAT D6E Fuel Tanker,Company,1995,,Netherlands,Tank Trucks,CAT D6E Fuel tanker,https://www.mascus.com/transportation/tank-trucks/cat-d6e-fuel-tanker/4nep7phq.html
Volvo FM 330 + PM 17 LC,Company,2009,"299,501 miles",Portugal,Flatbed Trucks,Volvo FM 330 + PM 17 LC,https://www.mascus.com/transportation/flatbed-dropside-trucks/volvo-fm-330-pm-17-lc/gi8s9ifk.html
Iveco TWay AT410T54 10X4 Metsäkoneritilä,Company,2025,,Finland,Forest machine transport trucks,Iveco TWay AT410T54 10X4 metsäkoneritilä,https://www.mascus.com/transportation/used-forest-machine-transport-trucks/iveco-tway-at410t54-10x4-metsakoneritila/9pcu3i5t.html
Mercedes-Benz Atego 1223 3 Sitze*Meiller*2xAHK*Klima*NEUWERTIG,Company,2020,"19,624 miles",Germany,Dump Trucks,Mercedes-Benz Atego 1223 3 Sitze*Meiller*2xAHK*Klima*NEUWERTIG,https://www.mascus.com/transportation/tipper-trucks/mercedes-benz-atego-1223-3-sitze-meiller-2xahk-klima-neuwertig/ih6scs7t.html
Mack GRANITE F,Company,2022,49 miles,United States,Dump Trucks,Mack GRANITE F,https://www.mascus.com/transportation/tipper-trucks/mack-granite-f/5n9qbjag.html
Ford E450,Company,2010,"159,217 miles",United States,Box trucks,Ford E450,https://www.mascus.com/transportation/box-body-trucks/ford-e450/irim3qbm.html
Mercedes-Benz Actros 2753,Company,2019,"484,669 miles",Sweden,Wood Chippers,Mercedes-Benz Actros 2753,https://www.mascus.com/transportation/wood-chip-trucks/mercedes-benz-actros-2753/aq7jhqff.html
"Iveco 190EL32 EURO 6, Dhollandia, Thermo King",Company,2016,"183,926 miles",Netherlands,Reefer Trucks,"Iveco 190EL32 EURO 6, Dhollandia, Thermo King",https://www.mascus.com/transportation/temperature-controlled-trucks/iveco-190el32-euro-6-dhollandia-thermo-king/gkcnel4k.html
MAN TGM 18.340,Company,2015,"264,779 miles",Sweden,Skip loader trucks,MAN TGM 18.340,https://www.mascus.com/transportation/skip-loader-trucks/man-tgm-18-340/3fcq5g6k.html
Volvo FE 240,Company,2007,"334,508 miles",Germany,Reefer Trucks,Volvo FE 240,https://www.mascus.com/transportation/temperature-controlled-trucks/volvo-fe-240/hk6fegcj.html
Mack GRANITE F,Company,2023,"96,227 miles",United States,Dump Trucks,Mack GRANITE F,https://www.mascus.com/transportation/tipper-trucks/mack-granite-f/7g4mdmen.html
MAN 35.440 RZ127,Company,2015,"286,144 miles",Poland,Winch trucks,MAN 35.440 RZ127,https://www.mascus.com/transportation/beavertail-flatbed---winch-trucks/man-35-440-rz127/bq8lfsgf.html
"Mercedes-Benz Antos, 2546, Getränke, LBW, Lift-Lenkachse",Company,2019,"201,073 miles",Germany,Box trucks,"Mercedes-Benz Antos, 2546, Getränke, LBW, Lift-Lenkachse",https://www.mascus.com/transportation/box-body-trucks/mercedes-benz-antos-2546-getranke-lbw-lift-lenkachse/6h6ubmfn.html
Scania R580 Snow-Prepared Tridem Hook Loader With Joab Ho,Company,2005,"385,250 miles",Norway,Hook lift trucks,Scania R580 snow-prepared tridem hook loader with Joab ho,https://www.mascus.com/transportation/hook-lift-trucks/scania-r580-snow-prepared-tridem-hook-loader-with-joab-ho/eg5jenhq.html
Volvo FLL,Company,2007,,Finland,Other Trucks,Volvo FLL,https://www.mascus.com/transportation/other-trucks/volvo-fll/ijeq3ggg.html
International MV607,Company,2020,"252,401 miles",United States,Flatbed Trucks,International MV607,https://www.mascus.com/transportation/flatbed-dropside-trucks/international-mv607/9u6maqfr.html
Kenworth T680,Company,2020,,United States,Other Trucks,Kenworth T680,https://www.mascus.com/transportation/other-trucks/kenworth-t680/9icfdjfh.html
Volvo FH16 750 8x4,Company,2018,"664,867 miles",Finland,Log trucks,Volvo FH16 750 8x4,https://www.mascus.com/transportation/timber-trucks/volvo-fh16-750-8x4/3jdtcjdh.html
Mercedes-Benz Atego 1225 4x4 HIAB 088E-4 / PLATFORM L=3544 Mm,Company,2004,"178,402 miles",Estonia,Boom / Crane / Bucket Trucks,Mercedes-Benz Atego 1225 4x4 HIAB 088E-4 / PLATFORM L=3544 mm,https://www.mascus.com/transportation/crane-trucks/mercedes-benz-atego-1225-4x4-hiab-088e-4-platform-l-3544-mm/hr3l7p5g.html
Isuzu 4x2 Flatbed Truck (Inoperable),Company,1989,,Australia,Flatbed Trucks,Isuzu 4x2 Flatbed Truck (Inoperable),https://www.mascus.com/transportation/flatbed-dropside-trucks/isuzu-4x2-flatbed-truck-inoperable/6r8odl9k.html
Freightliner FL70,Company,2000,,United States,Dump Trucks,Freightliner FL70,https://www.mascus.com/transportation/tipper-trucks/freightliner-fl70/gugkafai.html
MAN TGX 26.460 6x2/Intarder/Standklima/Totwinkelkam.,Company,2018,"415,413 miles",Germany,Cab & Chassis Trucks,MAN TGX 26.460 6x2/Intarder/Standklima/Totwinkelkam.,https://www.mascus.com/transportation/chassis-cab-trucks/man-tgx-26-460-6x2-intarder-standklima-totwinkelkam/6u7k3rho.html
Hino 268,Company,2011,"182,718 miles",United States,Box trucks,Hino 268,https://www.mascus.com/transportation/box-body-trucks/hino-268/9haldp7i.html
"Scania Onesided KipperV8 8x4, 20m3, E4, Manual, Vin 141",Company,2008,"389,332 miles",Slovak Republic,Other Trucks,"Scania onesided kipperV8 8x4, 20m3, E4, manual, vin 141",https://www.mascus.com/transportation/other-trucks/scania-onesided-kipperv8-8x4-20m3-e4-manual-vin-141/au3pcg6r.html
"Mercedes-Benz Actros 2553L VAK FRC 9,9m 2-Lämpökori",Company,2021,"316,899 miles",Finland,Reefer Trucks,"Mercedes-Benz Actros 2553L VAK FRC 9,9m 2-Lämpökori",https://www.mascus.com/transportation/temperature-controlled-trucks/mercedes-benz-actros-2553l-vak-frc-9-9m-2-lampokori/4mcndt8n.html
Peterbilt 567,Company,2026,,United States,Dump Trucks,Peterbilt 567,https://www.mascus.com/transportation/tipper-trucks/peterbilt-567/8p9f9k9m.html
GMC 3500,Company,2016,"266,720 miles",United States,Box trucks,GMC 3500,https://www.mascus.com/transportation/box-body-trucks/gmc-3500/8phqem6t.html
Mercedes-Benz AROCS 4151 / 8X8 / WYWROTKA TYLNOZSYPOWA / HYDROKL,Company,2015,"141,673 miles",Hungary,Dump Trucks,Mercedes-Benz AROCS 4151 / 8X8 / WYWROTKA TYLNOZSYPOWA / HYDROKL,https://www.mascus.com/transportation/tipper-trucks/mercedes-benz-arocs-4151-8x8-wywrotka-tylnozsypowa-hydrokl/9gagif8f.html
Hino 268,Company,2020,"208,750 miles",United States,Box trucks,Hino 268,https://www.mascus.com/transportation/box-body-trucks/hino-268/eg4m3j5g.html
Chevrolet Express G3500,Company,2024,"46,949 miles",United States,Reefer Trucks,Chevrolet Express G3500,https://www.mascus.com/transportation/temperature-controlled-trucks/chevrolet-express-g3500/gq9tbr3r.html
Iveco Eurocargo 120,Company,2020,"72,367 miles",United Kingdom,Winch trucks,Iveco Eurocargo 120,https://www.mascus.com/transportation/beavertail-flatbed---winch-trucks/iveco-eurocargo-120/hogq8icl.html
MAN LE 220 LE 180 Mit Winde,Company,2002,"147,265 miles",Germany,Dump Trucks,MAN LE 220 LE 180 mit Winde,https://www.mascus.com/transportation/tipper-trucks/man-le-220-le-180-mit-winde/7p5safbl.html
Peterbilt 567,Company,2026,,United States,Dump Trucks,Peterbilt 567,https://www.mascus.com/transportation/tipper-trucks/peterbilt-567/5sbmftir.html
MAN TGA 35.480,Company,2004,"315,035 miles",Finland,Boom / Crane / Bucket Trucks,MAN TGA 35.480,https://www.mascus.com/transportation/crane-trucks/man-tga-35-480/ctfkcq9i.html
Sinotruk HOWO 8*4,Company,2022,,China,Dump Trucks,Sinotruk HOWO 8*4,https://www.mascus.com/transportation/tipper-trucks/sinotruk-howo-8-4/dg7siubt.html
MAN TGM 12.250 + EURO 6,Company,2015,"386,437 miles",Netherlands,Box trucks,MAN TGM 12.250 + EURO 6,https://www.mascus.com/transportation/box-body-trucks/man-tgm-12-250-euro-6/3iiqiiho.html
Scania P250,Company,2014,"501,241 miles",Netherlands,Reefer Trucks,Scania P250,https://www.mascus.com/transportation/temperature-controlled-trucks/scania-p250/9feh5h3f.html
International MV,Company,2024,"182,531 miles",Canada,Box trucks,International MV,https://www.mascus.com/transportation/box-body-trucks/international-mv/4h6kajfq.html
Scania Streamline R580 6x2*4,Company,2015,"710,219 miles",Sweden,Reefer Trucks,Scania Streamline R580 6x2*4,https://www.mascus.com/transportation/temperature-controlled-trucks/scania-streamline-r580-6x2-4/8j5p7fip.html
Mercedes-Benz 2225B SK 6X4 V8 Big-Axle Steelsuspension 12m3 3-Se,Company,1989,"330,935 miles",Netherlands,Dump Trucks,Mercedes-Benz 2225B SK 6X4 V8 Big-Axle Steelsuspension 12m3 3-Se,https://www.mascus.com/transportation/tipper-trucks/mercedes-benz-2225b-sk-6x4-v8-big-axle-steelsuspension-12m3-3-se/gq3o7man.html
Mercedes-Benz Actros 2541 Pritsche Heckkran Palfinger PK 34002,Company,2012,"497,800 miles",Germany,Flatbed Trucks,Mercedes-Benz Actros 2541 Pritsche Heckkran Palfinger PK 34002,https://www.mascus.com/transportation/flatbed-dropside-trucks/mercedes-benz-actros-2541-pritsche-heckkran-palfinger-pk-34002/eo3lbmeu.html
DAF XF 105 Manual Hook 30TON 8X2,Company,2008,"510,753 miles",Netherlands,Hook lift trucks,DAF XF 105 Manual Hook 30TON 8X2,https://www.mascus.com/transportation/hook-lift-trucks/daf-xf-105-manual-hook-30ton-8x2/5pijdohq.html
Volvo FH540 6x4 Tipper Truck – Spreader Hydraulics – Pre,Company,2018,"265,325 miles",Norway,Dump Trucks,Volvo FH540 6x4 Tipper Truck – Spreader Hydraulics – Pre,https://www.mascus.com/transportation/tipper-trucks/volvo-fh540-6x4-tipper-truck-spreader-hydraulics-pre/9odmaifh.html
Ford E-350,Company,2022,"106,727 miles",United States,Box trucks,Ford E-350,https://www.mascus.com/transportation/box-body-trucks/ford-e-350/4tipbhbj.html
"Volvo FH 16 / 750, 8+2x4 Tungtrekker Med 2019 Vang 3+1 A",Company,2017,"309,303 miles",Norway,Other Trucks,"Volvo FH 16 / 750, 8+2x4 Tungtrekker med 2019 Vang 3+1 a",https://www.mascus.com/transportation/other-trucks/volvo-fh-16-750-8-2x4-tungtrekker-med-2019-vang-3-1-a/atil4pdn.html
Renault 220 DCI // CITERNE ALU 10.000L + 4COMP,Company,2006,"289,999 miles",Belgium,Tank Trucks,Renault 220 DCI // CITERNE ALU 10.000L + 4COMP,https://www.mascus.com/transportation/tank-trucks/renault-220-dci-citerne-alu-10-000l-4comp/djamdg6h.html
"Iveco X-Way AD300X42Z 6x4, Motorabtrieb",Company,,,Germany,Cab & Chassis Trucks,"Iveco X-Way AD300X42Z 6x4, Motorabtrieb",https://www.mascus.com/transportation/chassis-cab-trucks/iveco-x-way-ad300x42z-6x4-motorabtrieb/ft9n9rhu.html
Mercedes-Benz Arocs 4142 JunJin 43-5.16 HP,Company,2020,"108,119 miles",Poland,Concrete Trucks,Mercedes-Benz Arocs 4142 JunJin 43-5.16 HP,https://www.mascus.com/transportation/concrete-trucks/mercedes-benz-arocs-4142-junjin-43-5-16-hp/9fbj6lcu.html
Iveco EUROCARGO ML75E18/P,Company,2012,"389,488 miles",Italy,Other Trucks,Iveco EUROCARGO ML75E18/P,https://www.mascus.com/transportation/other-trucks/iveco-eurocargo-ml75e18-p/6t8sgffs.html
Volvo FH 16,Company,2017,"694,258 miles",Finland,Cab & Chassis Trucks,Volvo FH 16,https://www.mascus.com/transportation/chassis-cab-trucks/volvo-fh-16/ap3jci5l.html
Peterbilt 567,Company,2026,"1,307 miles",United States,Dump Trucks,Peterbilt 567,https://www.mascus.com/transportation/tipper-trucks/peterbilt-567/5nagat5l.html
Truck Dump Body,Company,0,,Canada,Dump Trucks,Truck Dump Body,https://www.mascus.com/transportation/tipper-trucks/truck-dump-body/4rbhftcg.html
Morgan 14 Ft Reefer,Company,2014,,United States,Other Trucks,Morgan 14 Ft Reefer,https://www.mascus.com/transportation/other-trucks/morgan-14-ft-reefer/ef4sfs4o.html
International 4300,Company,2015,"378,893 miles",United States,Box trucks,International 4300,https://www.mascus.com/transportation/box-body-trucks/international-4300/cu3r5fhq.html
Renault MIDLUM 240 DXI 4x4 Palfinger PK23002 Crane,Company,2008,"45,038 miles",Poland,Boom / Crane / Bucket Trucks,Renault MIDLUM 240 DXI 4x4 Palfinger PK23002 Crane,https://www.mascus.com/transportation/crane-trucks/renault-midlum-240-dxi-4x4-palfinger-pk23002-crane/atii6q7q.html
DAF XF 450 6×2 / 2025 / NEW KRONE 20 EPAL Refrigerator,Company,2025,,Poland,Reefer Trucks,DAF XF 450 6×2 / 2025 / NEW KRONE 20 EPAL Refrigerator,https://www.mascus.com/transportation/temperature-controlled-trucks/daf-xf-450-6x2-2025-new-krone-20-epal-refrigerator/8pemgr9l.html
Volvo VAH,Company,,,,,,https://www.mascus.com/transportation/vehicle-transporters/volvo-vah/glcq8kfp.html
Volvo FMX 420,Company,2014,"364,196 miles",Portugal,Dump Trucks,Volvo FMX 420,https://www.mascus.com/transportation/tipper-trucks/volvo-fmx-420/5q6u6g7h.html
Renault Midlum 220Dxi - CS – R-027,Company,2012,,Spain,Reefer Trucks,Renault Midlum 220Dxi - CS – R-027,https://www.mascus.com/transportation/temperature-controlled-trucks/renault-midlum-220dxi-cs-r-027/eo9m3ncp.html
Iveco ML 12E21,Company,2005,"226,633 miles",Czech Republic,Flatbed Trucks,Iveco ML 12E21,https://www.mascus.com/transportation/flatbed-dropside-trucks/iveco-ml-12e21/eufnhp7n.html
MAN 8.160 TGL 8.8T AIRCO TAILLIFT,Company,2018,"274,913 miles",Netherlands,Box trucks,MAN 8.160 TGL 8.8T AIRCO TAILLIFT,https://www.mascus.com/transportation/box-body-trucks/man-8-160-tgl-8-8t-airco-taillift/7fighmbq.html
Hino 268,Company,2019,"176,538 miles",United States,Flatbed Trucks,Hino 268,https://www.mascus.com/transportation/flatbed-dropside-trucks/hino-268/ctclffin.html
Ford F-350 SUPER DUTY,Company,2017,,United States,Other Trucks,Ford F-350 SUPER DUTY,https://www.mascus.com/transportation/other-trucks/ford-f-350-super-duty/3jgfclgp.html
Mercedes-Benz ATEGO / 1621 / EURO 6 / IZOTERMA / ŁAD. 9800 KG,Company,2018,"198,839 miles",Poland,Reefer Trucks,Mercedes-Benz ATEGO / 1621 / EURO 6 / IZOTERMA / ŁAD. 9800 KG,https://www.mascus.com/transportation/temperature-controlled-trucks/mercedes-benz-atego-1621-euro-6-izoterma-lad-9800-kg/fm3k4ghr.html
Mercedes-Benz Atego 1218,Company,2007,"202,567 miles",Germany,Boom / Crane / Bucket Trucks,Mercedes-Benz Atego 1218,https://www.mascus.com/transportation/crane-trucks/mercedes-benz-atego-1218/9s7fap8j.html
Howo 371 6x4,Company,2025,"2,796 miles",China,Dump Trucks,Howo 371 6x4,https://www.mascus.com/transportation/tipper-trucks/howo-371-6x4/9pghitbj.html
Volvo FH 460,Company,2021,"483,427 miles",Poland,Curtain Side Trucks,Volvo FH 460,https://www.mascus.com/transportation/curtainsider-trucks/volvo-fh-460/fggldocq.html
Mercedes-Benz 963-2-F,Company,2016,"152,236 miles",Czech Republic,Dump Trucks,Mercedes-Benz 963-2-F,https://www.mascus.com/transportation/tipper-trucks/mercedes-benz-963-2-f/7n7sfh4n.html
Mercedes-Benz 1018,Company,2007,"111,847 miles",Lithuania,Box trucks,Mercedes-Benz 1018,https://www.mascus.com/transportation/box-body-trucks/mercedes-benz-1018/6jbt3r4s.html
Mercedes-Benz Atego 818,Company,2001,"203,561 miles",Finland,Box trucks,Mercedes-Benz Atego 818,https://www.mascus.com/transportation/box-body-trucks/mercedes-benz-atego-818/ir3kij5u.html
Mercedes-Benz Antos 2532 Dobbelt Compartment,Company,2017,"299,501 miles",Denmark,Reefer Trucks,Mercedes-Benz Antos 2532 dobbelt compartment,https://www.mascus.com/transportation/temperature-controlled-trucks/mercedes-benz-antos-2532-dobbelt-compartment/8g9mdtii.html
Mitsubishi Fuso FE,Company,2012,"62,621 miles",United States,Flatbed Trucks,Mitsubishi Fuso FE,https://www.mascus.com/transportation/flatbed-dropside-trucks/mitsubishi-fuso-fe/ijij4qck.html
Scania R 450,Company,2019,"370,337 miles",Denmark,Car Haulers,Scania R 450,https://www.mascus.com/transportation/vehicle-transporters/scania-r-450/bj3h7kgg.html
Mercedes-Benz Actros 1846 4x4 SWS Kipper/SZM,Company,2002,"247,927 miles",Switzerland,Dump Trucks,Mercedes-Benz Actros 1846 4x4 SWS Kipper/SZM,https://www.mascus.com/transportation/tipper-trucks/mercedes-benz-actros-1846-4x4-sws-kipper-szm/5hcpejel.html
"GMC 3500 Flatbed Truck, Diesel, 4x4",Company,2019,"52,500 miles",United States,Flatbed Trucks,"GMC 3500 Flatbed Truck, Diesel, 4x4",https://www.mascus.com/transportation/flatbed-dropside-trucks/gmc-3500-flatbed-truck-diesel-4x4/9r6qeqfr.html
Freightliner Cascadia,Company,,,United States,Tank Trucks,Freightliner Cascadia,https://www.mascus.com/transportation/tank-trucks/freightliner-cascadia/irdfchfr.html
Isuzu NRR,Company,2018,"189,678 miles",Canada,Box trucks,Isuzu NRR,https://www.mascus.com/transportation/box-body-trucks/isuzu-nrr/fugsefap.html
Hino 155,Company,,,,,,https://www.mascus.com/transportation/box-body-trucks/hino-155/9iikeogf.html
Lastväxlare Schaktflak / Bergflak,Company,,,Sweden,Hook lift trucks,Lastväxlare Schaktflak / Bergflak,https://www.mascus.com/transportation/hook-lift-trucks/lastvaxlare-schaktflak-bergflak/fr5nbi6i.html
Iveco Stralis 420,Company,,"602,730 miles",Hungary,Reefer Trucks,Iveco Stralis 420,https://www.mascus.com/transportation/temperature-controlled-trucks/iveco-stralis-420/5maf4s8k.html
MAN TGS 41.470*BOARDMATIC*MEILER KIPPER*WENIG KM*,Company,2020,"69,826 miles",Germany,Dump Trucks,MAN TGS 41.470*BOARDMATIC*MEILER KIPPER*WENIG KM*,https://www.mascus.com/transportation/tipper-trucks/man-tgs-41-470-boardmatic-meiler-kipper-wenig-km/9q7g9nfn.html
MAN TGL 10 / 12.180 4x2 With Lift /Ramp,Company,2006,"545,564 miles",Denmark,Box trucks,MAN TGL 10 / 12.180 4x2 with lift /ramp,https://www.mascus.com/transportation/box-body-trucks/man-tgl-10-12-180-4x2-with-lift-ramp/dj4o8f4q.html
Mercedes-Benz AROCS 4145,Company,,"131,731 miles",Hungary,Dump Trucks,Mercedes-Benz AROCS 4145,https://www.mascus.com/transportation/tipper-trucks/mercedes-benz-arocs-4145/dq8i5tal.html
DAF FA LF280 4x2 Daycab Euro6 - Sliding Tarpaulin Body,Company,2014,"314,874 miles",Netherlands,Curtain Side Trucks,DAF FA LF280 4x2 Daycab Euro6 - Sliding tarpaulin body,https://www.mascus.com/transportation/curtainsider-trucks/daf-fa-lf280-4x2-daycab-euro6-sliding-tarpaulin-body/eqfich5m.html
Volvo FH540,Company,2026,,Sweden,Dump Trucks,Volvo FH540,https://www.mascus.com/transportation/tipper-trucks/volvo-fh540/dnerisej.html
Ford F-750,Company,2005,"63,668 miles",United States,Other Trucks,Ford F-750,https://www.mascus.com/transportation/other-trucks/ford-f-750/gl8n5p3h.html
"DAF LF 45.180 Na Náhradní Díly 4,1",Company,2007,1 miles,Czech Republic,Flatbed Trucks,"DAF LF 45.180 na náhradní díly 4,1",https://www.mascus.com/transportation/flatbed-dropside-trucks/daf-lf-45-180-na-nahradni-dily-4-1/el9obr9h.html
MAN TGS 18.440 BLS 4x4 (+cardan)+STETTER 10M3,Company,2011,"318,321 miles",Belgium,Concrete Trucks,MAN TGS 18.440 BLS 4x4 (+cardan)+STETTER 10M3,https://www.mascus.com/transportation/concrete-trucks/man-tgs-18-440-bls-4x4-cardan-stetter-10m3/hl6sci5i.html
Isuzu NPRHD,Company,2019,"103,194 miles",United States,Box trucks,Isuzu NPRHD,https://www.mascus.com/transportation/box-body-trucks/isuzu-nprhd/efhudten.html
Volvo FM410 6X2,Company,2013,"257,869 miles",Finland,Other Trucks,Volvo FM410 6X2,https://www.mascus.com/transportation/other-trucks/volvo-fm410-6x2/7o4f9mit.html
Volvo FL 250 4X2 EURO 6 CARGO LOCK DHOLLANDIA,Company,2018,"213,050 miles",Netherlands,Box trucks,Volvo FL 250 4X2 EURO 6 CARGO LOCK DHOLLANDIA,https://www.mascus.com/transportation/box-body-trucks/volvo-fl-250-4x2-euro-6-cargo-lock-dhollandia/4oej6g6q.html
MAN TGL 8.190 4X2 8tonner 1000kg Ladebordwand Manual E,Company,,,,,,https://www.mascus.com/transportation/box-body-trucks/man-tgl-8-190-4x2-8tonner-1000kg-ladebordwand-manual-e/5i9rghfh.html
Peterbilt 567,Company,2026,,United States,Dump Trucks,Peterbilt 567,https://www.mascus.com/transportation/tipper-trucks/peterbilt-567/ij5oepfn.html
Renault C280 DTI 8 / HDS Fassi F135A.22 / Remote Control,Company,2020,"149,129 miles",Poland,Flatbed Trucks,Renault C280 DTI 8 / HDS Fassi F135A.22 / remote control,https://www.mascus.com/transportation/flatbed-dropside-trucks/renault-c280-dti-8-hds-fassi-f135a-22-remote-control/aq6h8jaf.html
MAN 7.150 TGL,Company,2014,"314,365 miles",Netherlands,Box trucks,MAN 7.150 TGL,https://www.mascus.com/transportation/box-body-trucks/man-7-150-tgl/ep9ndn6l.html
Mack GR84F,Company,2019,"233,870 miles",United States,Dump Trucks,Mack GR84F,https://www.mascus.com/transportation/tipper-trucks/mack-gr84f/btbl9j6n.html
MAN TGA 26.360 Kieper Met Pk 10000,Company,2008,"518,816 miles",Netherlands,Dump Trucks,MAN TGA 26.360 kieper met pk 10000,https://www.mascus.com/transportation/tipper-trucks/man-tga-26-360-kieper-met-pk-10000/5i9o7kat.html
Scania R470 6x2,Company,2005,"277,380 miles",Finland,Dump Trucks,Scania R470 6x2,https://www.mascus.com/transportation/tipper-trucks/scania-r470-6x2/affjinet.html
Renault MIDLUM 280-16L Closed Box Truck,Company,2009,"264,207 miles",Netherlands,Box trucks,Renault MIDLUM 280-16L closed box truck,https://www.mascus.com/transportation/box-body-trucks/renault-midlum-280-16l-closed-box-truck/bkbpbkdn.html
Peterbilt 357,Company,2007,,United States,Concrete Trucks,Peterbilt 357,https://www.mascus.com/transportation/concrete-trucks/peterbilt-357/4f4jbkag.html
Ford E450,Company,2007,"103,705 miles",Canada,Box trucks,Ford E450,https://www.mascus.com/transportation/box-body-trucks/ford-e450/6nhu7sat.html
Mercedes-Benz Atego 1223,Company,2003,"74,440 miles",Germany,Box trucks,Mercedes-Benz Atego 1223,https://www.mascus.com/transportation/box-body-trucks/mercedes-benz-atego-1223/5uancoip.html
Mercedes-Benz ATEGO 1524 AIRCO TAILLIFT AHK,Company,2021,"217,925 miles",Netherlands,Curtain Side Trucks,Mercedes-Benz ATEGO 1524 AIRCO TAILLIFT AHK,https://www.mascus.com/transportation/curtainsider-trucks/mercedes-benz-atego-1524-airco-taillift-ahk/4jaqaldn.html
DAF CF 26.330 + CARRIER SUPRA + LOADLIFT,Company,2014,"515,260 miles",Netherlands,Reefer Trucks,DAF CF 26.330 + CARRIER SUPRA + LOADLIFT,https://www.mascus.com/transportation/temperature-controlled-trucks/daf-cf-26-330-carrier-supra-loadlift/ho7k4r9g.html
MAN TGM12.250,Company,2016,"335,042 miles",Belgium,Box trucks,MAN TGM12.250,https://www.mascus.com/transportation/box-body-trucks/man-tgm12-250/9hfjgj9n.html
Jeep 6x6 Military Command Van Truck,Company,1966,"6,273 miles",United States,Box trucks,Jeep 6x6 Military Command Van Truck,https://www.mascus.com/transportation/box-body-trucks/jeep-6x6-military-command-van-truck/cf3pdm8i.html
Terex FD4000,Company,2021,,United States,Concrete Trucks,Terex FD4000,https://www.mascus.com/transportation/concrete-trucks/terex-fd4000/dl6kbg5h.html
Scania R480LB 8x4 Lastväxlarbil,Company,2011,"36,186 miles",Sweden,Container Trucks,Scania R480LB 8x4 Lastväxlarbil,https://www.mascus.com/transportation/containerframe-trucks/scania-r480lb-8x4-lastvaxlarbil/bq7r5jdl.html
Howo 375 6x4,Company,2023,"7,767 miles",China,Dump Trucks,Howo 375 6x4,https://www.mascus.com/transportation/tipper-trucks/howo-375-6x4/9saffh9t.html
Mercedes-Benz ATEGO 1230,Company,2022,"461,795 miles",Hungary,Reefer Trucks,Mercedes-Benz ATEGO 1230,https://www.mascus.com/transportation/temperature-controlled-trucks/mercedes-benz-atego-1230/7famcqdr.html
Volvo FM 370 6x2*4 FOR SALE AS CHASSIS / CHASSIS L=7200,Company,2019,"204,942 miles",Estonia,Cab & Chassis Trucks,Volvo FM 370 6x2*4 FOR SALE AS CHASSIS / CHASSIS L=7200,https://www.mascus.com/transportation/chassis-cab-trucks/volvo-fm-370-6x2-4-for-sale-as-chassis-chassis-l-7200/gp6hcpar.html
Mercedes-Benz Atego 1224,Company,2013,"233,078 miles",Hungary,Reefer Trucks,Mercedes-Benz Atego 1224,https://www.mascus.com/transportation/temperature-controlled-trucks/mercedes-benz-atego-1224/dgflhtek.html
Scania R 730 8x4 PK27002 / HIAB XR 20 Ton / L=5300 Mm,Company,2016,"353,995 miles",Estonia,Boom / Crane / Bucket Trucks,Scania R 730 8x4 PK27002 / HIAB XR 20 ton / L=5300 mm,https://www.mascus.com/transportation/crane-trucks/scania-r-730-8x4-pk27002-hiab-xr-20-ton-l-5300-mm/dtct3oij.html
"Peterbilt 337 12' Dump Truck, PX9, Allison",Company,2020,"79,532 miles",United States,Dump Trucks,"Peterbilt 337 12' Dump Truck, PX9, Allison",https://www.mascus.com/transportation/tipper-trucks/peterbilt-337-12-dump-truck-px9-allison/gngl9fit.html
Renault D 250 11.9T A/C NEW ENGINE,Company,2019,"324,084 miles",Netherlands,Box trucks,Renault D 250 11.9T A/C NEW ENGINE,https://www.mascus.com/transportation/box-body-trucks/renault-d-250-11-9t-a-c-new-engine/4jenfrap.html
Mercedes-Benz ANTOS 1840 MP5 LIFT AIRCO,Company,2020,"387,551 miles",Netherlands,Curtain Side Trucks,Mercedes-Benz ANTOS 1840 MP5 LIFT AIRCO,https://www.mascus.com/transportation/curtainsider-trucks/mercedes-benz-antos-1840-mp5-lift-airco/ik4j4gho.html
Ford E350,Company,2021,"101,119 miles",United States,Box trucks,Ford E350,https://www.mascus.com/transportation/box-body-trucks/ford-e350/bl9qehfl.html
Isuzu NQR,Company,2019,"172,921 miles",United States,Reefer Trucks,Isuzu NQR,https://www.mascus.com/transportation/temperature-controlled-trucks/isuzu-nqr/4h4o3tdg.html
Volvo FH 12-16 PURKUOSIA,Company,,,Finland,Other Trucks,Volvo FH 12-16 PURKUOSIA,https://www.mascus.com/transportation/other-trucks/volvo-fh-12-16-purkuosia/4netfpdi.html
Volvo FM 430 6X2 + SCHADE/DAMAGE/UNFALL/HAAKARMSYSTEEM/A,Company,2023,"72,514 miles",Netherlands,Hook lift trucks,Volvo FM 430 6X2 + SCHADE/DAMAGE/UNFALL/HAAKARMSYSTEEM/A,https://www.mascus.com/transportation/hook-lift-trucks/volvo-fm-430-6x2-schade-damage-unfall-haakarmsysteem-a/dmau4qht.html
MAN TGS 33.440 MAN TGS 33.440 6x6 3-Seiten- Kipper Eur,Company,2025,,Germany,Dump Trucks,MAN TGS 33.440 MAN TGS 33.440 6x6 3-Seiten- Kipper Eur,https://www.mascus.com/transportation/tipper-trucks/man-tgs-33-440-man-tgs-33-440-6x6-3-seiten-kipper-eur/6phgfhgu.html
Volvo FH 420 - Tilt Truck,Company,,"525,058 miles",Hungary,Winch trucks,Volvo FH 420 - Tilt truck,https://www.mascus.com/transportation/beavertail-flatbed---winch-trucks/volvo-fh-420-tilt-truck/3u8ubo6j.html
Mählers Plog Med Sving Og Fjærende Slitestål,Company,1900,621 miles,Norway,Other Trucks,Mählers plog med sving og fjærende slitestål,https://www.mascus.com/transportation/other-trucks/mahlers-plog-med-sving-og-fjarende-slitestal/cl9rah5r.html
Chevrolet FVZ-217,Company,2017,,Colombia,Dump Trucks,Chevrolet FVZ-217,https://www.mascus.com/transportation/tipper-trucks/chevrolet-fvz-217/bkbjgj6p.html
Howo 336 6x4,Company,2025,"4,089 miles",China,Dump Trucks,Howo 336 6x4,https://www.mascus.com/transportation/tipper-trucks/howo-336-6x4/hq5k9k7f.html
Scania R480 6x2 Box Truck – Fridge/Freezer,Company,2011,"587,817 miles",Norway,Box trucks,Scania R480 6x2 Box Truck – Fridge/Freezer,https://www.mascus.com/transportation/box-body-trucks/scania-r480-6x2-box-truck-fridge-freezer/5hgg7nbl.html
Mack GR64B,Company,2021,"441,672 miles",United States,Container Trucks,Mack GR64B,https://www.mascus.com/transportation/containerframe-trucks/mack-gr64b/ds6qar8i.html
Scania R 420 6X4,Company,2006,,Finland,Dump Trucks,Scania R 420 6X4,https://www.mascus.com/transportation/tipper-trucks/scania-r-420-6x4/4lgq8jbj.html
Volkswagen Transporter T6 Long 4-Motion 4x4 Refrigerated Van,Company,,"89,339 miles",Hungary,Other Trucks,Volkswagen Transporter T6 Long 4-Motion 4x4 Refrigerated Van,https://www.mascus.com/transportation/other-trucks/volkswagen-transporter-t6-long-4-motion-4x4-refrigerated-van/6jeqiqir.html
RAM 4500 HD,Company,2023,"50,000 miles",United States,Flatbed Trucks,RAM 4500 HD,https://www.mascus.com/transportation/flatbed-dropside-trucks/ram-4500-hd/3n4idphh.html
Renault Premium 430 6X2 Fuel Tank Retarder Lift+Steering A,Company,2014,"394,945 miles",Netherlands,Tank Trucks,Renault Premium 430 6X2 Fuel Tank Retarder Lift+Steering A,https://www.mascus.com/transportation/tank-trucks/renault-premium-430-6x2-fuel-tank-retarder-lift-steering-a/bj7u9gdf.html
MAN TGS 35.420 8X2-6 Haken/ Silo M-TEC HLS 20,Company,2020,"176,656 miles",Germany,Hook lift trucks,MAN TGS 35.420 8X2-6 Haken/ Silo M-TEC HLS 20,https://www.mascus.com/transportation/hook-lift-trucks/man-tgs-35-420-8x2-6-haken-silo-m-tec-hls-20/fk8fgocu.html
Volvo FH16 8x4  750,Company,2007,"745,645 miles",Finland,Log trucks,Volvo FH16 8x4  750,https://www.mascus.com/transportation/timber-trucks/volvo-fh16-8x4-750/ifhm3qcm.html
Nissan NT400,Company,2016,,France,Dump Trucks,Nissan NT400,https://www.mascus.com/transportation/tipper-trucks/nissan-nt400/5keqin4n.html
Sisu CK16M 10x4,Company,2017,"446,766 miles",Finland,Dump Trucks,Sisu CK16M 10x4,https://www.mascus.com/transportation/tipper-trucks/sisu-ck16m-10x4/6kaogicl.html
MAN TGX 18.470,Company,2020,"394,571 miles",Hungary,Curtain Side Trucks,MAN TGX 18.470,https://www.mascus.com/transportation/curtainsider-trucks/man-tgx-18-470/dh3sfr7t.html
MAN TGM 32.340 8x4 Marchesi Kran Abrollkipper Hyva,Company,2011,"109,812 miles",Germany,Hook lift trucks,MAN TGM 32.340 8x4 marchesi Kran Abrollkipper Hyva,https://www.mascus.com/transportation/hook-lift-trucks/man-tgm-32-340-8x4-marchesi-kran-abrollkipper-hyva/fighfi3h.html
MAN TGM 18.250,Company,2014,"201,946 miles",Denmark,Box trucks,MAN TGM 18.250,https://www.mascus.com/transportation/box-body-trucks/man-tgm-18-250/9u9obp7s.html
MAN TGS 26.440 6x4 BB,Company,,,Germany,Hook lift trucks,MAN TGS 26.440 6x4 BB,https://www.mascus.com/transportation/hook-lift-trucks/man-tgs-26-440-6x4-bb/eneqfg5n.html
Iveco Daily 40 C17,Company,2016,"83,885 miles",Croatia,Other Trucks,Iveco Daily 40 C17,https://www.mascus.com/transportation/other-trucks/iveco-daily-40-c17/4u8h7qih.html
Mitsubishi Fuso Canter 7C15,Company,2010,"302,846 miles",Portugal,Curtain Side Trucks,Mitsubishi Fuso Canter 7C15,https://www.mascus.com/transportation/curtainsider-trucks/mitsubishi-fuso-canter-7c15/gl7ibsbj.html
Mack,Company,1979,,United States,Dump Trucks,Mack,https://www.mascus.com/transportation/tipper-trucks/mack/5kcuei6u.html
Isuzu NPR,Company,2022,"43,159 miles",United States,Box trucks,Isuzu NPR,https://www.mascus.com/transportation/box-body-trucks/isuzu-npr/il8u6o3t.html
Ford F-550,Company,2014,"305,009 miles",United States,Skip loader trucks,Ford F-550,https://www.mascus.com/transportation/skip-loader-trucks/ford-f-550/aj5t7jcp.html
Mack Granite GR64B,Company,2023,,United States,Other Trucks,Mack Granite GR64B,https://www.mascus.com/transportation/other-trucks/mack-granite-gr64b/4uis3u4u.html
Peterbilt 548,Company,2023,,United States,Cab & Chassis Trucks,Peterbilt 548,https://www.mascus.com/transportation/chassis-cab-trucks/peterbilt-548/4j6l4gbu.html
Mack GR84F,Company,2020,"241,523 miles",United States,Dump Trucks,Mack GR84F,https://www.mascus.com/transportation/tipper-trucks/mack-gr84f/7iii5lgn.html
Mitsubishi Fuso FV 500,Company,2008,"332,985 miles",Australia,Dump Trucks,Mitsubishi Fuso FV 500,https://www.mascus.com/transportation/tipper-trucks/mitsubishi-fuso-fv-500/au7lhh7u.html
Mercedes-Benz Actros 4140 Meiller Kipper 8x4 V6 EPS Gearbox 3 Pe,Company,2001,"215,232 miles",Netherlands,Dump Trucks,Mercedes-Benz Actros 4140 Meiller Kipper 8x4 V6 EPS Gearbox 3 Pe,https://www.mascus.com/transportation/tipper-trucks/mercedes-benz-actros-4140-meiller-kipper-8x4-v6-eps-gearbox-3-pe/4f9h5i4q.html
Scania P320,Company,2016,"608,137 miles",Germany,Reefer Trucks,Scania P320,https://www.mascus.com/transportation/temperature-controlled-trucks/scania-p320/cs4ienig.html
Mercedes-Benz Arocs 2533 6x2*Meiller AK16T*Lift-Lenk*AHK,Company,2015,"288,450 miles",Germany,Demountable Trucks,Mercedes-Benz Arocs 2533 6x2*Meiller AK16T*Lift-Lenk*AHK,https://www.mascus.com/transportation/demountables-trucks/mercedes-benz-arocs-2533-6x2-meiller-ak16t-lift-lenk-ahk/aobgit3n.html
Scania R500 6x2 + Crane HMF 2120,Company,2017,"341,754 miles",Hungary,Flatbed Trucks,Scania R500 6x2 + Crane HMF 2120,https://www.mascus.com/transportation/flatbed-dropside-trucks/scania-r500-6x2-crane-hmf-2120/fkim7gcg.html
"Kenworth Tandem Axle Cab Chassis, 25' 10 Of Frame, Allison",Company,2019,"47,185 miles",United States,Cab & Chassis Trucks,"Kenworth Tandem Axle Cab Chassis, 25' 10 Of Frame, Allison",https://www.mascus.com/transportation/chassis-cab-trucks/kenworth-tandem-axle-cab-chassis-25-10-of-frame-allison/fnch7odl.html
MAN TGS 28.520 6X4 NEW Palfinger PK24001 SLD 5 Kran 2-,Company,2023,310 miles,Netherlands,Dump Trucks,MAN TGS 28.520 6X4 NEW Palfinger PK24001 SLD 5 Kran 2-,https://www.mascus.com/transportation/tipper-trucks/man-tgs-28-520-6x4-new-palfinger-pk24001-sld-5-kran-2/fihlaj4i.html
Renault D16,Company,2014,"128,385 miles",Slovak Republic,Tank Trucks,Renault D16,https://www.mascus.com/transportation/tank-trucks/renault-d16/6k7hdmhu.html
Freightliner M2 106,Company,,,,,,https://www.mascus.com/transportation/temperature-controlled-trucks/freightliner-m2-106/aq5i9k7h.html
Scania R560 V8 8X4 - EURO 5 - MANUAL GEAR,Company,2010,"396,653 miles",Netherlands,Dump Trucks,Scania R560 V8 8X4 - EURO 5 - MANUAL GEAR,https://www.mascus.com/transportation/tipper-trucks/scania-r560-v8-8x4-euro-5-manual-gear/dtfr6lcg.html
MAN TGS 26.360,Company,2014,"317,311 miles",Germany,Skip loader trucks,MAN TGS 26.360,https://www.mascus.com/transportation/skip-loader-trucks/man-tgs-26-360/ar7silit.html
Renault PREMIUM 270 DXI +DHOLLANDIA 1.5T,Company,2011,"318,169 miles",Belgium,Curtain Side Trucks,Renault PREMIUM 270 DXI +DHOLLANDIA 1.5T,https://www.mascus.com/transportation/curtainsider-trucks/renault-premium-270-dxi-dhollandia-1-5t/8s8k3f5h.html
"Scania S 460 / FIRANKA  8,1 M / 60 M3 / SOLÓWKA / 6X2 / O",Company,2023,"174,605 miles",Hungary,Curtain Side Trucks,"Scania S 460 / FIRANKA  8,1 M / 60 M3 / SOLÓWKA / 6X2 / O",https://www.mascus.com/transportation/curtainsider-trucks/scania-s-460-firanka-8-1-m-60-m3-solowka-6x2-o/fu5pgl8g.html
"MAN TGX 26.500 Konttilaite+pl-Nostin,560tkm",Company,2018,"347,968 miles",Finland,Container Trucks,"MAN TGX 26.500 konttilaite+pl-nostin,560tkm",https://www.mascus.com/transportation/containerframe-trucks/man-tgx-26-500-konttilaite-pl-nostin-560tkm/8liq8qgu.html
"Mercedes-Benz Actros 2540 L 6x2, Lenk-/Liftachse, Kühlkoffer,",Company,2019,"201,014 miles",Germany,Reefer Trucks,"Mercedes-Benz Actros 2540 L 6x2, Lenk-/Liftachse, Kühlkoffer,",https://www.mascus.com/transportation/temperature-controlled-trucks/mercedes-benz-actros-2540-l-6x2-lenk-liftachse-kuhlkoffer/ig4obp8u.html
Isuzu NPR HD DC,Company,2015,"99,700 miles",United States,Cab & Chassis Trucks,Isuzu NPR HD DC,https://www.mascus.com/transportation/chassis-cab-trucks/isuzu-npr-hd-dc/il5f5fhp.html
Ford F 650 SD,Company,2017,"98,183 miles",United States,Flatbed Trucks,Ford F 650 SD,https://www.mascus.com/transportation/flatbed-dropside-trucks/ford-f-650-sd/7fht3jhp.html
Volvo FH 16,Company,2017,"126,138 miles",Finland,Dump Trucks,Volvo FH 16,https://www.mascus.com/transportation/tipper-trucks/volvo-fh-16/crbu9m8m.html
Renault T 380 * HIAB 111 B - 2 HIDUO + FUNK / 6x2!,Company,,"295,773 miles",Hungary,Flatbed Trucks,Renault T 380 * HIAB 111 B - 2 HIDUO + FUNK / 6x2!,https://www.mascus.com/transportation/flatbed-dropside-trucks/renault-t-380-hiab-111-b-2-hiduo-funk-6x2/3tioehap.html
Renault C 430 * Betonmischer * 8x4 * TOP,Company,2017,"113,711 miles",Poland,Concrete Trucks,Renault C 430 * Betonmischer * 8x4 * TOP,https://www.mascus.com/transportation/concrete-trucks/renault-c-430-betonmischer-8x4-top/iq3qil4h.html
Ford F-550,Company,2016,"70,938 miles",United States,Wood Chippers,Ford F-550,https://www.mascus.com/transportation/wood-chip-trucks/ford-f-550/7r8jdiag.html
Volvo FH 540 42T 4x2,Company,2018,"442,615 miles",Italy,Other Trucks,Volvo FH 540 42T 4x2,https://www.mascus.com/transportation/other-trucks/volvo-fh-540-42t-4x2/cudi7tiu.html
Renault Midlum 270 4x2 Gas Tank 18.7 M3,Company,2011,"258,801 miles",Netherlands,Tank Trucks,Renault Midlum 270 4x2 gas tank 18.7 m3,https://www.mascus.com/transportation/tank-trucks/renault-midlum-270-4x2-gas-tank-18-7-m3/dr3gdmfs.html
"MAN TGL 10.220 Jumbozug 120m³,6,45+9,10m.,Hochdach!",Company,2021,"285,831 miles",Germany,Other Trucks,"MAN TGL 10.220 Jumbozug 120m³,6,45+9,10m.,Hochdach!",https://www.mascus.com/transportation/other-trucks/man-tgl-10-220-jumbozug-120m3-6-45-9-10m-hochdach/7u6qgtgk.html
"MAN TGS 26.420/470 6X2-4 BL, Lenk-/Liftachse,",Company,2019,"36,661 miles",Germany,Demountable Trucks,"MAN TGS 26.420/470 6X2-4 BL, Lenk-/Liftachse,",https://www.mascus.com/transportation/demountables-trucks/man-tgs-26-420-470-6x2-4-bl-lenk-liftachse/ihfrfj8o.html
Ford F 550 XLT SD,Company,2018,"84,055 miles",United States,Flatbed Trucks,Ford F 550 XLT SD,https://www.mascus.com/transportation/flatbed-dropside-trucks/ford-f-550-xlt-sd/fkgldo4m.html
Volvo FM 440 8x4/4 Sleeper Cab Euro 5 - VDL Hooklift Sys,Company,2008,"356,594 miles",Netherlands,Hook lift trucks,Volvo FM 440 8x4/4 Sleeper Cab Euro 5 - VDL Hooklift Sys,https://www.mascus.com/transportation/hook-lift-trucks/volvo-fm-440-8x4-4-sleeper-cab-euro-5-vdl-hooklift-sys/8h4rgpas.html
Volvo FM 420 6x2 L.Z.V. + Tracon Dolly,Company,2018,"361,017 miles",Netherlands,Box trucks,Volvo FM 420 6x2 L.Z.V. + Tracon Dolly,https://www.mascus.com/transportation/box-body-trucks/volvo-fm-420-6x2-l-z-v-tracon-dolly/btci6s7m.html
Volvo FM 500,Company,2017,"237,364 miles",Ireland,Hook lift trucks,Volvo FM 500,https://www.mascus.com/transportation/hook-lift-trucks/volvo-fm-500/il3k5r9u.html
Freightliner Cascadia,Company,2020,"542,001 miles",United States,Other Trucks,Freightliner Cascadia,https://www.mascus.com/transportation/other-trucks/freightliner-cascadia/9uduifik.html
"Peterbilt 337 10' Dump Truck, PX9",Company,2021,"86,566 miles",United States,Dump Trucks,"Peterbilt 337 10' Dump Truck, PX9",https://www.mascus.com/transportation/tipper-trucks/peterbilt-337-10-dump-truck-px9/bmgmflht.html
Isuzu NRR,Company,2023,"42,330 miles",United States,Box trucks,Isuzu NRR,https://www.mascus.com/transportation/box-body-trucks/isuzu-nrr/cresdlgp.html
Sterling LT9500,Company,2004,"344,391 miles",United States,Dump Trucks,Sterling LT9500,https://www.mascus.com/transportation/tipper-trucks/sterling-lt9500/fi8nbnap.html
DAF LF 280 E6 Pritsche-Plane LDW LBW 299.960 Km,Company,2019,"186,386 miles",Germany,Curtain Side Trucks,DAF LF 280 E6 Pritsche-Plane LDW LBW 299.960 Km,https://www.mascus.com/transportation/curtainsider-trucks/daf-lf-280-e6-pritsche-plane-ldw-lbw-299-960-km/dghu5m4r.html
Howo 371 6x4,Company,2024,"2,796 miles",China,Dump Trucks,Howo 371 6x4,https://www.mascus.com/transportation/tipper-trucks/howo-371-6x4/6ugo5nes.html
Mercedes-Benz ATEGO 1321 + Tail Lift,Company,2018,"222,772 miles",Hungary,Reefer Trucks,Mercedes-Benz ATEGO 1321 + Tail lift,https://www.mascus.com/transportation/temperature-controlled-trucks/mercedes-benz-atego-1321-tail-lift/9i5fhs8u.html
"Volvo FH 500 6x2 Chassis BDF, Full-Air, Lift, VEB+ Euro",Company,2016,"665,488 miles",Netherlands,Cab & Chassis Trucks,"Volvo FH 500 6x2 chassis BDF, full-air, lift, VEB+ euro",https://www.mascus.com/transportation/chassis-cab-trucks/volvo-fh-500-6x2-chassis-bdf-full-air-lift-veb-euro/5s6n5t4t.html
Volvo FH 13 500,Company,2015,"612,050 miles",Finland,Container Trucks,Volvo FH 13 500,https://www.mascus.com/transportation/containerframe-trucks/volvo-fh-13-500/hlgmaphm.html
MAN TGS26.360 * OBEN &Amp; UNTEN * 3 KAMMER * ALUFELGE,Company,2010,"406,377 miles",Germany,Tank Trucks,MAN TGS26.360 * OBEN & UNTEN * 3 KAMMER * ALUFELGE,https://www.mascus.com/transportation/tank-trucks/man-tgs26-360-oben-amp-unten-3-kammer-alufelge/dl3laldr.html
Scania R500 6x2 / Kiesling Meat Hook Refrigerated Truck,Company,2021,"292,044 miles",Poland,Reefer Trucks,Scania R500 6x2 / Kiesling meat hook refrigerated truck,https://www.mascus.com/transportation/temperature-controlled-trucks/scania-r500-6x2-kiesling-meat-hook-refrigerated-truck/7f5f8r3n.html
"Mercedes-Benz Arocs 1836 4x2, Meiller RK 14.55 Abrollkipper,",Company,2021,"33,879 miles",Germany,Hook lift trucks,"Mercedes-Benz Arocs 1836 4x2, Meiller RK 14.55 Abrollkipper,",https://www.mascus.com/transportation/hook-lift-trucks/mercedes-benz-arocs-1836-4x2-meiller-rk-14-55-abrollkipper/8qdt8r3h.html
International LT625,Company,2022,"520,001 miles",United States,Other Trucks,International LT625,https://www.mascus.com/transportation/other-trucks/international-lt625/7qgqbgef.html
Ford F-550,Company,2010,,United States,Dump Trucks,Ford F-550,https://www.mascus.com/transportation/tipper-trucks/ford-f-550/cjen4p3s.html
Kenworth T880,Company,2015,,United States,Tank Trucks,Kenworth T880,https://www.mascus.com/transportation/tank-trucks/kenworth-t880/bi5n8u9f.html
"DAF XD 370 FA 4x2, Thermo King T-800R, LBW, AHK, AC",Company,2025,,Germany,Reefer Trucks,"DAF XD 370 FA 4x2, Thermo King T-800R, LBW, AHK, AC",https://www.mascus.com/transportation/temperature-controlled-trucks/daf-xd-370-fa-4x2-thermo-king-t-800r-lbw-ahk-ac/4ufhhtcg.html
Isuzu NPR,Company,2017,"106,986 miles",United States,Box trucks,Isuzu NPR,https://www.mascus.com/transportation/box-body-trucks/isuzu-npr/aocsbkhs.html
Freightliner M2 112,Company,2021,"326,318 miles",United States,Flatbed Trucks,Freightliner M2 112,https://www.mascus.com/transportation/flatbed-dropside-trucks/freightliner-m2-112/7tbrehfs.html
"Mercedes-Benz Actros 3260 Actros 8X2 6,60m Chassis Full-Air Lift",Company,2012,"204,727 miles",Netherlands,Cab & Chassis Trucks,"Mercedes-Benz Actros 3260 Actros 8X2 6,60m Chassis Full-Air Lift",https://www.mascus.com/transportation/chassis-cab-trucks/mercedes-benz-actros-3260-actros-8x2-6-60m-chassis-full-air-lift/cf9j3mbr.html
Mercedes-Benz ATEGO 1624 / FASSI F105 Crane / + Tail Lift,Company,,"109,361 miles",Hungary,Flatbed Trucks,Mercedes-Benz ATEGO 1624 / FASSI F105 Crane / + Tail Lift,https://www.mascus.com/transportation/flatbed-dropside-trucks/mercedes-benz-atego-1624-fassi-f105-crane-tail-lift/dteg6r3j.html
Isuzu NPR-XD,Company,2023,"78,150 miles",United States,Box trucks,Isuzu NPR-XD,https://www.mascus.com/transportation/box-body-trucks/isuzu-npr-xd/asctauiu.html
Renault Midlum,Company,2002,"206,378 miles",France,Dump Trucks,Renault Midlum,https://www.mascus.com/transportation/tipper-trucks/renault-midlum/hi9q9h4f.html
Mercedes-Benz Actros 2542 6x2 Palfinger PK 22002 EH Crane,Company,2012,"322,540 miles",Hungary,Flatbed Trucks,Mercedes-Benz Actros 2542 6x2 Palfinger PK 22002 EH Crane,https://www.mascus.com/transportation/flatbed-dropside-trucks/mercedes-benz-actros-2542-6x2-palfinger-pk-22002-eh-crane/cmii3ucg.html
Mercedes-Benz ACTROS L / 2545 / ACC / E 6 / MP 5 / MEGA / ZESTAW,Company,2023,"260,976 miles",Hungary,Curtain Side Trucks,Mercedes-Benz ACTROS L / 2545 / ACC / E 6 / MP 5 / MEGA / ZESTAW,https://www.mascus.com/transportation/curtainsider-trucks/mercedes-benz-actros-l-2545-acc-e-6-mp-5-mega-zestaw/9lis9f6p.html
Renault Premium 440,Company,2006,"397,677 miles",Finland,Winch trucks,Renault Premium 440,https://www.mascus.com/transportation/beavertail-flatbed---winch-trucks/renault-premium-440/8ifs3fhi.html
Isuzu NPR HD,Company,2018,"161,546 miles",United States,Box trucks,Isuzu NPR HD,https://www.mascus.com/transportation/box-body-trucks/isuzu-npr-hd/7l4rdlbl.html
MAN TGS 26.480 6x6 PALFINGER PK 34002 SH Crane Winc,Company,2011,"341,187 miles",Hungary,Car Haulers,MAN TGS 26.480 6x6 PALFINGER PK 34002 SH Crane Winc,https://www.mascus.com/transportation/vehicle-transporters/man-tgs-26-480-6x6-palfinger-pk-34002-sh-crane-winc/5ggl7jfj.html
"DAF XF 105,410 + EURO 5 + 6X2 + ELEVATOR + MANUAL",Company,2014,"581,479 miles",Netherlands,Curtain Side Trucks,"DAF XF 105,410 + EURO 5 + 6X2 + ELEVATOR + MANUAL",https://www.mascus.com/transportation/curtainsider-trucks/daf-xf-105-410-euro-5-6x2-elevator-manual/ii7ibg6g.html
Iveco Daily 35S14 A8*R3.450mm*Automatik*3Sitze*,Company,,31 miles,Germany,Dump Trucks,Iveco Daily 35S14 A8*R3.450mm*Automatik*3Sitze*,https://www.mascus.com/transportation/tipper-trucks/iveco-daily-35s14-a8-r3-450mm-automatik-3sitze/aheqal8p.html
MAN Tgl 8.180 4x2 Bb,Company,2013,"193,246 miles",Finland,Box trucks,MAN Tgl 8.180 4x2 bb,https://www.mascus.com/transportation/box-body-trucks/man-tgl-8-180-4x2-bb/brhs3rgs.html
Mercedes-Benz Unimog U 400 4x4 3 Way Tipper,Company,,"89,826 miles",Hungary,Dump Trucks,Mercedes-Benz Unimog U 400 4x4 3 Way Tipper,https://www.mascus.com/transportation/tipper-trucks/mercedes-benz-unimog-u-400-4x4-3-way-tipper/6h3r6k3l.html
Mercedes-Benz Actros 2553 6x2 GIGASPACE / RETARDER / PLATFORM L=,Company,2018,"320,985 miles",Estonia,Flatbed Trucks,Mercedes-Benz Actros 2553 6x2 GIGASPACE / RETARDER / PLATFORM L=,https://www.mascus.com/transportation/flatbed-dropside-trucks/mercedes-benz-actros-2553-6x2-gigaspace-retarder-platform-l/drgn3nin.html
Western Star 4800FX,Company,2007,"491,099 miles",Australia,Dump Trucks,Western Star 4800FX,https://www.mascus.com/transportation/tipper-trucks/western-star-4800fx/ag7r3mel.html
Mack GR64B,Company,2027,,United States,Other Trucks,Mack GR64B,https://www.mascus.com/transportation/other-trucks/mack-gr64b/4hag4q9k.html
Kenworth T270,Company,2012,"286,729 miles",United States,Box trucks,Kenworth T270,https://www.mascus.com/transportation/box-body-trucks/kenworth-t270/eg4n8s3s.html
"Freightliner M2-106, Tandem Axle 24' Boxtruck",Company,2018,"111,797 miles",United States,Other Trucks,"Freightliner M2-106, Tandem Axle 24' Boxtruck",https://www.mascus.com/transportation/other-trucks/freightliner-m2-106-tandem-axle-24-boxtruck/4mfnct6q.html
Chevrolet 4500,Company,2018,"66,676 miles",United States,Other Trucks,Chevrolet 4500,https://www.mascus.com/transportation/other-trucks/chevrolet-4500/4pck9hej.html
Schwing S 28 X,Company,,,United States,Concrete Trucks,Schwing S 28 X,https://www.mascus.com/transportation/concrete-trucks/schwing-s-28-x/ikcr5nht.html
Mercedes-Benz Atego 1523,Company,2006,"98,487 miles",Finland,Demountable Trucks,Mercedes-Benz Atego 1523,https://www.mascus.com/transportation/demountables-trucks/mercedes-benz-atego-1523/hkdkhm5m.html
MAN TGX 26.440 6X2-2 BDF + KRONE BOX RETARDER BÄR LOAD,Company,2014,"472,347 miles",Netherlands,Demountable Trucks,MAN TGX 26.440 6X2-2 BDF + KRONE BOX RETARDER BÄR LOAD,https://www.mascus.com/transportation/demountables-trucks/man-tgx-26-440-6x2-2-bdf-krone-box-retarder-bar-load/7t5lao9j.html
Ford E350,Company,2021,"77,023 miles",United States,Box trucks,Ford E350,https://www.mascus.com/transportation/box-body-trucks/ford-e350/7thsdrdl.html
Scania R480lb6x2mnb,Company,2009,"225,752 miles",Sweden,Reefer Trucks,Scania R480lb6x2mnb,https://www.mascus.com/transportation/temperature-controlled-trucks/scania-r480lb6x2mnb/7reg7ggq.html
Scania Stöd 2225410,Company,,,Sweden,Other Trucks,Scania Stöd 2225410,https://www.mascus.com/transportation/other-trucks/scania-stod-2225410/imdq4uip.html
Mercedes-Benz School-Truck/Fahrschule/Actros2540/ExBW/6x2/73TK,Company,2017,"45,360 miles",Germany,Cab & Chassis Trucks,Mercedes-Benz School-Truck/Fahrschule/Actros2540/ExBW/6x2/73TK,https://www.mascus.com/transportation/chassis-cab-trucks/mercedes-benz-school-truck-fahrschule-actros2540-exbw-6x2-73tk/at3s4rcj.html
Ford F-750,Company,2019,"134,580 miles",United States,Dump Trucks,Ford F-750,https://www.mascus.com/transportation/tipper-trucks/ford-f-750/cfhh5nfu.html
Shacman F3000 6x4,Company,2024,"4,660 miles",China,Concrete Trucks,Shacman F3000 6x4,https://www.mascus.com/transportation/concrete-trucks/shacman-f3000-6x4/bl9k6thh.html
DAF LF260,Company,2020,"123,653 miles",Ireland,Other Trucks,DAF LF260,https://www.mascus.com/transportation/other-trucks/daf-lf260/hhesat9u.html
Ford F-750,Company,2015,,United States,Wood Chippers,Ford F-750,https://www.mascus.com/transportation/wood-chip-trucks/ford-f-750/7gdq3mbq.html
Volvo FM 330 4X2 NL-Truck HMF 1500 K3 Crane ADR 1500kg L,Company,2010,"238,681 miles",Netherlands,Flatbed Trucks,Volvo FM 330 4X2 NL-Truck HMF 1500 K3 Crane ADR 1500kg L,https://www.mascus.com/transportation/flatbed-dropside-trucks/volvo-fm-330-4x2-nl-truck-hmf-1500-k3-crane-adr-1500kg-l/ehhjfoij.html
Mercedes-Benz Sprinter 316 Pritsche Plane RWD KLIMA TEMPOMAT,Company,2021,"104,176 miles",Germany,Curtain Side Trucks,Mercedes-Benz Sprinter 316 Pritsche Plane RWD KLIMA TEMPOMAT,https://www.mascus.com/transportation/curtainsider-trucks/mercedes-benz-sprinter-316-pritsche-plane-rwd-klima-tempomat/6pdt9i8q.html
Scania P280 - PK 15500/3xhydr.,Company,2009,"195,867 miles",Belgium,Flatbed Trucks,Scania P280 - PK 15500/3xhydr.,https://www.mascus.com/transportation/flatbed-dropside-trucks/scania-p280-pk-15500-3xhydr/8ufffpbh.html
MAN TGS 26.460 6X2 20t Meiller Containersystem Automat,Company,2017,"273,675 miles",Netherlands,Hook lift trucks,MAN TGS 26.460 6X2 20t Meiller containersystem Automat,https://www.mascus.com/transportation/hook-lift-trucks/man-tgs-26-460-6x2-20t-meiller-containersystem-automat/9s5jimgq.html
Volvo FH 380 + 6X2 + MANUAL,Company,2003,"523,747 miles",Netherlands,Cab & Chassis Trucks,Volvo FH 380 + 6X2 + MANUAL,https://www.mascus.com/transportation/chassis-cab-trucks/volvo-fh-380-6x2-manual/6pgqarfh.html
"Mercedes-Benz Atego 1224L Fokor 6,2m Ksa-Umpikori, PL-Nostin",Company,2022,"50,238 miles",Finland,Box trucks,"Mercedes-Benz Atego 1224L Fokor 6,2m Ksa-umpikori, PL-nostin",https://www.mascus.com/transportation/box-body-trucks/mercedes-benz-atego-1224l-fokor-6-2m-ksa-umpikori-pl-nostin/er3gbo4l.html
Ford LT8000,Company,1996,"231,465 miles",United States,Dump Trucks,Ford LT8000,https://www.mascus.com/transportation/tipper-trucks/ford-lt8000/eparhu5s.html
MAN TGS 26.420 / 6x4 / WYWROTKA 2 STRONNA / HYDROBURTA,Company,2020,"114,954 miles",Hungary,Dump Trucks,MAN TGS 26.420 / 6x4 / WYWROTKA 2 STRONNA / HYDROBURTA,https://www.mascus.com/transportation/tipper-trucks/man-tgs-26-420-6x4-wywrotka-2-stronna-hydroburta/clbgffdr.html
"Scania R340, LB6X2*4HNA",Company,2006,,Finland,Hook lift trucks,"Scania R340, LB6X2*4HNA",https://www.mascus.com/transportation/hook-lift-trucks/scania-r340-lb6x2-4hna/cl5uhl3f.html
Volvo FH 500 8x4*4 MSM 9 M3 / MSM 9 M,Company,2012,"432,190 miles",Estonia,Concrete Trucks,Volvo FH 500 8x4*4 MSM 9 m3 / MSM 9 m,https://www.mascus.com/transportation/concrete-trucks/volvo-fh-500-8x4-4-msm-9-m3-msm-9-m/gg7lam9r.html
Renault C430,Company,2019,"94,530 miles",France,Concrete Trucks,Renault C430,https://www.mascus.com/transportation/concrete-trucks/renault-c430/aqcubn7f.html
Mercedes-Benz Arocs 3253 Kranväxlare,Company,2019,"150,192 miles",Sweden,Boom / Crane / Bucket Trucks,Mercedes-Benz Arocs 3253 Kranväxlare,https://www.mascus.com/transportation/crane-trucks/mercedes-benz-arocs-3253-kranvaxlare/9r9kesbp.html
Volvo FM 480,Company,2007,"618,687 miles",Sweden,Boom / Crane / Bucket Trucks,Volvo FM 480,https://www.mascus.com/transportation/crane-trucks/volvo-fm-480/chhkbqco.html
Volvo FH 500 8x4*4 Sora-Auto + RKP Kasettiperävaunu,Company,2010,"586,574 miles",Finland,Dump Trucks,Volvo FH 500 8x4*4 sora-auto + RKP kasettiperävaunu,https://www.mascus.com/transportation/tipper-trucks/volvo-fh-500-8x4-4-sora-auto-rkp-kasettiperavaunu/8q6u5i4f.html
DAF CF,Company,2019,"95,830 miles",France,Dump Trucks,DAF CF,https://www.mascus.com/transportation/tipper-trucks/daf-cf/dpek7n9n.html
"DAF CF 450 FAN, Getränke, LBW, Lift-Lenkachse",Company,2019,"218,631 miles",Germany,Box trucks,"DAF CF 450 FAN, Getränke, LBW, Lift-Lenkachse",https://www.mascus.com/transportation/box-body-trucks/daf-cf-450-fan-getranke-lbw-lift-lenkachse/gibj4oih.html
Mercedes-Benz ACTROS 3241 K-MP3,Company,2013,"255,274 miles",Belgium,Dump Trucks,Mercedes-Benz ACTROS 3241 K-MP3,https://www.mascus.com/transportation/tipper-trucks/mercedes-benz-actros-3241-k-mp3/9n5qbl3l.html
Volvo FM 18.240,Company,2026,311 miles,Denmark,Boom / Crane / Bucket Trucks,Volvo FM 18.240,https://www.mascus.com/transportation/crane-trucks/volvo-fm-18-240/cm3g5q7j.html
Peterbilt 567,Company,2026,"1,353 miles",United States,Cab & Chassis Trucks,Peterbilt 567,https://www.mascus.com/transportation/chassis-cab-trucks/peterbilt-567/7qckfuif.html
MAN TGS 26.480 6X6 13 M³ 2-Way Tipper Tarpaulin 6x6 Hy,Company,2014,"127,527 miles",Netherlands,Dump Trucks,MAN TGS 26.480 6X6 13 m³ 2-way tipper Tarpaulin 6x6 Hy,https://www.mascus.com/transportation/tipper-trucks/man-tgs-26-480-6x6-13-m3-2-way-tipper-tarpaulin-6x6-hy/gn5l6h4s.html
MAN TGA 33.440 BB - ATLAS 240.2E,Company,2007,"274,444 miles",Belgium,Flatbed Trucks,MAN TGA 33.440 BB - ATLAS 240.2E,https://www.mascus.com/transportation/flatbed-dropside-trucks/man-tga-33-440-bb-atlas-240-2e/9ldtck4f.html
"Fiat Ducato 2,3",Company,2016,"189,245 miles",Hungary,Other Trucks,"Fiat Ducato 2,3",https://www.mascus.com/transportation/other-trucks/fiat-ducato-2-3/gr4f9ggn.html
Nissan ATLAS,Company,2010,"44,136 miles",Japan,Flatbed Trucks,Nissan ATLAS,https://www.mascus.com/transportation/flatbed-dropside-trucks/nissan-atlas/ft9pffdq.html
Scania P 94,Company,1997,,Finland,Hook lift trucks,Scania P 94,https://www.mascus.com/transportation/hook-lift-trucks/scania-p-94/iq4jht6s.html
Scania P360 6X2*4 Palfinger PK18002,Company,2010,"428,125 miles",Estonia,Hook lift trucks,Scania P360 6X2*4 Palfinger PK18002,https://www.mascus.com/transportation/hook-lift-trucks/scania-p360-6x2-4-palfinger-pk18002/asgm6f7l.html
Mercedes-Benz Actros 1936 LL Machine Oprijwagen,Company,2019,"362,881 miles",Netherlands,Car Haulers,Mercedes-Benz Actros 1936 LL Machine Oprijwagen,https://www.mascus.com/transportation/vehicle-transporters/mercedes-benz-actros-1936-ll-machine-oprijwagen/dniqgkap.html
Shacman F3000 6x4,Company,2024,"4,903 miles",China,Dump Trucks,Shacman F3000 6x4,https://www.mascus.com/transportation/tipper-trucks/shacman-f3000-6x4/djineufk.html
"MAN TGL 12.250 4x2 BL, Palfinger Abroller P 07-25MPA,",Company,2016,"123,951 miles",Germany,Hook lift trucks,"MAN TGL 12.250 4x2 BL, Palfinger Abroller P 07-25MPA,",https://www.mascus.com/transportation/hook-lift-trucks/man-tgl-12-250-4x2-bl-palfinger-abroller-p-07-25mpa/fh3liu8p.html
Peterbilt 389,Company,2022,"319,000 miles",United States,Dump Trucks,Peterbilt 389,https://www.mascus.com/transportation/tipper-trucks/peterbilt-389/5f5o7l8f.html
Magirus Deutz 310D19AK,Company,1977,,Norway,Flatbed Trucks,Magirus Deutz 310D19AK,https://www.mascus.com/transportation/flatbed-dropside-trucks/magirus-deutz-310d19ak/aghkcieg.html
Scania P450,Company,2016,"581,048 miles",Belgium,Car Haulers,Scania P450,https://www.mascus.com/transportation/vehicle-transporters/scania-p450/5r6fhiep.html
Volvo Fh540 Tridem Crane Truck W/ 31 T/M Fassi Crane Wit,Company,2017,,Norway,Boom / Crane / Bucket Trucks,Volvo Fh540 Tridem crane truck w/ 31 t/m Fassi crane wit,https://www.mascus.com/transportation/crane-trucks/volvo-fh540-tridem-crane-truck-w-31-t-m-fassi-crane-wit/6qigekag.html
Hino 268,Company,2018,,United States,Box trucks,Hino 268,https://www.mascus.com/transportation/box-body-trucks/hino-268/ctis8n9t.html
MAN TGS 35.430 8X4 20m3 Eisel Aluminum Tipper Steel Su,Company,2022,"78,695 miles",Netherlands,Dump Trucks,MAN TGS 35.430 8X4 20m3 Eisel aluminum tipper Steel su,https://www.mascus.com/transportation/tipper-trucks/man-tgs-35-430-8x4-20m3-eisel-aluminum-tipper-steel-su/hj5mbl3h.html
Freightliner 114SD,Company,2027,,United States,Demountable Trucks,Freightliner 114SD,https://www.mascus.com/transportation/demountables-trucks/freightliner-114sd/9fhscsak.html
Mercedes-Benz AROCS 4145,Company,2018,"111,847 miles",Poland,Dump Trucks,Mercedes-Benz AROCS 4145,https://www.mascus.com/transportation/tipper-trucks/mercedes-benz-arocs-4145/cleoihch.html
Isuzu NQR,Company,2018,"65,643 miles",United States,Box trucks,Isuzu NQR,https://www.mascus.com/transportation/box-body-trucks/isuzu-nqr/am8i9k9r.html
Scania P450 6x2*4 RETARDER + TRAILER HFR KK18,Company,2018,"335,602 miles",Estonia,Box trucks,Scania P450 6x2*4 RETARDER + TRAILER HFR KK18,https://www.mascus.com/transportation/box-body-trucks/scania-p450-6x2-4-retarder-trailer-hfr-kk18/8u6odphk.html
Ford F-450,Company,2015,"63,285 miles",United States,Flatbed Trucks,Ford F-450,https://www.mascus.com/transportation/flatbed-dropside-trucks/ford-f-450/5ifrfngg.html
NISSAN/MOVEX NT400 CABSTAR/P160TLR,Company,2015,"43,644 miles",Spain,Flatbed Trucks,NISSAN/MOVEX NT400 CABSTAR/P160TLR,https://www.mascus.com/transportation/flatbed-dropside-trucks/nissan-movex-nt400-cabstar-p160tlr/3m4qak5q.html
Kenworth T370,Company,2018,,United States,Box trucks,Kenworth T370,https://www.mascus.com/transportation/box-body-trucks/kenworth-t370/fo8s9rig.html
Volvo FH 500 Globetrotter XL Cartransporter Blyss Modulo,Company,2024,"22,880 miles",Netherlands,Car Haulers,Volvo FH 500 Globetrotter XL Cartransporter Blyss Modulo,https://www.mascus.com/transportation/vehicle-transporters/volvo-fh-500-globetrotter-xl-cartransporter-blyss-modulo/at3qcf6u.html
Iveco Trakker 360 6X4 Palfinger PK17.001 SLD Full Steel,Company,2016,"182,607 miles",Netherlands,Flatbed Trucks,Iveco Trakker 360 6X4 Palfinger PK17.001 SLD Full Steel,https://www.mascus.com/transportation/flatbed-dropside-trucks/iveco-trakker-360-6x4-palfinger-pk17-001-sld-full-steel/it8s5lgl.html
Mercedes-Benz Actros 1833,Company,2024,"60,273 miles",Norway,Box trucks,Mercedes-Benz Actros 1833,https://www.mascus.com/transportation/box-body-trucks/mercedes-benz-actros-1833/ftcjik8o.html
Renault Lander 310 DXI EURO 5,Company,2011,"210,645 miles",Netherlands,Flatbed Trucks,Renault Lander 310 DXI EURO 5,https://www.mascus.com/transportation/flatbed-dropside-trucks/renault-lander-310-dxi-euro-5/5j7u7i4t.html
Howo 371 6x4,Company,2025,"4,089 miles",China,Dump Trucks,Howo 371 6x4,https://www.mascus.com/transportation/tipper-trucks/howo-371-6x4/4ten5s9j.html
Freightliner M2 106,Company,,,,,,https://www.mascus.com/transportation/box-body-trucks/freightliner-m2-106/hrhp3jbp.html
Ford TRANSIT,Company,2017,"50,913 miles",Italy,Other Trucks,Ford TRANSIT,https://www.mascus.com/transportation/other-trucks/ford-transit/5mdfaphp.html
Scania P410 XT,Company,2021,"192,625 miles",United Kingdom,Dump Trucks,Scania P410 XT,https://www.mascus.com/transportation/tipper-trucks/scania-p410-xt/fkil7m3s.html
"Scania P 380 8x4, EURO 4, CIFA, 9m3, Manual Transmission",Company,2007,"168,392 miles",Netherlands,Concrete Trucks,"Scania P 380 8x4, EURO 4, CIFA, 9m3, Manual transmission",https://www.mascus.com/transportation/concrete-trucks/scania-p-380-8x4-euro-4-cifa-9m3-manual-transmission/7q6fig4p.html
Western Star 4800,Company,2011,"544,267 miles",Australia,Dump Trucks,Western Star 4800,https://www.mascus.com/transportation/tipper-trucks/western-star-4800/htdr9m5r.html
Chevrolet Express G3500,Company,2024,"31,338 miles",United States,Reefer Trucks,Chevrolet Express G3500,https://www.mascus.com/transportation/temperature-controlled-trucks/chevrolet-express-g3500/5fhhgigl.html
Volvo FH540 6x4 + Crane Palfinger PK 19001,Company,2018,"319,385 miles",Hungary,Flatbed Trucks,Volvo FH540 6x4 + Crane Palfinger PK 19001,https://www.mascus.com/transportation/flatbed-dropside-trucks/volvo-fh540-6x4-crane-palfinger-pk-19001/ahakbmdl.html
MAN TGL 8.250 BOX KOFFER LIFT LBW 1.HAND STANDKLIMA,Company,2016,"277,388 miles",Hungary,Box trucks,MAN TGL 8.250 BOX KOFFER LIFT LBW 1.HAND STANDKLIMA,https://www.mascus.com/transportation/box-body-trucks/man-tgl-8-250-box-koffer-lift-lbw-1-hand-standklima/8k6hgpgr.html
Mercedes-Benz ACTROS 2543 / PODEA DE TRACȚIE / 6X2 / DIRECȚIE /,Company,2016,"392,706 miles",Poland,Box trucks,Mercedes-Benz ACTROS 2543 / PODEA DE TRACȚIE / 6X2 / DIRECȚIE /,https://www.mascus.com/transportation/box-body-trucks/mercedes-benz-actros-2543-podea-de-tractie-6x2-directie/gg6qinbj.html
International 7400,Company,2010,"39,151 miles",United States,Dump Trucks,International 7400,https://www.mascus.com/transportation/tipper-trucks/international-7400/iibhgh8u.html
MAN TGL 8.150 + EURO 6,Company,2013,"159,315 miles",Netherlands,Hook lift trucks,MAN TGL 8.150 + EURO 6,https://www.mascus.com/transportation/hook-lift-trucks/man-tgl-8-150-euro-6/3jelimbn.html
"DAF XF 480 6X2 Schuifzeil + Schuifdak, Voorbereiding L",Company,2019,"375,308 miles",Netherlands,Curtain Side Trucks,"DAF XF 480 6X2 schuifzeil + schuifdak, Voorbereiding l",https://www.mascus.com/transportation/curtainsider-trucks/daf-xf-480-6x2-schuifzeil-schuifdak-voorbereiding-l/4i6m8kau.html
MAN TG3 26.470 6x2 Lenk+Lift VDL Absetzer,Company,2021,"98,590 miles",Germany,Demountable Trucks,MAN TG3 26.470 6x2 Lenk+Lift VDL Absetzer,https://www.mascus.com/transportation/demountables-trucks/man-tg3-26-470-6x2-lenk-lift-vdl-absetzer/chetit7q.html
Mercedes-Benz Atego 1024 Mercedes-Benz Atego 1224 K EuromixMTP 3,Company,2025,93 miles,Germany,Dump Trucks,Mercedes-Benz Atego 1024 Mercedes-Benz Atego 1224 K EuromixMTP 3,https://www.mascus.com/transportation/tipper-trucks/mercedes-benz-atego-1024-mercedes-benz-atego-1224-k-euromixmtp-3/cghibu4t.html
Volvo FL 240,Company,2007,"188,820 miles",Portugal,Dump Trucks,Volvo FL 240,https://www.mascus.com/transportation/tipper-trucks/volvo-fl-240/fmdphpim.html
Mercedes-Benz 3353 8x4 / FASSI 71 T/M + JIB / CRANE / KRAN,Company,2022,"74,112 miles",Netherlands,Boom / Crane / Bucket Trucks,Mercedes-Benz 3353 8x4 / FASSI 71 T/M + JIB / CRANE / KRAN,https://www.mascus.com/transportation/crane-trucks/mercedes-benz-3353-8x4-fassi-71-t-m-jib-crane-kran/7p7f4mch.html
Scania Original Hytt Pump 2861571,Company,,,Sweden,Other Trucks,Scania original hytt pump 2861571,https://www.mascus.com/transportation/other-trucks/scania-original-hytt-pump-2861571/ft7hff8f.html
International Workstar SF567,Company,2012,"201,016 miles",Canada,Dump Trucks,International Workstar SF567,https://www.mascus.com/transportation/tipper-trucks/international-workstar-sf567/8nipbi8f.html
Volvo FH16,Company,2017,"613,293 miles",Finland,Log trucks,Volvo FH16,https://www.mascus.com/transportation/timber-trucks/volvo-fh16/ak4s8jdr.html
"Mercedes-Benz Sprinter 514/314 Kipper, 3,5Tonnen, Klima, AHK,",Company,2020,"73,974 miles",Germany,Dump Trucks,"Mercedes-Benz Sprinter 514/314 Kipper, 3,5Tonnen, Klima, AHK,",https://www.mascus.com/transportation/tipper-trucks/mercedes-benz-sprinter-514-314-kipper-3-5tonnen-klima-ahk/is8m6hif.html
Mack GRANITE 104BR,Company,2016,"291,735 miles",United States,Dump Trucks,Mack GRANITE 104BR,https://www.mascus.com/transportation/tipper-trucks/mack-granite-104br/5r9qelir.html
Mercedes-Benz Actros 3241,Company,2008,"132,505 miles",France,Concrete Trucks,Mercedes-Benz Actros 3241,https://www.mascus.com/transportation/concrete-trucks/mercedes-benz-actros-3241/gkhsbu6s.html
Freightliner M2 106,Company,2007,"432,817 miles",United States,Flatbed Trucks,Freightliner M2 106,https://www.mascus.com/transportation/flatbed-dropside-trucks/freightliner-m2-106/gpis8qfk.html
Volvo FL 290,Company,2013,"519,311 miles",Germany,Reefer Trucks,Volvo FL 290,https://www.mascus.com/transportation/temperature-controlled-trucks/volvo-fl-290/8lfi6h8o.html
Hino 268,Company,2019,"127,209 miles",United States,Box trucks,Hino 268,https://www.mascus.com/transportation/box-body-trucks/hino-268/gi6l5kgi.html
Scania R580 8x2 Crane Truck With 85 T/M Hiab Crane – Jib,Company,2019,"118,682 miles",Norway,Boom / Crane / Bucket Trucks,Scania R580 8x2 crane truck with 85 t/m Hiab crane – jib,https://www.mascus.com/transportation/crane-trucks/scania-r580-8x2-crane-truck-with-85-t-m-hiab-crane-jib/9ucj6nbo.html
MAN TGA 33.390 6x6 BB | Big Chassis*Steel*Manuell,Company,2006,"155,703 miles",Germany,Hook lift trucks,MAN TGA 33.390 6x6 BB | Big Chassis*Steel*Manuell,https://www.mascus.com/transportation/hook-lift-trucks/man-tga-33-390-6x6-bb-big-chassis-steel-manuell/hn5lir7t.html
Scania P280,Company,2016,"209,713 miles",Denmark,Reefer Trucks,Scania P280,https://www.mascus.com/transportation/temperature-controlled-trucks/scania-p280/9oirbh5g.html
Mercedes-Benz Arocs 3251 8x4 3 Way Meiller Tipper,Company,,"73,135 miles",Hungary,Dump Trucks,Mercedes-Benz Arocs 3251 8x4 3 Way Meiller Tipper,https://www.mascus.com/transportation/tipper-trucks/mercedes-benz-arocs-3251-8x4-3-way-meiller-tipper/apeq8kgr.html
Scania R420 6X2 VDL S-20-5700 Containersystem Manual Crui,Company,2007,"517,956 miles",Netherlands,Hook lift trucks,Scania R420 6X2 VDL S-20-5700 containersystem Manual Crui,https://www.mascus.com/transportation/hook-lift-trucks/scania-r420-6x2-vdl-s-20-5700-containersystem-manual-crui/if9i4f5p.html
Volvo FM 540 With Maur Triple Trailer,Company,2018,"224,315 miles",Norway,Dump Trucks,Volvo FM 540 with Maur triple trailer,https://www.mascus.com/transportation/tipper-trucks/volvo-fm-540-with-maur-triple-trailer/cubgbuht.html
Mack MD6 42R,Company,2022,"60,910 miles",United States,Cab & Chassis Trucks,Mack MD6 42R,https://www.mascus.com/transportation/chassis-cab-trucks/mack-md6-42r/if9qhgbm.html
International 4300,Company,2019,"282,979 miles",United States,Box trucks,International 4300,https://www.mascus.com/transportation/box-body-trucks/international-4300/3igseg6h.html
International HX,Company,2027,,Canada,Dump Trucks,International HX,https://www.mascus.com/transportation/tipper-trucks/international-hx/5fhr5j6u.html
Iveco DAILY 35S16 - 4100,Company,2021,"59,576 miles",Italy,Box trucks,Iveco DAILY 35S16 - 4100,https://www.mascus.com/transportation/box-body-trucks/iveco-daily-35s16-4100/bfer8til.html
Volvo FM12 8x4 + Jyki Massalavat,Company,2003,"451,737 miles",Finland,Dump Trucks,Volvo FM12 8x4 + Jyki massalavat,https://www.mascus.com/transportation/tipper-trucks/volvo-fm12-8x4-jyki-massalavat/hler3o3l.html
Jonsered 100 Z Titan,Company,1997,,Germany,Boom / Crane / Bucket Trucks,Jonsered 100 Z Titan,https://www.mascus.com/transportation/crane-trucks/jonsered-100-z-titan/frifaqch.html
Volvo FH,Company,,,,,,https://www.mascus.com/transportation/wood-chip-trucks/volvo-fh/6t8qgfcs.html
Scania R480 6x2 -13,Company,2013,,Finland,Reefer Trucks,Scania R480 6x2 -13,https://www.mascus.com/transportation/temperature-controlled-trucks/scania-r480-6x2-13/4q6t8ghh.html
Mercedes-Benz Arocs 4142 Mercedes-Benz 4142 8X4 Mulden- Kipper -,Company,2024,,Germany,Dump Trucks,Mercedes-Benz Arocs 4142 Mercedes-Benz 4142 8X4 Mulden- Kipper -,https://www.mascus.com/transportation/tipper-trucks/mercedes-benz-arocs-4142-mercedes-benz-4142-8x4-mulden-kipper/fjhrci5j.html
Scania P 270 DB,Company,2009,"338,837 miles",Sweden,Box trucks,Scania P 270 DB,https://www.mascus.com/transportation/box-body-trucks/scania-p-270-db/7uds3uep.html
"Mercedes-Benz ACTROS 5 2553L 9,7m FRC 06/2027",Company,2021,"368,038 miles",Finland,Reefer Trucks,"Mercedes-Benz ACTROS 5 2553L 9,7m FRC 06/2027",https://www.mascus.com/transportation/temperature-controlled-trucks/mercedes-benz-actros-5-2553l-9-7m-frc-06-2027/9m8ugi9u.html
Mack GR84F,Company,2019,"291,992 miles",United States,Dump Trucks,Mack GR84F,https://www.mascus.com/transportation/tipper-trucks/mack-gr84f/5n8o9o5k.html
Peterbilt 567,Company,2021,"374,003 miles",United States,Dump Trucks,Peterbilt 567,https://www.mascus.com/transportation/tipper-trucks/peterbilt-567/6o7gbl5f.html
Fiat Ducato,Company,2016,"151,454 miles",France,Dump Trucks,Fiat Ducato,https://www.mascus.com/transportation/tipper-trucks/fiat-ducato/8qeh9oco.html
Scania R500 Knæklad Med Sovekabine,Company,2021,"181,440 miles",Denmark,Car Haulers,Scania R500 Knæklad med sovekabine,https://www.mascus.com/transportation/vehicle-transporters/scania-r500-knaklad-med-sovekabine/5p7f4tiu.html
MAN TGX 26.580 MAN TGX 26.580 6x4 LANGHOLZ EPSILON TZ,Company,2025,,Germany,Log trucks,MAN TGX 26.580 MAN TGX 26.580 6x4 LANGHOLZ EPSILON TZ,https://www.mascus.com/transportation/timber-trucks/man-tgx-26-580-man-tgx-26-580-6x4-langholz-epsilon-tz/cqgkii3p.html
Mercedes-Benz School-Truck/Fahrschule/Actros2540/ExBW/6x2/85TK,Company,2017,"52,817 miles",Germany,Cab & Chassis Trucks,Mercedes-Benz School-Truck/Fahrschule/Actros2540/ExBW/6x2/85TK,https://www.mascus.com/transportation/chassis-cab-trucks/mercedes-benz-school-truck-fahrschule-actros2540-exbw-6x2-85tk/7fdl9f3g.html
Scania R 650 6x4 EPSILON M110L80 / RETARDER,Company,2019,"500,096 miles",Estonia,Log trucks,Scania R 650 6x4 EPSILON M110L80 / RETARDER,https://www.mascus.com/transportation/timber-trucks/scania-r-650-6x4-epsilon-m110l80-retarder/dpalam4m.html
"Renault KERAX 420 6x4, Bordmatik, Palfinger PK15500",Company,2010,,Germany,Dump Trucks,"Renault KERAX 420 6x4, Bordmatik, Palfinger PK15500",https://www.mascus.com/transportation/tipper-trucks/renault-kerax-420-6x4-bordmatik-palfinger-pk15500/7k5k9pbm.html
"Scania P410 6X2 8,75m Machine Transporter Ramps Full Air",Company,2020,"199,315 miles",Netherlands,Car Haulers,"Scania P410 6X2 8,75m Machine Transporter Ramps Full Air",https://www.mascus.com/transportation/vehicle-transporters/scania-p410-6x2-8-75m-machine-transporter-ramps-full-air/akch4t9g.html
Terex FD4000,Company,2020,,United States,Concrete Trucks,Terex FD4000,https://www.mascus.com/transportation/concrete-trucks/terex-fd4000/ci8iglig.html
Peterbilt Truck Hood,Company,0,,United States,Other Trucks,Peterbilt Truck Hood,https://www.mascus.com/transportation/other-trucks/peterbilt-truck-hood/6o9hipgn.html
Renault Kerax 410DXI,Company,2008,"165,131 miles",France,Boom / Crane / Bucket Trucks,Renault Kerax 410DXI,https://www.mascus.com/transportation/crane-trucks/renault-kerax-410dxi/6uci8l6t.html
Mercedes-Benz Atego 1523L 4x2 12.000Liter Tankwagen,Company,2006,"354,693 miles",Germany,Tank Trucks,Mercedes-Benz Atego 1523L 4x2 12.000Liter Tankwagen,https://www.mascus.com/transportation/tank-trucks/mercedes-benz-atego-1523l-4x2-12-000liter-tankwagen/dn8gbh8o.html
Freightliner M2 106,Company,2018,"241,072 miles",United States,Reefer Trucks,Freightliner M2 106,https://www.mascus.com/transportation/temperature-controlled-trucks/freightliner-m2-106/3jgues6n.html
Mercedes-Benz Atego 816 4X2 Manual - Suspensión Mecánica - Plata,Company,2020,"69,684 miles",Spain,Box trucks,Mercedes-Benz Atego 816 4X2 Manual - Suspensión Mecánica - Plata,https://www.mascus.com/transportation/box-body-trucks/mercedes-benz-atego-816-4x2-manual-suspension-mecanica-plata/5jardg9j.html
Scania R560 B8x2*4NB,Company,2025,124 miles,Norway,Other Trucks,Scania R560 B8x2*4NB,https://www.mascus.com/transportation/other-trucks/scania-r560-b8x2-4nb/enhhbnfp.html
MAN TGX 26.510 6x2-4 Lenk-/Lift Meiller-Abrollkipper,Company,2024,"5,530 miles",Germany,Hook lift trucks,MAN TGX 26.510 6x2-4 Lenk-/Lift Meiller-Abrollkipper,https://www.mascus.com/transportation/hook-lift-trucks/man-tgx-26-510-6x2-4-lenk-lift-meiller-abrollkipper/fjcs4r7s.html
Volvo TRUCK VNL64TV04,Company,2027,,United States,Other Trucks,Volvo TRUCK VNL64TV04,https://www.mascus.com/transportation/other-trucks/volvo-truck-vnl64tv04/inatakii.html
Ford F-750,Company,2019,,United States,Flatbed Trucks,Ford F-750,https://www.mascus.com/transportation/flatbed-dropside-trucks/ford-f-750/5qfsbp5s.html
Freightliner FL70,Company,1999,"218,499 miles",United States,Reefer Trucks,Freightliner FL70,https://www.mascus.com/transportation/temperature-controlled-trucks/freightliner-fl70/8rffiq9g.html
Hino 155,Company,2019,"206,339 miles",United States,Box trucks,Hino 155,https://www.mascus.com/transportation/box-body-trucks/hino-155/eshrgtcq.html
MAN TGS 41.440 MAN TGS 41.440 8x4 EuromixMTP 22m³ Ecki,Company,2025,,Germany,Dump Trucks,MAN TGS 41.440 MAN TGS 41.440 8x4 EuromixMTP 22m³ Ecki,https://www.mascus.com/transportation/tipper-trucks/man-tgs-41-440-man-tgs-41-440-8x4-euromixmtp-22m3-ecki/9jhg5p4q.html
International MV,Company,2027,,Canada,Tank Trucks,International MV,https://www.mascus.com/transportation/tank-trucks/international-mv/4p3i4j9o.html
Volvo FH16 8x4,Company,2014,"887,514 miles",Finland,Dump Trucks,Volvo FH16 8x4,https://www.mascus.com/transportation/tipper-trucks/volvo-fh16-8x4/hmbjgi3j.html
MAN TGL 12-220 BL,Company,2022,"88,856 miles",Denmark,Curtain Side Trucks,MAN TGL 12-220 BL,https://www.mascus.com/transportation/curtainsider-trucks/man-tgl-12-220-bl/hidg5nah.html
MAN TGS 33.400,Company,,"195,732 miles",Hungary,Dump Trucks,MAN TGS 33.400,https://www.mascus.com/transportation/tipper-trucks/man-tgs-33-400/8sau9tdp.html
Scania R580LB 6X2*4HNB Retarder / THERON,Company,2017,"323,113 miles",France,Animal transport trucks,Scania R580LB 6X2*4HNB Retarder / THERON,https://www.mascus.com/transportation/animal-transport-trucks/scania-r580lb-6x2-4hnb-retarder-theron/hmefcp5q.html
Mercedes-Benz Atego 1218 / Ldbw / Seitentür: Rechts,Company,2017,"122,070 miles",Germany,Reefer Trucks,Mercedes-Benz Atego 1218 / Ldbw / Seitentür: rechts,https://www.mascus.com/transportation/temperature-controlled-trucks/mercedes-benz-atego-1218-ldbw-seitentur-rechts/hi6p5t4o.html
Mack GU813,Company,2015,,United States,Other Trucks,Mack GU813,https://www.mascus.com/transportation/other-trucks/mack-gu813/ft6hfrio.html
ΜΑΝ 41464 VF,Company,2000,,Greece,Dump Trucks,ΜΑΝ 41464 VF,https://www.mascus.com/transportation/tipper-trucks/%CE%BC%CE%B1%CE%BD-41464-vf/hkfigkis.html
Schwing S 47 SX,Company,,,United States,Concrete Trucks,Schwing S 47 SX,https://www.mascus.com/transportation/concrete-trucks/schwing-s-47-sx/aq3k9s8p.html
DAF LF 210,Company,2021,"158,166 miles",Netherlands,Box trucks,DAF LF 210,https://www.mascus.com/transportation/box-body-trucks/daf-lf-210/apeqhnas.html
MAN TGA 41.480 8x8 PALFINGER PK 100002 Crane Fly Ji,Company,2005,"84,348 miles",Hungary,Flatbed Trucks,MAN TGA 41.480 8x8 PALFINGER PK 100002 Crane Fly Ji,https://www.mascus.com/transportation/flatbed-dropside-trucks/man-tga-41-480-8x8-palfinger-pk-100002-crane-fly-ji/5hcp4riq.html
Scania G380 BL 4x2 1.Stock Menke-Janzen Viehw. *UNFALL*,Company,2012,"553,422 miles",Germany,Animal transport trucks,Scania G380 BL 4x2 1.Stock Menke-Janzen Viehw. *UNFALL*,https://www.mascus.com/transportation/animal-transport-trucks/scania-g380-bl-4x2-1-stock-menke-janzen-viehw-unfall/cgesikih.html
MAN TGS 33.500 6x4 / + Palfinger Crane,Company,2017,"230,529 miles",Hungary,Flatbed Trucks,MAN TGS 33.500 6x4 / + Palfinger crane,https://www.mascus.com/transportation/flatbed-dropside-trucks/man-tgs-33-500-6x4-palfinger-crane/9keu7p4j.html
Ford F-750,Company,2010,"101,164 miles",Canada,Dump Trucks,Ford F-750,https://www.mascus.com/transportation/tipper-trucks/ford-f-750/5n6rcsdm.html
Weber CR 8 / Rüttelplatte,Company,2013,,Germany,Other Trucks,Weber CR 8 / Rüttelplatte,https://www.mascus.com/transportation/other-trucks/weber-cr-8-ruttelplatte/gi5j7ldm.html
DAF CF 430 CF 6X2 NL-Truck NCH Cablesystem Lift Axle A,Company,2020,"127,878 miles",Netherlands,Hook lift trucks,DAF CF 430 CF 6X2 NL-Truck NCH Cablesystem Lift Axle A,https://www.mascus.com/transportation/hook-lift-trucks/daf-cf-430-cf-6x2-nl-truck-nch-cablesystem-lift-axle-a/brafcrhp.html
Daudin CR1310,Company,2008,,France,Other Trucks,Daudin CR1310,https://www.mascus.com/transportation/other-trucks/daudin-cr1310/9fgn7pau.html
Volvo FM 13,Company,2011,"849,414 miles",Finland,Container Trucks,Volvo FM 13,https://www.mascus.com/transportation/containerframe-trucks/volvo-fm-13/dqfk5pes.html
Freightliner M2106,Company,2013,"219,084 miles",United States,Box trucks,Freightliner M2106,https://www.mascus.com/transportation/box-body-trucks/freightliner-m2106/bo7ffn3j.html
MAN TGS 37.440 Retard Meiller Dreiseitenkipper Stahl,Company,2015,"265,512 miles",Austria,Dump Trucks,MAN TGS 37.440 Retard Meiller Dreiseitenkipper Stahl,https://www.mascus.com/transportation/tipper-trucks/man-tgs-37-440-retard-meiller-dreiseitenkipper-stahl/er5j4gim.html
DAF LF 260 Refrigerated Thermo King 1000R + Tail Lift,Company,2018,"101,905 miles",Hungary,Reefer Trucks,DAF LF 260 Refrigerated Thermo King 1000R + Tail Lift,https://www.mascus.com/transportation/temperature-controlled-trucks/daf-lf-260-refrigerated-thermo-king-1000r-tail-lift/6q6rdhef.html
Mercedes-Benz Actros 2551L 6x2,Company,2020,"419,425 miles",Finland,Container Trucks,Mercedes-Benz Actros 2551L 6x2,https://www.mascus.com/transportation/containerframe-trucks/mercedes-benz-actros-2551l-6x2/ehdkdrbm.html
Mercedes-Benz Actros 2551 6x2 Container Truck - ADR Rigged - San,Company,2012,"341,754 miles",Norway,Container Trucks,Mercedes-Benz Actros 2551 6x2 Container Truck - ADR Rigged - San,https://www.mascus.com/transportation/containerframe-trucks/mercedes-benz-actros-2551-6x2-container-truck-adr-rigged-san/bofpdu5h.html
Kenworth T680,Company,2014,,United States,Dump Trucks,Kenworth T680,https://www.mascus.com/transportation/tipper-trucks/kenworth-t680/7r7nbrdm.html
Mercedes-Benz Arocs 2853 L,Company,2023,"1,243 miles",Sweden,Hook lift trucks,Mercedes-Benz Arocs 2853 L,https://www.mascus.com/transportation/hook-lift-trucks/mercedes-benz-arocs-2853-l/5ifp4j6q.html
MAN TGS 26.420 6x2,Company,2018,"283,345 miles",Finland,Hook lift trucks,MAN TGS 26.420 6x2,https://www.mascus.com/transportation/hook-lift-trucks/man-tgs-26-420-6x2/hrbshn4g.html
MAN TGM 26.340 + 19.000 LITER + 4COMP + 6X2,Company,2011,"281,373 miles",Netherlands,Tank Trucks,MAN TGM 26.340 + 19.000 LITER + 4COMP + 6X2,https://www.mascus.com/transportation/tank-trucks/man-tgm-26-340-19-000-liter-4comp-6x2/engpaici.html
GMC TOPKICK C7500,Company,2008,,United States,Dump Trucks,GMC TOPKICK C7500,https://www.mascus.com/transportation/tipper-trucks/gmc-topkick-c7500/hn8i3m7q.html
Peterbilt 386,Company,2013,"604,061 miles",United States,Dump Trucks,Peterbilt 386,https://www.mascus.com/transportation/tipper-trucks/peterbilt-386/6kif8fdf.html
Hino 268,Company,2019,"120,470 miles",United States,Box trucks,Hino 268,https://www.mascus.com/transportation/box-body-trucks/hino-268/gm4mftaj.html
Chevrolet Express 3500,Company,2024,"37,176 miles",United States,Box trucks,Chevrolet Express 3500,https://www.mascus.com/transportation/box-body-trucks/chevrolet-express-3500/dibggjfg.html
Renault D16 E6 4x2 / Chassis 735 Cm,Company,2016,"142,915 miles",Poland,Cab & Chassis Trucks,Renault D16 E6 4x2 / Chassis 735 cm,https://www.mascus.com/transportation/chassis-cab-trucks/renault-d16-e6-4x2-chassis-735-cm/9nelbg7p.html
Mack GR64BR,Company,2027,,United States,Other Trucks,Mack GR64BR,https://www.mascus.com/transportation/other-trucks/mack-gr64br/bq6s3uhq.html
Hino 268,Company,2020,"131,401 miles",United States,Box trucks,Hino 268,https://www.mascus.com/transportation/box-body-trucks/hino-268/eufoin4i.html
Iveco 75 E 14,Company,2007,"49,710 miles",Finland,Boom / Crane / Bucket Trucks,Iveco 75 E 14,https://www.mascus.com/transportation/crane-trucks/iveco-75-e-14/5gdl4qdk.html
MAN TGL 7.190 4X2 BB BOCKER AK37/4000 + JIB MONTAGEKRA,Company,2019,,Netherlands,Boom / Crane / Bucket Trucks,MAN TGL 7.190 4X2 BB BOCKER AK37/4000 + JIB MONTAGEKRA,https://www.mascus.com/transportation/crane-trucks/man-tgl-7-190-4x2-bb-bocker-ak37-4000-jib-montagekra/4q9g6g6n.html
Peterbilt 567,Company,2016,,United States,Dump Trucks,Peterbilt 567,https://www.mascus.com/transportation/tipper-trucks/peterbilt-567/3f9j7naq.html
GMC 5500,Company,2006,,United States,Dump Trucks,GMC 5500,https://www.mascus.com/transportation/tipper-trucks/gmc-5500/gngs6u3r.html
Volvo FH 500 6X2 Full Air Suspension Lift+steering Axle,Company,2017,"428,638 miles",Netherlands,Demountable Trucks,Volvo FH 500 6X2 Full Air suspension Lift+steering axle,https://www.mascus.com/transportation/demountables-trucks/volvo-fh-500-6x2-full-air-suspension-lift-steering-axle/elef3t7u.html
MAN 26.510 Mit PK37002 TEC G Heckladekran 6x2,Company,2020,"231,692 miles",Germany,Boom / Crane / Bucket Trucks,MAN 26.510 mit PK37002 TEC G Heckladekran 6x2,https://www.mascus.com/transportation/crane-trucks/man-26-510-mit-pk37002-tec-g-heckladekran-6x2/3qdiajeg.html
Scania G490 8x2/6 // HMF 2620 K-5 // Pendellad,Company,2014,"201,946 miles",Denmark,Boom / Crane / Bucket Trucks,Scania G490 8x2/6 // HMF 2620 K-5 // Pendellad,https://www.mascus.com/transportation/crane-trucks/scania-g490-8x2-6-hmf-2620-k-5-pendellad/hg6maj6i.html
Volvo FE Electric - 6x2*4 - BDF - Ful Air - 100% Electri,Company,2020,"93,276 miles",Netherlands,Demountable Trucks,Volvo FE Electric - 6x2*4 - BDF - Ful air - 100% Electri,https://www.mascus.com/transportation/demountables-trucks/volvo-fe-electric-6x2-4-bdf-ful-air-100-electri/9ubpim4i.html
Howo 371 6x4,Company,2024,"5,282 miles",China,Dump Trucks,Howo 371 6x4,https://www.mascus.com/transportation/tipper-trucks/howo-371-6x4/iuam8igo.html
International MV607,Company,2020,,United States,Box trucks,International MV607,https://www.mascus.com/transportation/box-body-trucks/international-mv607/3jfi6gdm.html
"Sisu 12E440 6x2, Palfinger PK29002",Company,2006,"478,242 miles",Finland,Boom / Crane / Bucket Trucks,"Sisu 12E440 6x2, Palfinger PK29002",https://www.mascus.com/transportation/crane-trucks/sisu-12e440-6x2-palfinger-pk29002/6rcqcfas.html
Mercedes-Benz Atego 1524 Atego 4X2 6-Cylinder Thermo King T-1200,Company,2018,"209,492 miles",Netherlands,Reefer Trucks,Mercedes-Benz Atego 1524 Atego 4X2 6-Cylinder Thermo king T-1200,https://www.mascus.com/transportation/temperature-controlled-trucks/mercedes-benz-atego-1524-atego-4x2-6-cylinder-thermo-king-t-1200/7kijdjak.html
Iveco Trakker AD380T38WH,Company,2015,,Peru,Other Trucks,Iveco Trakker AD380T38WH,https://www.mascus.com/transportation/other-trucks/iveco-trakker-ad380t38wh/5ldgis3j.html
Scania R 660 6x4 SUPRA 1250 Mt / BOX L=7504 Mm / RETARDER,Company,2022,"507,254 miles",Estonia,Reefer Trucks,Scania R 660 6x4 SUPRA 1250 Mt / BOX L=7504 mm / RETARDER,https://www.mascus.com/transportation/temperature-controlled-trucks/scania-r-660-6x4-supra-1250-mt-box-l-7504-mm-retarder/hr7ggg5j.html
Iveco IVECO 75E16 EURO 6,Company,2016,"229,096 miles",Italy,Box trucks,Iveco IVECO 75E16 EURO 6,https://www.mascus.com/transportation/box-body-trucks/iveco-iveco-75e16-euro-6/eg6ualei.html
Volvo FMX 460 8x4 Palfinger 19 Tonmeter Laadkraan Just 3,Company,2023,"22,604 miles",Netherlands,Hook lift trucks,Volvo FMX 460 8x4 Palfinger 19 Tonmeter laadkraan Just 3,https://www.mascus.com/transportation/hook-lift-trucks/volvo-fmx-460-8x4-palfinger-19-tonmeter-laadkraan-just-3/3pftekgn.html
Mercedes-Benz Arocs 2636 6X4 Kran Fassi F155,Company,2019,"153,168 miles",Germany,Boom / Crane / Bucket Trucks,Mercedes-Benz Arocs 2636 6X4 Kran Fassi F155,https://www.mascus.com/transportation/crane-trucks/mercedes-benz-arocs-2636-6x4-kran-fassi-f155/5rcn9pgf.html
GMC Sierra 3500HD,Company,2015,"84,164 miles",United States,Dump Trucks,GMC Sierra 3500HD,https://www.mascus.com/transportation/tipper-trucks/gmc-sierra-3500hd/isgr9ifh.html
Kenworth T300,Company,2015,,United States,Reefer Trucks,Kenworth T300,https://www.mascus.com/transportation/temperature-controlled-trucks/kenworth-t300/9s9t3u8h.html
Mercedes-Benz Actros -Euro 6-Vollucht-470dkm-6x2,Company,2014,"292,044 miles",Netherlands,Box trucks,Mercedes-Benz Actros -Euro 6-vollucht-470dkm-6x2,https://www.mascus.com/transportation/box-body-trucks/mercedes-benz-actros-euro-6-vollucht-470dkm-6x2/6qfhenbq.html
Hino 338,Company,,,,,,https://www.mascus.com/transportation/temperature-controlled-trucks/hino-338/5k8oimfg.html
Peterbilt 579,Company,2017,,United States,Cab & Chassis Trucks,Peterbilt 579,https://www.mascus.com/transportation/chassis-cab-trucks/peterbilt-579/9u5q3l9k.html
Volvo FH 520 Globetrotter XL,Company,2009,"586,484 miles",Germany,Reefer Trucks,Volvo FH 520 Globetrotter XL,https://www.mascus.com/transportation/temperature-controlled-trucks/volvo-fh-520-globetrotter-xl/dmdf5p9p.html
International MV607,Company,2020,"264,649 miles",Canada,Reefer Trucks,International MV607,https://www.mascus.com/transportation/temperature-controlled-trucks/international-mv607/9h3l3hfi.html
Scania R490 8X2*6 / HMF 50TM + JIB / NL-TRUCK,Company,2014,"353,446 miles",Netherlands,Boom / Crane / Bucket Trucks,Scania R490 8X2*6 / HMF 50TM + JIB / NL-TRUCK,https://www.mascus.com/transportation/crane-trucks/scania-r490-8x2-6-hmf-50tm-jib-nl-truck/fk3o5hej.html
MAN TGA 18.363 4x4 Hiab166-3,Company,2004,"179,576 miles",Switzerland,Boom / Crane / Bucket Trucks,MAN TGA 18.363 4x4 Hiab166-3,https://www.mascus.com/transportation/crane-trucks/man-tga-18-363-4x4-hiab166-3/4s5t6o5n.html
Nissan ATLAS,Company,2015,"31,105 miles",Japan,Flatbed Trucks,Nissan ATLAS,https://www.mascus.com/transportation/flatbed-dropside-trucks/nissan-atlas/7i5u6j3k.html
Peterbilt 579,Company,2020,,United States,Other Trucks,Peterbilt 579,https://www.mascus.com/transportation/other-trucks/peterbilt-579/bq6qegeu.html
Freightliner M2,Company,2005,,Canada,Boom / Crane / Bucket Trucks,Freightliner M2,https://www.mascus.com/transportation/crane-trucks/freightliner-m2/htbtig5l.html
MAN TGA 26.320,Company,2007,"130,288 miles",Denmark,Demountable Trucks,MAN TGA 26.320,https://www.mascus.com/transportation/demountables-trucks/man-tga-26-320/eo9oaj6g.html
Hino 268,Company,2018,"183,982 miles",United States,Box trucks,Hino 268,https://www.mascus.com/transportation/box-body-trucks/hino-268/bihh4tfs.html
Quantity Of (3) Truck Axle,Company,0,,United States,Dump Trucks,Quantity of (3) Truck Axle,https://www.mascus.com/transportation/tipper-trucks/quantity-of-3-truck-axle/an6hhm6p.html
Renault Midlum 220,Company,2011,"253,519 miles",Finland,Reefer Trucks,Renault Midlum 220,https://www.mascus.com/transportation/temperature-controlled-trucks/renault-midlum-220/8hhfbqii.html
Mack Granite CV713,Company,2003,,United States,Dump Trucks,Mack Granite CV713,https://www.mascus.com/transportation/tipper-trucks/mack-granite-cv713/doctdi4f.html
Mack Granite CV713,Company,2007,,United States,Dump Trucks,Mack Granite CV713,https://www.mascus.com/transportation/tipper-trucks/mack-granite-cv713/9t5h8lbt.html
Oshkosh 2AMK23A1 MTVR,Company,,,United States,Box trucks,Oshkosh 2AMK23A1 MTVR,https://www.mascus.com/transportation/box-body-trucks/oshkosh-2amk23a1-mtvr/5paqbj5n.html
"Mercedes-Benz Arocs 2553 L 6x2, Lenk-/Liftachse, Navi,",Company,,,Germany,Hook lift trucks,"Mercedes-Benz Arocs 2553 L 6x2, Lenk-/Liftachse, Navi,",https://www.mascus.com/transportation/hook-lift-trucks/mercedes-benz-arocs-2553-l-6x2-lenk-liftachse-navi/8ofngk7u.html
Chevrolet Express G3500,Company,2024,"32,295 miles",United States,Reefer Trucks,Chevrolet Express G3500,https://www.mascus.com/transportation/temperature-controlled-trucks/chevrolet-express-g3500/5i8kcq7u.html
Iveco Eurocargo 160E250 4X2 NEW Chassis! Full Steel Susp,Company,2026,7 miles,Netherlands,Cab & Chassis Trucks,Iveco Eurocargo 160E250 4X2 NEW Chassis! Full steel susp,https://www.mascus.com/transportation/chassis-cab-trucks/iveco-eurocargo-160e250-4x2-new-chassis-full-steel-susp/3rii9j6l.html
Freightliner M2 106,Company,2020,"179,132 miles",United States,Box trucks,Freightliner M2 106,https://www.mascus.com/transportation/box-body-trucks/freightliner-m2-106/4nbj3l4n.html
Volvo VAH,Company,,,,,,https://www.mascus.com/transportation/vehicle-transporters/volvo-vah/7ffmdi5o.html
Mercedes-Benz Actros 2646 6x2 - Isolated Box With Sidedoors - Ze,Company,2018,"446,131 miles",Netherlands,Reefer Trucks,Mercedes-Benz Actros 2646 6x2 - Isolated box with sidedoors - Ze,https://www.mascus.com/transportation/temperature-controlled-trucks/mercedes-benz-actros-2646-6x2-isolated-box-with-sidedoors-ze/ip4gisbn.html
MAN TGL 8.220 BB | Erst 26TKM*MEILLER*Kamera*2x AHK,Company,2023,"16,491 miles",Germany,Dump Trucks,MAN TGL 8.220 BB | erst 26TKM*MEILLER*Kamera*2x AHK,https://www.mascus.com/transportation/tipper-trucks/man-tgl-8-220-bb-erst-26tkm-meiller-kamera-2x-ahk/aucm9tgh.html
502 Bad Gateway,,,,,,,https://www.mascus.com/transportation/demountables-trucks/mercedes-benz-antos-2533-antos-6x2-bdf-adr-full-air-suspension-l/hpiq4n5f.html
Mercedes-Benz AROCS 2532 6x2 PALFINGER PK 22002,Company,2017,"107,709 miles",Hungary,Flatbed Trucks,Mercedes-Benz AROCS 2532 6x2 PALFINGER PK 22002,https://www.mascus.com/transportation/flatbed-dropside-trucks/mercedes-benz-arocs-2532-6x2-palfinger-pk-22002/hk6i8jfs.html
Wirtgen W150,Company,2009,,South Africa,Other Trucks,Wirtgen W150,https://www.mascus.com/transportation/other-trucks/wirtgen-w150/hkgubkai.html
Isuzu M27 Tipper,Company,2025,,Hungary,Other Trucks,Isuzu M27 Tipper,https://www.mascus.com/transportation/other-trucks/isuzu-m27-tipper/am5k6p6t.html
DAF XDC,Company,2026,,United Kingdom,Dump Trucks,DAF XDC,https://www.mascus.com/transportation/tipper-trucks/daf-xdc/dr9oencf.html
Ford F 650 SD,Company,2015,"88,287 miles",United States,Wood Chippers,Ford F 650 SD,https://www.mascus.com/transportation/wood-chip-trucks/ford-f-650-sd/iuau6i5m.html
Ford E350,Company,2021,"81,417 miles",United States,Box trucks,Ford E350,https://www.mascus.com/transportation/box-body-trucks/ford-e350/ejbp9ldp.html
Mercedes-Benz 2636 Antos Kühlkoffer +BÄR LBW 3x Im Bestand,Company,2018,"372,660 miles",Germany,Reefer Trucks,Mercedes-Benz 2636 Antos Kühlkoffer +BÄR LBW 3x im Bestand,https://www.mascus.com/transportation/temperature-controlled-trucks/mercedes-benz-2636-antos-kuhlkoffer-bar-lbw-3x-im-bestand/5ufmgggo.html
Freightliner FL 112,Company,,,,,,https://www.mascus.com/transportation/tipper-trucks/freightliner-fl-112/4rilbj9r.html
Scania R 730 Abroller Voll Luft,Company,2011,"434,960 miles",Germany,Hook lift trucks,Scania R 730 Abroller voll Luft,https://www.mascus.com/transportation/hook-lift-trucks/scania-r-730-abroller-voll-luft/9sbkaj9o.html
MAN TGL 15.290 EURO 5,Company,2010,"320,627 miles",Greece,Boom / Crane / Bucket Trucks,MAN TGL 15.290 EURO 5,https://www.mascus.com/transportation/crane-trucks/man-tgl-15-290-euro-5/9n7tfq5m.html
Scania R 124,Company,2004,"656,168 miles",Finland,Demountable Trucks,Scania R 124,https://www.mascus.com/transportation/demountables-trucks/scania-r-124/7laogl4p.html
Freightliner M2 106,Company,2017,,United States,Box trucks,Freightliner M2 106,https://www.mascus.com/transportation/box-body-trucks/freightliner-m2-106/ifaj9u3r.html
Mitsubishi Fighter FK 600,Company,2015,"299,517 miles",Australia,Reefer Trucks,Mitsubishi Fighter FK 600,https://www.mascus.com/transportation/temperature-controlled-trucks/mitsubishi-fighter-fk-600/hs6l6fff.html
Renault K 430 DTI 11,Company,,"171,498 miles",Hungary,Dump Trucks,Renault K 430 DTI 11,https://www.mascus.com/transportation/tipper-trucks/renault-k-430-dti-11/ihbk8iar.html
Mercedes-Benz Atego 1229 L,Company,2006,"237,985 miles",Denmark,Box trucks,Mercedes-Benz Atego 1229 L,https://www.mascus.com/transportation/box-body-trucks/mercedes-benz-atego-1229-l/ci5oirgp.html
Mack MD6 42R,Company,2022,"32,581 miles",United States,Cab & Chassis Trucks,Mack MD6 42R,https://www.mascus.com/transportation/chassis-cab-trucks/mack-md6-42r/atftcshs.html
Hubiere CTR751,Company,2017,,France,Other Trucks,Hubiere CTR751,https://www.mascus.com/transportation/other-trucks/hubiere-ctr751/cf8jgi3r.html
Scania R 730 LB,Company,2011,"639,391 miles",Denmark,Cab & Chassis Trucks,Scania R 730 LB,https://www.mascus.com/transportation/chassis-cab-trucks/scania-r-730-lb/akciehbh.html
Mercedes-Benz 818 City W/ On-Spot And Low Mileage Should Be Seen,Company,2008,"4,038 miles",Norway,Box trucks,Mercedes-Benz 818 City w/ on-spot and low mileage should be seen,https://www.mascus.com/transportation/box-body-trucks/mercedes-benz-818-city-w-on-spot-and-low-mileage-should-be-seen/3jgjap7t.html
"Alga AB 36, Abrollcontainer, 36m³, Mehrfach",Company,2026,,Germany,Hook lift trucks,"alga AB 36, Abrollcontainer, 36m³, mehrfach",https://www.mascus.com/transportation/hook-lift-trucks/alga-ab-36-abrollcontainer-36m3-mehrfach/dlipejeo.html
HFR Cabinet Semi With Thermo King Unit.,Company,2015,,Norway,Reefer Trucks,HFR Cabinet semi with Thermo King unit.,https://www.mascus.com/transportation/temperature-controlled-trucks/hfr-cabinet-semi-with-thermo-king-unit/8l5t5pcm.html
Mitsubishi Canter 7/800,Company,2021,"66,858 miles",Australia,Reefer Trucks,Mitsubishi Canter 7/800,https://www.mascus.com/transportation/temperature-controlled-trucks/mitsubishi-canter-7-800/aken5rfj.html
MAN TGS 18.460 Tipper,Company,2017,"130,667 miles",Hungary,Dump Trucks,MAN TGS 18.460 Tipper,https://www.mascus.com/transportation/tipper-trucks/man-tgs-18-460-tipper/9uan5tgk.html
Scania R500 B 8x2*6 LB,Company,2021,"181,440 miles",Denmark,Car Haulers,Scania R500 B 8x2*6 LB,https://www.mascus.com/transportation/vehicle-transporters/scania-r500-b-8x2-6-lb/5j9ibhim.html
International 4300,Company,2019,"153,750 miles",United States,Box trucks,International 4300,https://www.mascus.com/transportation/box-body-trucks/international-4300/4teh4rdh.html
Scania R730LB6X4HSA V8 6X4 Retarder 2012 Low Km,Company,2012,,Netherlands,Flatbed Trucks,Scania R730LB6X4HSA V8 6X4 Retarder 2012 Low km,https://www.mascus.com/transportation/flatbed-dropside-trucks/scania-r730lb6x4hsa-v8-6x4-retarder-2012-low-km/9m5n6o6o.html
Kenworth W900,Company,2005,,United States,Other Trucks,Kenworth W900,https://www.mascus.com/transportation/other-trucks/kenworth-w900/hjeg3k8k.html
Volvo Nosturi XCMG SQZ2600,Company,2026,62 miles,Finland,Boom / Crane / Bucket Trucks,Volvo Nosturi XCMG SQZ2600,https://www.mascus.com/transportation/crane-trucks/volvo-nosturi-xcmg-sqz2600/8q6o6r6q.html
DAF CF 450 Hook Lift Truck Palfinger T20,Company,,"212,944 miles",Hungary,Hook lift trucks,DAF CF 450 Hook lift truck Palfinger T20,https://www.mascus.com/transportation/hook-lift-trucks/daf-cf-450-hook-lift-truck-palfinger-t20/ftef7iio.html
Komatsu HM400-1,Company,2006,,United States,Dump Trucks,Komatsu HM400-1,https://www.mascus.com/transportation/tipper-trucks/komatsu-hm400-1/em6sdjdr.html
MAN TGS 35.440 BL - PK 33002/4xhydr.,Company,2014,"84,828 miles",Belgium,Hook lift trucks,MAN TGS 35.440 BL - PK 33002/4xhydr.,https://www.mascus.com/transportation/hook-lift-trucks/man-tgs-35-440-bl-pk-33002-4xhydr/akdicn7j.html
Mercedes-Benz ACTROS 1832,Company,2007,"228,665 miles",Hungary,Dump Trucks,Mercedes-Benz ACTROS 1832,https://www.mascus.com/transportation/tipper-trucks/mercedes-benz-actros-1832/crhr9g5h.html
Freightliner M2 106,Company,2019,"224,645 miles",United States,Box trucks,Freightliner M2 106,https://www.mascus.com/transportation/box-body-trucks/freightliner-m2-106/dgam6ggi.html
MAN TGS 26.460 6x2 Baustoff / Hiab 177 K,Company,2018,"227,221 miles",Germany,Flatbed Trucks,MAN TGS 26.460 6x2 Baustoff / Hiab 177 K,https://www.mascus.com/transportation/flatbed-dropside-trucks/man-tgs-26-460-6x2-baustoff-hiab-177-k/5k9sfmiq.html
MAN TGM 12.250 Frigo,Company,,,,,,https://www.mascus.com/transportation/temperature-controlled-trucks/man-tgm-12-250-frigo/hfhu4nah.html
MAN TGM 18.250 4x4 Euro 6 Full Steel Manual Just 3.979,Company,2015,"2,472 miles",Netherlands,Cab & Chassis Trucks,MAN TGM 18.250 4x4 Euro 6 Full Steel Manual Just 3.979,https://www.mascus.com/transportation/chassis-cab-trucks/man-tgm-18-250-4x4-euro-6-full-steel-manual-just-3-979/cfbpdg9f.html
"20 Fuss Container Küche, Büro, Aufenthaltsraum",Company,2008,,Germany,Other Trucks,"20 Fuss Container Küche, Büro, Aufenthaltsraum",https://www.mascus.com/transportation/other-trucks/20-fuss-container-kuche-buro-aufenthaltsraum/hhhhfrdg.html
Renault T 380 T 4X2 19tonner 2000kg Ladebordwand Full Air,Company,2019,"111,366 miles",Netherlands,Box trucks,Renault T 380 T 4X2 19tonner 2000kg Ladebordwand Full Air,https://www.mascus.com/transportation/box-body-trucks/renault-t-380-t-4x2-19tonner-2000kg-ladebordwand-full-air/dq3nbjcr.html
Renault NA02A1,Company,1989,"311,647 miles",France,Dump Trucks,Renault NA02A1,https://www.mascus.com/transportation/tipper-trucks/renault-na02a1/5palbq4n.html
MAN LE 8.150 4x2 Meiller 3 Seitenkipper,Company,2005,"176,779 miles",Netherlands,Dump Trucks,MAN LE 8.150 4x2 Meiller 3 Seitenkipper,https://www.mascus.com/transportation/tipper-trucks/man-le-8-150-4x2-meiller-3-seitenkipper/4q5pij6n.html
Mercedes-Benz Actros,Company,2018,"240,605 miles",Poland,Hook lift trucks,Mercedes-Benz Actros,https://www.mascus.com/transportation/hook-lift-trucks/mercedes-benz-actros/ikelaref.html
Mercedes-Benz MB ACTROS 2645LS/33 RE,Company,2023,"176,843 miles",South Africa,Other Trucks,Mercedes-Benz MB ACTROS 2645LS/33 RE,https://www.mascus.com/transportation/other-trucks/mercedes-benz-mb-actros-2645ls-33-re/3oblbmau.html
Kenworth T800,Company,2011,,United States,Dump Trucks,Kenworth T800,https://www.mascus.com/transportation/tipper-trucks/kenworth-t800/8kaqahbu.html
Volvo FM 380 6x2 + Crane Fassi F185,Company,,"217,604 miles",Hungary,Flatbed Trucks,Volvo FM 380 6x2 + Crane Fassi F185,https://www.mascus.com/transportation/flatbed-dropside-trucks/volvo-fm-380-6x2-crane-fassi-f185/dkeq7hfp.html
International MV607,Company,2020,"293,869 miles",United States,Box trucks,International MV607,https://www.mascus.com/transportation/box-body-trucks/international-mv607/dh9kgi9l.html
Scania R 500 B8x4*4NB Vacuum Cleaner,Company,2020,"128,313 miles",Denmark,Tank Trucks,Scania R 500 B8x4*4NB Vacuum Cleaner,https://www.mascus.com/transportation/tank-trucks/scania-r-500-b8x4-4nb-vacuum-cleaner/bh4jgp7s.html
Kenworth W900,Company,2014,"160,000 miles",United States,Concrete Trucks,Kenworth W900,https://www.mascus.com/transportation/concrete-trucks/kenworth-w900/bi7mbsfj.html
Kenworth W 900,Company,2021,"185,000 miles",United States,Dump Trucks,Kenworth W 900,https://www.mascus.com/transportation/tipper-trucks/kenworth-w-900/4pgo3nen.html
Mercedes-Benz Atego 4x2,Company,2019,"51,226 miles",Finland,Boom / Crane / Bucket Trucks,Mercedes-Benz Atego 4x2,https://www.mascus.com/transportation/crane-trucks/mercedes-benz-atego-4x2/4t7rfl5s.html
Freightliner 108SD,Company,2019,"11,135 miles",United States,Boom / Crane / Bucket Trucks,Freightliner 108SD,https://www.mascus.com/transportation/crane-trucks/freightliner-108sd/en7s4lbh.html
TCM FD 70 Z8,Company,2022,422 miles,China,Box trucks,TCM FD 70 Z8,https://www.mascus.com/transportation/box-body-trucks/tcm-fd-70-z8/bl3kalfq.html
Terberg FM2000-T 8x8/6 Daycab Euro 5 - Tipper 20m³ - Envir,Company,2009,"485,951 miles",Netherlands,Dump Trucks,Terberg FM2000-T 8x8/6 Daycab Euro 5 - Tipper 20m³ - Envir,https://www.mascus.com/transportation/tipper-trucks/terberg-fm2000-t-8x8-6-daycab-euro-5-tipper-20m3-envir/fu3r3hgs.html
DAF XF510 6x2 Koffer,Company,2014,"536,865 miles",Switzerland,Box trucks,DAF XF510 6x2 Koffer,https://www.mascus.com/transportation/box-body-trucks/daf-xf510-6x2-koffer/gsft7qdk.html
Mack GR84F,Company,2019,"294,180 miles",United States,Dump Trucks,Mack GR84F,https://www.mascus.com/transportation/tipper-trucks/mack-gr84f/dphffqbk.html
Howo 371 6x4,Company,2024,"4,660 miles",China,Dump Trucks,Howo 371 6x4,https://www.mascus.com/transportation/tipper-trucks/howo-371-6x4/ipai8r4o.html
American Made 22ft,Company,1986,,United States,Other Trucks,American Made 22ft,https://www.mascus.com/transportation/other-trucks/american-made-22ft/cuhh4lai.html
"Mercedes-Benz Arocs 3253 L 8x4/4, MultimediaCockpit, Navi,",Company,,,Germany,Hook lift trucks,"Mercedes-Benz Arocs 3253 L 8x4/4, MultimediaCockpit, Navi,",https://www.mascus.com/transportation/hook-lift-trucks/mercedes-benz-arocs-3253-l-8x4-4-multimediacockpit-navi/ffcfdj8k.html
Mack MD6,Company,2027,,United States,Cab & Chassis Trucks,Mack MD6,https://www.mascus.com/transportation/chassis-cab-trucks/mack-md6/7hgs4ndf.html
Volvo FH,Company,2014,,Finland,Other Trucks,Volvo FH,https://www.mascus.com/transportation/other-trucks/volvo-fh/6rdu7uen.html
Freightliner M2 106,Company,2016,"344,251 miles",Canada,Box trucks,Freightliner M2 106,https://www.mascus.com/transportation/box-body-trucks/freightliner-m2-106/hhfs5sif.html
Nissan NT400 Cabstar Doka / 3-Way Tipper Truck,Company,,"46,610 miles",Hungary,Other Trucks,Nissan NT400 Cabstar Doka / 3-way tipper truck,https://www.mascus.com/transportation/other-trucks/nissan-nt400-cabstar-doka-3-way-tipper-truck/8kaj5p3r.html
Mercedes-Benz Arocs 3745 8x4 TRIPLE HMF Z CRANE/HOOK!! ZERO EMIS,Company,2021,"122,532 miles",Netherlands,Hook lift trucks,Mercedes-Benz Arocs 3745 8x4 TRIPLE HMF Z CRANE/HOOK!! ZERO EMIS,https://www.mascus.com/transportation/hook-lift-trucks/mercedes-benz-arocs-3745-8x4-triple-hmf-z-crane-hook-zero-emis/9u5jilhh.html
Scania R 143 HL,Company,1991,"570,370 miles",Sweden,Hook lift trucks,Scania R 143 HL,https://www.mascus.com/transportation/hook-lift-trucks/scania-r-143-hl/du8h7g9o.html
Peterbilt 579,Company,2022,"256,975 miles",United States,Dump Trucks,Peterbilt 579,https://www.mascus.com/transportation/tipper-trucks/peterbilt-579/4l9hfjhp.html
Scania P 500 6x2*4 CAB DAMAGE ! / 9 TON FRONT AXLE,Company,2019,"217,359 miles",Estonia,Container Trucks,Scania P 500 6x2*4 CAB DAMAGE ! / 9 TON FRONT AXLE,https://www.mascus.com/transportation/containerframe-trucks/scania-p-500-6x2-4-cab-damage-9-ton-front-axle/4l4fbicj.html
MAN 35.414 * PALFINGER PK 36002 +FUNK / 8x6,Company,2005,"108,740 miles",Poland,Dump Trucks,MAN 35.414 * PALFINGER PK 36002 +FUNK / 8x6,https://www.mascus.com/transportation/tipper-trucks/man-35-414-palfinger-pk-36002-funk-8x6/elcp3pdu.html
GMC Savana 3500,Company,2021,"81,914 miles",United States,Box trucks,GMC Savana 3500,https://www.mascus.com/transportation/box-body-trucks/gmc-savana-3500/6s5mbjdr.html
Volvo FH 16,Company,2018,"639,142 miles",Finland,Log trucks,Volvo FH 16,https://www.mascus.com/transportation/timber-trucks/volvo-fh-16/7mcrgmej.html
Iveco Eurocargo 160E210 4X2 16tonner 2500kg Ladebordwand,Company,2019,"117,228 miles",Netherlands,Curtain Side Trucks,Iveco Eurocargo 160E210 4X2 16tonner 2500kg Ladebordwand,https://www.mascus.com/transportation/curtainsider-trucks/iveco-eurocargo-160e210-4x2-16tonner-2500kg-ladebordwand/6r6mbg5m.html
Iveco Daily 72C18 Hi-Matic Pritsche Plane+LBW*Webasto*,Company,2020,"111,834 miles",Germany,Curtain Side Trucks,Iveco Daily 72C18 Hi-Matic Pritsche Plane+LBW*Webasto*,https://www.mascus.com/transportation/curtainsider-trucks/iveco-daily-72c18-hi-matic-pritsche-plane-lbw-webasto/cs9o8g9o.html
DAF XD,Company,2026,,United Kingdom,Tank Trucks,DAF XD,https://www.mascus.com/transportation/tank-trucks/daf-xd/bf5p4tar.html
Scania S580 V8 / 6x2/4 / MEGA / LOWDECK,Company,2021,"362,826 miles",Netherlands,Box trucks,Scania S580 V8 / 6x2/4 / MEGA / LOWDECK,https://www.mascus.com/transportation/box-body-trucks/scania-s580-v8-6x2-4-mega-lowdeck/crgl4ldf.html
DAF FAT XF530Z,Company,2021,,Sweden,Dump Trucks,DAF FAT XF530Z,https://www.mascus.com/transportation/tipper-trucks/daf-fat-xf530z/9fatfn8j.html
MAN TGA 26.360 / 6x4 / Three-Way Tipper,Company,,"63,380 miles",Hungary,Dump Trucks,MAN TGA 26.360 / 6x4 / Three-way tipper,https://www.mascus.com/transportation/tipper-trucks/man-tga-26-360-6x4-three-way-tipper/hmhn3u6m.html
Volvo FH 500 6x2*4 HIAB XR 21 Ton / L=5100 Mm,Company,2017,"654,067 miles",Estonia,Hook lift trucks,Volvo FH 500 6x2*4 HIAB XR 21 ton / L=5100 mm,https://www.mascus.com/transportation/hook-lift-trucks/volvo-fh-500-6x2-4-hiab-xr-21-ton-l-5100-mm/er6m3oho.html
"Iveco 70C18 HI-MATIC 4x2, Meiller, 2x AHK, Klima",Company,2021,,Germany,Dump Trucks,"Iveco 70C18 HI-MATIC 4x2, Meiller, 2x AHK, Klima",https://www.mascus.com/transportation/tipper-trucks/iveco-70c18-hi-matic-4x2-meiller-2x-ahk-klima/aicgdt7m.html
Volvo FMX 540 8X4 / HIAB X-HIPRO 548E-8 + FLY JIB 150X-6,Company,2019,"111,847 miles",Netherlands,Dump Trucks,Volvo FMX 540 8X4 / HIAB X-HIPRO 548E-8 + FLY JIB 150X-6,https://www.mascus.com/transportation/tipper-trucks/volvo-fmx-540-8x4-hiab-x-hipro-548e-8-fly-jib-150x-6/aufi6fcj.html
Volvo FH 540,Company,2023,"43,496 miles",Lithuania,Skip loader trucks,Volvo FH 540,https://www.mascus.com/transportation/skip-loader-trucks/volvo-fh-540/afhnalbg.html
Mercedes-Benz 2540LL Actros BDF,Company,2017,"34,341 miles",Germany,Cab & Chassis Trucks,Mercedes-Benz 2540LL Actros BDF,https://www.mascus.com/transportation/chassis-cab-trucks/mercedes-benz-2540ll-actros-bdf/cm7nigck.html
Tatra Phoenix,Company,2019,"102,580 miles",Netherlands,Dump Trucks,Tatra Phoenix,https://www.mascus.com/transportation/tipper-trucks/tatra-phoenix/aofkbo7f.html
Freightliner M2 106,Company,2013,"180,270 miles",United States,Flatbed Trucks,Freightliner M2 106,https://www.mascus.com/transportation/flatbed-dropside-trucks/freightliner-m2-106/3hdffr3p.html
Mercedes-Benz Actros 3563,Company,2022,"429,678 miles",Finland,Cab & Chassis Trucks,Mercedes-Benz Actros 3563,https://www.mascus.com/transportation/chassis-cab-trucks/mercedes-benz-actros-3563/fkgshsaf.html
Howo 12 Wheeler Oil Tanker Trucks,Company,2025,,China,Tank Trucks,Howo 12 Wheeler Oil Tanker Trucks,https://www.mascus.com/transportation/tank-trucks/howo-12-wheeler-oil-tanker-trucks/8hds8n3m.html
Scania R410 6X2*4 RET. CNG GAS,Company,2020,"363,060 miles",Netherlands,Demountable Trucks,Scania R410 6X2*4 RET. CNG GAS,https://www.mascus.com/transportation/demountables-trucks/scania-r410-6x2-4-ret-cng-gas/3gakco3g.html
Mack GR64B,Company,2027,,United States,Other Trucks,Mack GR64B,https://www.mascus.com/transportation/other-trucks/mack-gr64b/dnif3s6r.html
Wirtgen WR2400,Company,2011,,South Africa,Other Trucks,Wirtgen WR2400,https://www.mascus.com/transportation/other-trucks/wirtgen-wr2400/gr7r3fhp.html
Volvo FL250 4x2 EURO6 + PALFINGER PK 12.501 SLD,Company,2020,"157,580 miles",Estonia,Boom / Crane / Bucket Trucks,Volvo FL250 4x2 EURO6 + PALFINGER PK 12.501 SLD,https://www.mascus.com/transportation/crane-trucks/volvo-fl250-4x2-euro6-palfinger-pk-12-501-sld/8j9o8s4j.html
MAN 12.220 TGL TK BITEMP LIFT 14TKM,Company,2024,"8,833 miles",Netherlands,Reefer Trucks,MAN 12.220 TGL TK BITEMP LIFT 14TKM,https://www.mascus.com/transportation/temperature-controlled-trucks/man-12-220-tgl-tk-bitemp-lift-14tkm/digj8r8t.html
Kenworth T600A,Company,1989,"489,402 miles",United States,Dump Trucks,Kenworth T600A,https://www.mascus.com/transportation/tipper-trucks/kenworth-t600a/9idk9pfu.html
"Mercedes-Benz Atego 1224L Fokor 6,2m Ksa-Umpikori, PL-Nostin",Company,2022,"51,729 miles",Finland,Box trucks,"Mercedes-Benz Atego 1224L Fokor 6,2m Ksa-umpikori, PL-nostin",https://www.mascus.com/transportation/box-body-trucks/mercedes-benz-atego-1224l-fokor-6-2m-ksa-umpikori-pl-nostin/fgcm9p7i.html
Renault Premium 270 Dci 4x2 Gas Tank 18.6 M3,Company,2005,"289,870 miles",Netherlands,Tank Trucks,Renault Premium 270 dci 4x2 gas tank 18.6 m3,https://www.mascus.com/transportation/tank-trucks/renault-premium-270-dci-4x2-gas-tank-18-6-m3/hlij9rem.html
"Mercedes-Benz 4140 AK Actros 8x8, Meiler, Allrad, Rollplane",Company,2000,,Germany,Dump Trucks,"Mercedes-Benz 4140 AK Actros 8x8, Meiler, Allrad, Rollplane",https://www.mascus.com/transportation/tipper-trucks/mercedes-benz-4140-ak-actros-8x8-meiler-allrad-rollplane/ipdg9rgh.html
DAF CF 75.310 CF,Company,2012,,Netherlands,Dump Trucks,DAF CF 75.310 CF,https://www.mascus.com/transportation/tipper-trucks/daf-cf-75-310-cf/4lbpelhi.html
"DAF LF / 260 / ACC / E 6 / FIRANKA / 18 PALET / DŁ. 7,",Company,,"149,129 miles",Hungary,Curtain Side Trucks,"DAF LF / 260 / ACC / E 6 / FIRANKA / 18 PALET / DŁ. 7,",https://www.mascus.com/transportation/curtainsider-trucks/daf-lf-260-acc-e-6-firanka-18-palet-dl-7/3k9i8s9j.html
Mercedes-Benz Atego 818 Schwenkwand,Company,2003,"95,815 miles",Germany,Box trucks,Mercedes-Benz Atego 818 Schwenkwand,https://www.mascus.com/transportation/box-body-trucks/mercedes-benz-atego-818-schwenkwand/cf7h8ueq.html
Oshkosh AMK23A1 MTVR,Company,,,United States,Box trucks,Oshkosh AMK23A1 MTVR,https://www.mascus.com/transportation/box-body-trucks/oshkosh-amk23a1-mtvr/bm5jdkgm.html
Mercedes-Benz Actros 3346 Actros 6X6 6x6 Chassis Big-Axle Steel,Company,2005,"131,484 miles",Netherlands,Cab & Chassis Trucks,Mercedes-Benz Actros 3346 Actros 6X6 6x6 chassis Big-Axle Steel,https://www.mascus.com/transportation/chassis-cab-trucks/mercedes-benz-actros-3346-actros-6x6-6x6-chassis-big-axle-steel/irdl4rgk.html
GMC G3500,Company,2024,"28,882 miles",United States,Reefer Trucks,GMC G3500,https://www.mascus.com/transportation/temperature-controlled-trucks/gmc-g3500/cggmifim.html
Scania R410 6X2 LL Lift/Gelenkt Kipper Kran 18502 Funk,Company,2018,"132,787 miles",Austria,Dump Trucks,Scania R410 6X2 LL Lift/gelenkt Kipper Kran 18502 Funk,https://www.mascus.com/transportation/tipper-trucks/scania-r410-6x2-ll-lift-gelenkt-kipper-kran-18502-funk/coiqehhj.html
Mercedes-Benz Arocs 3240 8x4 RHD Schwing Mixer,Company,2018,"202,256 miles",Netherlands,Concrete Trucks,Mercedes-Benz Arocs 3240 8x4 RHD Schwing mixer,https://www.mascus.com/transportation/concrete-trucks/mercedes-benz-arocs-3240-8x4-rhd-schwing-mixer/hiefhg5r.html
Peterbilt 367,Company,2015,"493,710 miles",United States,Dump Trucks,Peterbilt 367,https://www.mascus.com/transportation/tipper-trucks/peterbilt-367/fk7hdghj.html
MAN TGS 41.480 MAN TGS 41.480 8x4 WECHSELSYSTEM KIPPER,Company,2025,,Germany,Concrete Trucks,MAN TGS 41.480 MAN TGS 41.480 8x4 WECHSELSYSTEM KIPPER,https://www.mascus.com/transportation/concrete-trucks/man-tgs-41-480-man-tgs-41-480-8x4-wechselsystem-kipper/6j9fbmbm.html
Freightliner M2106,Company,2018,"320,723 miles",United States,Box trucks,Freightliner M2106,https://www.mascus.com/transportation/box-body-trucks/freightliner-m2106/bj9iitgr.html
Howo 375 6x4,Company,2025,"5,282 miles",China,Dump Trucks,Howo 375 6x4,https://www.mascus.com/transportation/tipper-trucks/howo-375-6x4/gkih5h7m.html
MAN 26.414 Chassis Med 2 Vekselflak – Girkasse Skiftet,Company,2000,"186,411 miles",Norway,Cab & Chassis Trucks,MAN 26.414 chassis med 2 vekselflak – girkasse skiftet,https://www.mascus.com/transportation/chassis-cab-trucks/man-26-414-chassis-med-2-vekselflak-girkasse-skiftet/ik9kdk5m.html
Volvo VAH,Company,,,,,,https://www.mascus.com/transportation/vehicle-transporters/volvo-vah/cf9u4ifk.html
MAN TGX 26.500 Konttilaite+pl-Nosyin,Company,2018,"356,667 miles",Finland,Container Trucks,MAN TGX 26.500 konttilaite+pl-nosyin,https://www.mascus.com/transportation/containerframe-trucks/man-tgx-26-500-konttilaite-pl-nosyin/9ifnhnhf.html
Howo 380 6x4,Company,2025,"2,846 miles",China,Dump Trucks,Howo 380 6x4,https://www.mascus.com/transportation/tipper-trucks/howo-380-6x4/3t7hgk9s.html
MAN TGL 8.220 BB | Erst 26TKM*MEILLER*Kamera*2x AHK,Company,2023,"16,491 miles",Germany,Dump Trucks,MAN TGL 8.220 BB | erst 26TKM*MEILLER*Kamera*2x AHK,https://www.mascus.com/transportation/tipper-trucks/man-tgl-8-220-bb-erst-26tkm-meiller-kamera-2x-ahk/ftdtdq9q.html
Howo 371 6x4,Company,2024,"4,660 miles",China,Dump Trucks,Howo 371 6x4,https://www.mascus.com/transportation/tipper-trucks/howo-371-6x4/7m3m9mff.html
Volvo FL210 4x2,Company,2021,"24,624 miles",Finland,Box trucks,Volvo FL210 4x2,https://www.mascus.com/transportation/box-body-trucks/volvo-fl210-4x2/9rfi5s5s.html
DAF LF 310 CS1250 Silent – --R-007,Company,2016,,Spain,Reefer Trucks,DAF LF 310 CS1250 Silent – --R-007,https://www.mascus.com/transportation/temperature-controlled-trucks/daf-lf-310-cs1250-silent-r-007/5tcq4f6q.html
Freightliner M2 106,Company,2016,"251,556 miles",United States,Flatbed Trucks,Freightliner M2 106,https://www.mascus.com/transportation/flatbed-dropside-trucks/freightliner-m2-106/dgbgdobr.html
Iveco Eurocargo 160E320 4X2 NEW! 16T Chassis 2016 Produc,Company,2016,7 miles,Netherlands,Cab & Chassis Trucks,Iveco Eurocargo 160E320 4X2 NEW! 16T chassis 2016 produc,https://www.mascus.com/transportation/chassis-cab-trucks/iveco-eurocargo-160e320-4x2-new-16t-chassis-2016-produc/hndrak9f.html
Volvo FH 500 8x4 M. 85 Tons EFFER Kran,Company,2014,,Denmark,Boom / Crane / Bucket Trucks,Volvo FH 500 8x4 m. 85 Tons EFFER Kran,https://www.mascus.com/transportation/crane-trucks/volvo-fh-500-8x4-m-85-tons-effer-kran/bl6j4feo.html
CAT 730,Company,,,United States,Other Trucks,CAT 730,https://www.mascus.com/transportation/other-trucks/cat-730/5lhocn6h.html
"Volvo FH 460 * PRITSCHE * FASSI F185BS23 *13,30 M LANG",Company,2014,"365,988 miles",Germany,Boom / Crane / Bucket Trucks,"Volvo FH 460 * PRITSCHE * FASSI F185BS23 *13,30 M LANG",https://www.mascus.com/transportation/crane-trucks/volvo-fh-460-pritsche-fassi-f185bs23-13-30-m-lang/7tgk4r8h.html
MAN 10T MIL GL 8X8,Company,2024,,Netherlands,Cab & Chassis Trucks,MAN 10T MIL GL 8X8,https://www.mascus.com/transportation/chassis-cab-trucks/man-10t-mil-gl-8x8/5j8tan7f.html
Scania R650B6X4NB. NY PRIS!!!,Company,2018,"438,730 miles",Norway,Other Trucks,Scania R650B6X4NB. NY PRIS!!!,https://www.mascus.com/transportation/other-trucks/scania-r650b6x4nb-ny-pris/guag6rfq.html
Scania R450 6x2/4 Topline Euro6A - Retarder - Marrel 26T,Company,2015,"455,702 miles",Netherlands,Hook lift trucks,Scania R450 6x2/4 Topline Euro6A - Retarder - Marrel 26T,https://www.mascus.com/transportation/hook-lift-trucks/scania-r450-6x2-4-topline-euro6a-retarder-marrel-26t/cjhq7qan.html
"MAN 12.220 TGL BL 4x2, Carrier Xarios 600, LBW,Klima",Company,2014,,Germany,Reefer Trucks,"MAN 12.220 TGL BL 4x2, Carrier Xarios 600, LBW,Klima",https://www.mascus.com/transportation/temperature-controlled-trucks/man-12-220-tgl-bl-4x2-carrier-xarios-600-lbw-klima/iq9sbmbp.html
MAN TGS 26.400 EURO 6 PK 27002-6FLAY-3,Company,2017,,Greece,Boom / Crane / Bucket Trucks,MAN TGS 26.400 EURO 6 PK 27002-6FLAY-3,https://www.mascus.com/transportation/crane-trucks/man-tgs-26-400-euro-6-pk-27002-6flay-3/bicrisfi.html
Mercedes-Benz Sprinter 514 CDI 37 – Tipper Truck / Storage Compa,Company,2019,"74,246 miles",Hungary,Other Trucks,Mercedes-Benz Sprinter 514 CDI 37 – Tipper Truck / Storage Compa,https://www.mascus.com/transportation/other-trucks/mercedes-benz-sprinter-514-cdi-37-tipper-truck-storage-compa/gq9fimbs.html
Scania G490 8x4*4 / HMF 5020 + JIB,Company,2017,"250,723 miles",Netherlands,Boom / Crane / Bucket Trucks,Scania G490 8x4*4 / HMF 5020 + JIB,https://www.mascus.com/transportation/crane-trucks/scania-g490-8x4-4-hmf-5020-jib/4m6ieubu.html
Chevrolet Kodiak,Company,1991,"215,131 miles",United States,Dump Trucks,Chevrolet Kodiak,https://www.mascus.com/transportation/tipper-trucks/chevrolet-kodiak/imhldphq.html
Chevrolet C5500,Company,2023,"6,459 miles",United States,Other Trucks,Chevrolet C5500,https://www.mascus.com/transportation/other-trucks/chevrolet-c5500/do7g6pgn.html
DAF XD 310 4X2 NEW! 19tonner 2000kg Ladebordwand Autom,Company,2024,233 miles,Netherlands,Box trucks,DAF XD 310 4X2 NEW! 19tonner 2000kg Ladebordwand Autom,https://www.mascus.com/transportation/box-body-trucks/daf-xd-310-4x2-new-19tonner-2000kg-ladebordwand-autom/7n4l8hfp.html
Nissan ATLAS,Company,2016,"24,655 miles",Japan,Flatbed Trucks,Nissan ATLAS,https://www.mascus.com/transportation/flatbed-dropside-trucks/nissan-atlas/4n6lgf4j.html
ConWerk ARS140 Container 22m³ *NEU*,Company,2026,,Germany,Hook lift trucks,ConWerk ARS140 Container 22m³ *NEU*,https://www.mascus.com/transportation/hook-lift-trucks/conwerk-ars140-container-22m3-neu/5h5oit3l.html
Hillcrest Trailers HTT 22' X 82 16K GVWR Gravity T,Company,2026,,United States,Other Trucks,Hillcrest Trailers HTT 22' X 82 16K GVWR Gravity T,https://www.mascus.com/transportation/other-trucks/hillcrest-trailers-htt-22-x-82-16k-gvwr-gravity-t/7p3mgp8u.html
Hino 268,Company,2019,"236,789 miles",United States,Box trucks,Hino 268,https://www.mascus.com/transportation/box-body-trucks/hino-268/8s7uftfm.html
Schneider Electric IC60H2 C16,Company,,,Estonia,Other Trucks,Schneider Electric iC60H2 C16,https://www.mascus.com/transportation/other-trucks/schneider-electric-ic60h2-c16/if8lcr4f.html
Renault Premium 270 DCI,Company,2006,"126,133 miles",Portugal,Boom / Crane / Bucket Trucks,Renault Premium 270 DCI,https://www.mascus.com/transportation/crane-trucks/renault-premium-270-dci/akgqbn5h.html
Ford F-450,Company,2017,,United States,Other Trucks,Ford F-450,https://www.mascus.com/transportation/other-trucks/ford-f-450/cfdtgo9h.html
Kenworth T 800,Company,2015,,United States,Demountable Trucks,Kenworth T 800,https://www.mascus.com/transportation/demountables-trucks/kenworth-t-800/fr6jdnbq.html
"MAN 8.220 TGL 4x2, Automatik, Ladebordwand Seitenplane",Company,2012,"263,847 miles",Germany,Curtain Side Trucks,"MAN 8.220 TGL 4x2, Automatik, Ladebordwand Seitenplane",https://www.mascus.com/transportation/curtainsider-trucks/man-8-220-tgl-4x2-automatik-ladebordwand-seitenplane/fj7p6q3l.html
Mercedes-Benz Arocs,Company,2015,,Sweden,Hook lift trucks,Mercedes-Benz Arocs,https://www.mascus.com/transportation/hook-lift-trucks/mercedes-benz-arocs/8rdofh6j.html
Kenworth T880,Company,2024,"133,192 miles",Canada,Dump Trucks,Kenworth T880,https://www.mascus.com/transportation/tipper-trucks/kenworth-t880/hnhjgq4u.html
Freightliner M2106,Company,2018,"138,606 miles",United States,Box trucks,Freightliner M2106,https://www.mascus.com/transportation/box-body-trucks/freightliner-m2106/bjhs6sco.html
Mercedes-Benz Arocs 8x6 4140 Abroller Palfinger 65002,Company,2023,"5,282 miles",Germany,Boom / Crane / Bucket Trucks,Mercedes-Benz Arocs 8x6 4140 Abroller Palfinger 65002,https://www.mascus.com/transportation/crane-trucks/mercedes-benz-arocs-8x6-4140-abroller-palfinger-65002/5q9mafco.html
"Renault Midlum 220 EURO 5, LPG, GPL, 14990 Liter, Telma",Company,2005,"371,891 miles",Netherlands,Tank Trucks,"Renault Midlum 220 EURO 5, LPG, GPL, 14990 Liter, Telma",https://www.mascus.com/transportation/tank-trucks/renault-midlum-220-euro-5-lpg-gpl-14990-liter-telma/eobn3k3l.html
Iveco DAILY 60C15,Company,2015,"354,037 miles",Italy,Reefer Trucks,Iveco DAILY 60C15,https://www.mascus.com/transportation/temperature-controlled-trucks/iveco-daily-60c15/3sdn4n6k.html
"Volvo FL 280 / 4X2 / SKRZYNIOWY 7,3 M / HDS  HYVA / PILO",Company,2014,"188,897 miles",Hungary,Flatbed Trucks,"Volvo FL 280 / 4X2 / SKRZYNIOWY 7,3 M / HDS  HYVA / PILO",https://www.mascus.com/transportation/flatbed-dropside-trucks/volvo-fl-280-4x2-skrzyniowy-7-3-m-hds-hyva-pilo/il5g7ket.html
Nissan Atleon 80.14 Ferrari 561 Bis 14.80 Meter,Company,2010,"57,974 miles",Germany,Flatbed Trucks,Nissan Atleon 80.14 Ferrari 561 bis 14.80 Meter,https://www.mascus.com/transportation/flatbed-dropside-trucks/nissan-atleon-80-14-ferrari-561-bis-14-80-meter/8q5fau8n.html
Volvo FE250,Company,2013,,Belgium,Reefer Trucks,Volvo FE250,https://www.mascus.com/transportation/temperature-controlled-trucks/volvo-fe250/5s3ufmbi.html
Peterbilt 367,Company,2015,"545,244 miles",United States,Dump Trucks,Peterbilt 367,https://www.mascus.com/transportation/tipper-trucks/peterbilt-367/dr9sglcf.html
Renault Kerax 370.26 Bibenne,Company,2002,"342,121 miles",France,Dump Trucks,Renault Kerax 370.26 Bibenne,https://www.mascus.com/transportation/tipper-trucks/renault-kerax-370-26-bibenne/ff7o7r7s.html
Chevrolet C4500,Company,2007,,United States,Flatbed Trucks,Chevrolet C4500,https://www.mascus.com/transportation/flatbed-dropside-trucks/chevrolet-c4500/hufj9lbg.html
GMC G3500,Company,2019,"88,121 miles",United States,Box trucks,GMC G3500,https://www.mascus.com/transportation/box-body-trucks/gmc-g3500/eicfiq6u.html
Hubiere CTR751CT,Company,2007,,France,Other Trucks,Hubiere CTR751CT,https://www.mascus.com/transportation/other-trucks/hubiere-ctr751ct/5ogocpci.html
Volvo FM 500 8x4/4 // HIAB 244 EP-5 HIPRO // 3 Way Tip,Company,2016,"303,850 miles",Denmark,Boom / Crane / Bucket Trucks,Volvo FM 500 8x4/4 // HIAB 244 EP-5 HIPRO // 3 way tip,https://www.mascus.com/transportation/crane-trucks/volvo-fm-500-8x4-4-hiab-244-ep-5-hipro-3-way-tip/eh6f9fbj.html
Scania R 480 LB,Company,2010,"776,756 miles",Sweden,Box trucks,Scania R 480 LB,https://www.mascus.com/transportation/box-body-trucks/scania-r-480-lb/7i3r4s4s.html
Mercedes-Benz 316 CDI / 5.20 M Flatbed,Company,,"152,965 miles",Hungary,Other Trucks,Mercedes-Benz 316 CDI / 5.20 m flatbed,https://www.mascus.com/transportation/other-trucks/mercedes-benz-316-cdi-5-20-m-flatbed/ii4l5hfp.html
"RAM 5500HD 12ft Flatbed Truck, Cummins, 4x4",Company,2014,"50,880 miles",United States,Flatbed Trucks,"RAM 5500HD 12ft Flatbed Truck, Cummins, 4x4",https://www.mascus.com/transportation/flatbed-dropside-trucks/ram-5500hd-12ft-flatbed-truck-cummins-4x4/bm6jdqff.html
"PK 23501-W KRAN | HYDRAULISK UTSKYT 10,2 M | RRC |",Company,2017,31 miles,Norway,Other Trucks,"PK 23501-W KRAN | HYDRAULISK UTSKYT 10,2 M | RRC |",https://www.mascus.com/transportation/other-trucks/pk-23501-w-kran-hydraulisk-utskyt-10-2-m-rrc/bl4s5h5l.html
Ford E350,Company,2021,"123,151 miles",United States,Box trucks,Ford E350,https://www.mascus.com/transportation/box-body-trucks/ford-e350/apif3f9i.html
MAN TGS 41.480 MAN TGS 41.480 8x4 WECHSELSYSTEM KIPPER,Company,2025,,Germany,Dump Trucks,MAN TGS 41.480 MAN TGS 41.480 8x4 WECHSELSYSTEM KIPPER,https://www.mascus.com/transportation/tipper-trucks/man-tgs-41-480-man-tgs-41-480-8x4-wechselsystem-kipper/du3udj6k.html
Freightliner M2106,Company,2019,"106,969 miles",United States,Box trucks,Freightliner M2106,https://www.mascus.com/transportation/box-body-trucks/freightliner-m2106/3fgjcigh.html
Peterbilt 365,Company,2014,"163,552 miles",United States,Concrete Trucks,Peterbilt 365,https://www.mascus.com/transportation/concrete-trucks/peterbilt-365/gj3h3t3s.html
Mack PINNACLE 64R,Company,2026,"1,762 miles",United States,Dump Trucks,Mack PINNACLE 64R,https://www.mascus.com/transportation/tipper-trucks/mack-pinnacle-64r/gg4s5jgg.html
Scania P 360 / E 6 / CHŁODNIA + WINDA / 18 PALET / RETARD,Company,,"192,625 miles",Hungary,Reefer Trucks,Scania P 360 / E 6 / CHŁODNIA + WINDA / 18 PALET / RETARD,https://www.mascus.com/transportation/temperature-controlled-trucks/scania-p-360-e-6-chlodnia-winda-18-palet-retard/doiodrbk.html
Mercedes-Benz Actros 2548 / 6×2,Company,,"123,653 miles",Hungary,Reefer Trucks,Mercedes-Benz Actros 2548 / 6×2,https://www.mascus.com/transportation/temperature-controlled-trucks/mercedes-benz-actros-2548-6x2/iqgo6o6s.html
Iveco Eurocargo 150E25 + Lift + Euro 5 EEV + 3P,Company,2012,"357,386 miles",Netherlands,Box trucks,Iveco Eurocargo 150E25 + lift + euro 5 EEV + 3P,https://www.mascus.com/transportation/box-body-trucks/iveco-eurocargo-150e25-lift-euro-5-eev-3p/4r6l8r4f.html
Mercedes-Benz Sprinter 415,Company,2007,"94,448 miles",Finland,Reefer Trucks,Mercedes-Benz Sprinter 415,https://www.mascus.com/transportation/temperature-controlled-trucks/mercedes-benz-sprinter-415/boer5mbk.html
TCM FD 70 Z8,Company,2022,422 miles,China,Box trucks,TCM FD 70 Z8,https://www.mascus.com/transportation/box-body-trucks/tcm-fd-70-z8/8seuekbk.html
Peterbilt 567,Company,2026,,United States,Dump Trucks,Peterbilt 567,https://www.mascus.com/transportation/tipper-trucks/peterbilt-567/7uemfkbk.html
"Mercedes-Benz 614 D Vario 4x2, DOKA, Meiller, 2x AHK, 147tkm",Company,2004,,Germany,Dump Trucks,"Mercedes-Benz 614 D Vario 4x2, DOKA, Meiller, 2x AHK, 147tkm",https://www.mascus.com/transportation/tipper-trucks/mercedes-benz-614-d-vario-4x2-doka-meiller-2x-ahk-147tkm/gkau6m3t.html
Mack MD642R,Company,2025,560 miles,United States,Other Trucks,Mack MD642R,https://www.mascus.com/transportation/other-trucks/mack-md642r/cq8m7p3h.html
MAN TGM,Company,2025,466 miles,Germany,Hook lift trucks,MAN TGM,https://www.mascus.com/transportation/hook-lift-trucks/man-tgm/3rhs5p8k.html
Hino 258,Company,2019,"320,721 miles",United States,Box trucks,Hino 258,https://www.mascus.com/transportation/box-body-trucks/hino-258/audsguhm.html
Ford F750,Company,2005,,United States,Other Trucks,Ford F750,https://www.mascus.com/transportation/other-trucks/ford-f750/ipcrhmhk.html
"Scania G 280 / LBW / Pritsche 7,3 M / 1 X Liege",Company,2016,"299,501 miles",Germany,Curtain Side Trucks,"Scania G 280 / LBW / Pritsche 7,3 m / 1 x Liege",https://www.mascus.com/transportation/curtainsider-trucks/scania-g-280-lbw-pritsche-7-3-m-1-x-liege/5sif8n4i.html
MAN TGS 33.400,Company,2014,"327,463 miles",Spain,Hook lift trucks,MAN TGS 33.400,https://www.mascus.com/transportation/hook-lift-trucks/man-tgs-33-400/hh3hhq3r.html
Volvo FM 460 8x4/4 Day Cab Euro6B - Hook Arm System Hyva,Company,2014,"371,277 miles",Netherlands,Hook lift trucks,Volvo FM 460 8x4/4 Day Cab Euro6B - Hook Arm System Hyva,https://www.mascus.com/transportation/hook-lift-trucks/volvo-fm-460-8x4-4-day-cab-euro6b-hook-arm-system-hyva/ctgiisar.html
MAN 32.360,Company,2014,,Poland,Concrete Trucks,MAN 32.360,https://www.mascus.com/transportation/concrete-trucks/man-32-360/8qgqft7p.html
Volvo FMX 420 + PK 16001 K,Company,2015,"160,470 miles",Portugal,Dump Trucks,Volvo FMX 420 + PK 16001 K,https://www.mascus.com/transportation/tipper-trucks/volvo-fmx-420-pk-16001-k/gpfq9o5g.html
Volvo FH540 8x4 Hook Truck With A 24t Joab Hook,Company,2016,"221,905 miles",Norway,Hook lift trucks,Volvo FH540 8x4 hook truck with a 24t Joab hook,https://www.mascus.com/transportation/hook-lift-trucks/volvo-fh540-8x4-hook-truck-with-a-24t-joab-hook/clanapbq.html
MAN TGS 26.420 6x4 / Fassi F215A.2.24 / Remote Control,Company,2019,"105,633 miles",Poland,Flatbed Trucks,MAN TGS 26.420 6x4 / Fassi F215A.2.24 / remote control,https://www.mascus.com/transportation/flatbed-dropside-trucks/man-tgs-26-420-6x4-fassi-f215a-2-24-remote-control/3gfp9nfq.html
"Scania P 380 8x4, EURO 4, CIFA, 9m3, Manual Transmission",Company,2007,"232,703 miles",Netherlands,Concrete Trucks,"Scania P 380 8x4, EURO 4, CIFA, 9m3, Manual transmission",https://www.mascus.com/transportation/concrete-trucks/scania-p-380-8x4-euro-4-cifa-9m3-manual-transmission/as3i4l6q.html
International 8600 Transtar,Company,2017,"299,561 miles",United States,Other Trucks,International 8600 Transtar,https://www.mascus.com/transportation/other-trucks/international-8600-transtar/ftim8ihu.html
National NBT36-1,Company,2021,,United States,Boom / Crane / Bucket Trucks,National NBT36-1,https://www.mascus.com/transportation/crane-trucks/national-nbt36-1/9ogk3qfl.html
Scania 144 Tipper Truck,Company,1997,"381,522 miles",Norway,Dump Trucks,Scania 144 Tipper Truck,https://www.mascus.com/transportation/tipper-trucks/scania-144-tipper-truck/hh4p4idu.html
MAN TGL 12.250 Trojstrannka E6 Automat+SVAN VIN 554+27,Company,2018,"556,057 miles",Slovak Republic,Curtain Side Trucks,MAN TGL 12.250 trojstrannka E6 automat+SVAN VIN 554+27,https://www.mascus.com/transportation/curtainsider-trucks/man-tgl-12-250-trojstrannka-e6-automat-svan-vin-554-27/gl4saodh.html
Chevrolet Express G3500,Company,2024,"58,181 miles",United States,Reefer Trucks,Chevrolet Express G3500,https://www.mascus.com/transportation/temperature-controlled-trucks/chevrolet-express-g3500/gjhq6lfs.html
Ford F-550,Company,2007,,Canada,Boom / Crane / Bucket Trucks,Ford F-550,https://www.mascus.com/transportation/crane-trucks/ford-f-550/8p9nfkag.html
Iveco DAILY 35C13,Company,2012,"211,266 miles",Italy,Other Trucks,Iveco DAILY 35C13,https://www.mascus.com/transportation/other-trucks/iveco-daily-35c13/erbtbn6h.html
Howo 371 6x4,Company,2024,"5,314 miles",China,Dump Trucks,Howo 371 6x4,https://www.mascus.com/transportation/tipper-trucks/howo-371-6x4/5tfqfj6f.html
Volvo FL 250 E6 Getränkewagen Klima LBW 178.000 Km,Company,2014,"110,907 miles",Germany,Box trucks,Volvo FL 250 E6 Getränkewagen Klima LBW 178.000 Km,https://www.mascus.com/transportation/box-body-trucks/volvo-fl-250-e6-getrankewagen-klima-lbw-178-000-km/gh9liigm.html
MAN TGS32.400 8x4 Camion Malaxeur 8x4 Mixer Truck,Company,2013,"126,492 miles",France,Concrete Trucks,MAN TGS32.400 8x4 Camion Malaxeur 8x4 Mixer Truck,https://www.mascus.com/transportation/concrete-trucks/man-tgs32-400-8x4-camion-malaxeur-8x4-mixer-truck/6off8qei.html
Mercedes-Benz Atego 1224 L,Company,2023,"26,719 miles",Denmark,Car Haulers,Mercedes-Benz Atego 1224 L,https://www.mascus.com/transportation/vehicle-transporters/mercedes-benz-atego-1224-l/7hahbfag.html
Freightliner 114SD,Company,2019,"351,372 miles",United States,Flatbed Trucks,Freightliner 114SD,https://www.mascus.com/transportation/flatbed-dropside-trucks/freightliner-114sd/bkareraj.html
Scania Före Detta Militär R144GB8x2NA460,Company,1999,"107,789 miles",Sweden,Flatbed Trucks,Scania Före detta militär R144GB8x2NA460,https://www.mascus.com/transportation/flatbed-dropside-trucks/scania-fore-detta-militar-r144gb8x2na460/7lfifs7i.html
Howo 8x4 Fuel Tank Truck,Company,2025,,China,Tank Trucks,Howo 8x4 Fuel Tank Truck,https://www.mascus.com/transportation/tank-trucks/howo-8x4-fuel-tank-truck/8g8rfo9j.html
Mercedes-Benz Actros 4140 Kipper 8x6 V6 Manual Gearbox Full Spri,Company,1999,"233,061 miles",Netherlands,Dump Trucks,Mercedes-Benz Actros 4140 Kipper 8x6 V6 Manual Gearbox Full Spri,https://www.mascus.com/transportation/tipper-trucks/mercedes-benz-actros-4140-kipper-8x6-v6-manual-gearbox-full-spri/cj4l3pip.html
Peterbilt 389,Company,2021,"417,000 miles",United States,Dump Trucks,Peterbilt 389,https://www.mascus.com/transportation/tipper-trucks/peterbilt-389/6hbg6k9h.html
Iveco Starlis X-Way 570,Company,2019,"67,294 miles",Finland,Cab & Chassis Trucks,Iveco Starlis X-Way 570,https://www.mascus.com/transportation/chassis-cab-trucks/iveco-starlis-x-way-570/en9oeh9i.html
Iveco Daily 50C15 Verkaufswagen*Foodtruck*3 STÜCK*,Company,2015,"167,149 miles",Germany,Other Trucks,Iveco Daily 50C15 Verkaufswagen*Foodtruck*3 STÜCK*,https://www.mascus.com/transportation/other-trucks/iveco-daily-50c15-verkaufswagen-foodtruck-3-stuck/6s8tckam.html
MAN TGS 35.480 8X4 HMF 2243-Z2 Crane Kran Tipper Euro,Company,2016,"182,058 miles",Netherlands,Dump Trucks,MAN TGS 35.480 8X4 HMF 2243-Z2 Crane Kran Tipper Euro,https://www.mascus.com/transportation/tipper-trucks/man-tgs-35-480-8x4-hmf-2243-z2-crane-kran-tipper-euro/gu7pbs5k.html
Volvo Fh12,Company,2005,,Finland,Hook lift trucks,Volvo Fh12,https://www.mascus.com/transportation/hook-lift-trucks/volvo-fh12/akil6k6r.html
Scania P 360,Company,2016,"169,634 miles",Hungary,Dump Trucks,Scania P 360,https://www.mascus.com/transportation/tipper-trucks/scania-p-360/8r5t7lal.html
DAF XF 530 FAN 6x2/4 Superspacecab Euro6D - Retarder -,Company,2020,"359,047 miles",Netherlands,Curtain Side Trucks,DAF XF 530 FAN 6x2/4 Superspacecab Euro6D - Retarder -,https://www.mascus.com/transportation/curtainsider-trucks/daf-xf-530-fan-6x2-4-superspacecab-euro6d-retarder/7g7oerfn.html
Mercedes-Benz 4144,Company,2012,"222,451 miles",Germany,Dump Trucks,Mercedes-Benz 4144,https://www.mascus.com/transportation/tipper-trucks/mercedes-benz-4144/3fikaggq.html
Ford F-550,Company,2020,"48,872 miles",United States,Wood Chippers,Ford F-550,https://www.mascus.com/transportation/wood-chip-trucks/ford-f-550/6h3ohu4o.html
Freightliner M2106,Company,2019,"143,425 miles",United States,Box trucks,Freightliner M2106,https://www.mascus.com/transportation/box-body-trucks/freightliner-m2106/am9ubggh.html
MAN TGA 26.410,Company,2005,,Poland,Hook lift trucks,MAN TGA 26.410,https://www.mascus.com/transportation/hook-lift-trucks/man-tga-26-410/hndfemhn.html
Volvo FM 9/340 6X2 Chassis Truck,Company,2009,"298,258 miles",Netherlands,Cab & Chassis Trucks,Volvo FM 9/340 6X2 Chassis truck,https://www.mascus.com/transportation/chassis-cab-trucks/volvo-fm-9-340-6x2-chassis-truck/csgihh4s.html
ECIM 500 L S/A Citerne A Eau 1 Essieu Water Tank T,Company,2008,,France,Other Trucks,ECIM 500 L S/A Citerne A Eau 1 Essieu Water Tank T,https://www.mascus.com/transportation/other-trucks/ecim-500-l-s-a-citerne-a-eau-1-essieu-water-tank-t/7o3f7jar.html
"Mercedes-Benz Actros 3341 K 6x4, Bormatik Links, Heckkran Penz",Company,2009,"164,145 miles",Germany,Dump Trucks,"Mercedes-Benz Actros 3341 K 6x4, Bormatik links, Heckkran Penz",https://www.mascus.com/transportation/tipper-trucks/mercedes-benz-actros-3341-k-6x4-bormatik-links-heckkran-penz/iq5jglbi.html
International MV,Company,2027,,Canada,Cab & Chassis Trucks,International MV,https://www.mascus.com/transportation/chassis-cab-trucks/international-mv/3f7hgm7s.html
Scania P 230 Abrollkipper * 4x2 * Top Zustand !,Company,2007,"180,819 miles",Poland,Hook lift trucks,Scania P 230 Abrollkipper * 4x2 * Top Zustand !,https://www.mascus.com/transportation/hook-lift-trucks/scania-p-230-abrollkipper-4x2-top-zustand/cl8hci8o.html
MAN TGS 28.500 - 153 TKm - Palfinger PK 19.001 SLD,Company,2018,"95,188 miles",Germany,Boom / Crane / Bucket Trucks,MAN TGS 28.500 - 153 TKm - Palfinger PK 19.001 SLD,https://www.mascus.com/transportation/crane-trucks/man-tgs-28-500-153-tkm-palfinger-pk-19-001-sld/9l9mho9l.html
Mercedes-Benz SPRINTER 516 BLUETEC,Company,2015,"185,790 miles",Poland,Other Trucks,Mercedes-Benz SPRINTER 516 BLUETEC,https://www.mascus.com/transportation/other-trucks/mercedes-benz-sprinter-516-bluetec/6fhkbiet.html
Freightliner M2 112,Company,2012,"149,809 miles",United States,Boom / Crane / Bucket Trucks,Freightliner M2 112,https://www.mascus.com/transportation/crane-trucks/freightliner-m2-112/cjbmaffu.html
Volvo FM,Company,2017,"491,114 miles",Finland,Demountable Trucks,Volvo FM,https://www.mascus.com/transportation/demountables-trucks/volvo-fm/6hdn8rcs.html
CAT 730WW,Company,2025,,United States,Tank Trucks,CAT 730WW,https://www.mascus.com/transportation/tank-trucks/cat-730ww/7q9lfmef.html
Volvo FH 540 - Flatbed Truck + Crane,Company,2018,"360,395 miles",Hungary,Flatbed Trucks,Volvo FH 540 - Flatbed truck + Crane,https://www.mascus.com/transportation/flatbed-dropside-trucks/volvo-fh-540-flatbed-truck-crane/ei8k8oat.html
Freightliner M2 106,Company,2019,"208,662 miles",United States,Box trucks,Freightliner M2 106,https://www.mascus.com/transportation/box-body-trucks/freightliner-m2-106/ilchalep.html
Mercedes-Benz AROCS 2658,Company,2017,"347,968 miles",Hungary,Dump Trucks,Mercedes-Benz AROCS 2658,https://www.mascus.com/transportation/tipper-trucks/mercedes-benz-arocs-2658/6kbs8ihf.html
"MAN TGX 26,500 XXL, Meiller RS21-65, Intarder Standk",Company,2019,"369,933 miles",Germany,Hook lift trucks,"MAN TGX 26,500 XXL, Meiller RS21-65, Intarder Standk",https://www.mascus.com/transportation/hook-lift-trucks/man-tgx-26-500-xxl-meiller-rs21-65-intarder-standk/bgiqiq5s.html
Peterbilt 567,Company,2026,,United States,Dump Trucks,Peterbilt 567,https://www.mascus.com/transportation/tipper-trucks/peterbilt-567/4hgihqei.html
Mercedes-Benz 1117,Company,1992,"270,293 miles",Netherlands,Dump Trucks,Mercedes-Benz 1117,https://www.mascus.com/transportation/tipper-trucks/mercedes-benz-1117/5q9lch7n.html
Scania R 650,Company,2019,,Finland,Log trucks,Scania R 650,https://www.mascus.com/transportation/timber-trucks/scania-r-650/hkduhf7n.html
GMC Savana G3500,Company,2020,"155,596 miles",United States,Box trucks,GMC Savana G3500,https://www.mascus.com/transportation/box-body-trucks/gmc-savana-g3500/8iefgnht.html
Howo 371 8x4,Company,2024,"4,660 miles",China,Dump Trucks,Howo 371 8x4,https://www.mascus.com/transportation/tipper-trucks/howo-371-8x4/cjip6s3g.html
Volvo VNR,Company,2022,,United States,Dump Trucks,Volvo VNR,https://www.mascus.com/transportation/tipper-trucks/volvo-vnr/dgfi8ndf.html
Western Star 4900FA,Company,2012,,United States,Other Trucks,Western Star 4900FA,https://www.mascus.com/transportation/other-trucks/western-star-4900fa/7qaf5fip.html
Volvo FM330 4X2 EURO6 + SIDE OPENING,Company,2017,"290,584 miles",Estonia,Box trucks,Volvo FM330 4X2 EURO6 + SIDE OPENING,https://www.mascus.com/transportation/box-body-trucks/volvo-fm330-4x2-euro6-side-opening/6mas8kdt.html
Mercedes-Benz Atego 1221 MEAT ROHRBAHNEN CARRIER SUPRA FRC 07-20,Company,2017,"172,741 miles",Netherlands,Reefer Trucks,Mercedes-Benz Atego 1221 MEAT ROHRBAHNEN CARRIER SUPRA FRC 07-20,https://www.mascus.com/transportation/temperature-controlled-trucks/mercedes-benz-atego-1221-meat-rohrbahnen-carrier-supra-frc-07-20/iubocfft.html
Mercedes-Benz Atego 1324 4X2 13tonner Thermo King T-1200R Manual,Company,2012,"192,669 miles",Netherlands,Reefer Trucks,Mercedes-Benz Atego 1324 4X2 13tonner Thermo King T-1200R Manual,https://www.mascus.com/transportation/temperature-controlled-trucks/mercedes-benz-atego-1324-4x2-13tonner-thermo-king-t-1200r-manual/7i9pemfk.html
Mercedes-Benz Atego 818 / Ladebordwand,Company,2012,"277,361 miles",Germany,Curtain Side Trucks,Mercedes-Benz Atego 818 / Ladebordwand,https://www.mascus.com/transportation/curtainsider-trucks/mercedes-benz-atego-818-ladebordwand/hkhufjir.html
Mercedes-Benz Actros 1845 FSN Autoschlepper 6 Autos,Company,2017,"442,335 miles",Germany,Car Haulers,Mercedes-Benz Actros 1845 FSN Autoschlepper 6 Autos,https://www.mascus.com/transportation/vehicle-transporters/mercedes-benz-actros-1845-fsn-autoschlepper-6-autos/6m9fbgcf.html
Mercedes-Benz AXOR 1828 CHAIN CONTAINER MEILLER,Company,2005,"320,266 miles",Slovak Republic,Skip loader trucks,Mercedes-Benz AXOR 1828 CHAIN CONTAINER MEILLER,https://www.mascus.com/transportation/skip-loader-trucks/mercedes-benz-axor-1828-chain-container-meiller/3uatif5q.html
Iveco 160E25 4x2 Fridge,Company,2017,"551,777 miles",Denmark,Reefer Trucks,Iveco 160E25 4x2 Fridge,https://www.mascus.com/transportation/temperature-controlled-trucks/iveco-160e25-4x2-fridge/cuiq3nct.html
"Iveco Stralis 330 CNG EURO 6, CNG, Manual Transmission,",Company,,,,,,https://www.mascus.com/transportation/temperature-controlled-trucks/iveco-stralis-330-cng-euro-6-cng-manual-transmission/7ghubrat.html
"Scania P 410 EURO 6, Retarder, Dhollandia, Carrier",Company,,,,,,https://www.mascus.com/transportation/temperature-controlled-trucks/scania-p-410-euro-6-retarder-dhollandia-carrier/arerdpih.html
MAN TGX 26.580 6x4 / Kurzholz / Tajfun 150Z96,Company,2022,"310,064 miles",Germany,Log trucks,MAN TGX 26.580 6x4 / Kurzholz / Tajfun 150Z96,https://www.mascus.com/transportation/timber-trucks/man-tgx-26-580-6x4-kurzholz-tajfun-150z96/elcl5l7g.html
Mack Granite,Company,2023,"71,381 miles",United States,Dump Trucks,Mack Granite,https://www.mascus.com/transportation/tipper-trucks/mack-granite/4m7m5l8r.html
Chevrolet Silverado 3500HD,Company,2018,,United States,Dump Trucks,Chevrolet Silverado 3500HD,https://www.mascus.com/transportation/tipper-trucks/chevrolet-silverado-3500hd/fheuho6r.html
Mack GR64B,Company,2019,,United States,Concrete Trucks,Mack GR64B,https://www.mascus.com/transportation/concrete-trucks/mack-gr64b/9p9o8jfi.html
"MAN TGS 26.480 6x4 BB, Kran Hiab 244 E-5 Hiduo, Funk,",Company,2011,"276,903 miles",Germany,Dump Trucks,"MAN TGS 26.480 6x4 BB, Kran Hiab 244 E-5 Hiduo, Funk,",https://www.mascus.com/transportation/tipper-trucks/man-tgs-26-480-6x4-bb-kran-hiab-244-e-5-hiduo-funk/igambm3h.html
Mercedes-Benz ACTROS 4141,Company,2009,"244,820 miles",Poland,Dump Trucks,Mercedes-Benz ACTROS 4141,https://www.mascus.com/transportation/tipper-trucks/mercedes-benz-actros-4141/bqgp5q7t.html
Iveco Eurocargo ML190-280L---023,Company,2016,,Spain,Reefer Trucks,Iveco Eurocargo ML190-280L---023,https://www.mascus.com/transportation/temperature-controlled-trucks/iveco-eurocargo-ml190-280l-023/au4g3saf.html
MAN 18.290 TGM,Company,2021,"289,350 miles",Netherlands,Box trucks,MAN 18.290 TGM,https://www.mascus.com/transportation/box-body-trucks/man-18-290-tgm/7ldn3pio.html
Mercedes-Benz Actros 1845 Zug Kipper Dreiseitenkipper Getreide,Company,2019,"491,937 miles",Germany,Farm and Grain Trucks,Mercedes-Benz Actros 1845 Zug Kipper Dreiseitenkipper Getreide,https://www.mascus.com/transportation/farm---grain-trucks/mercedes-benz-actros-1845-zug-kipper-dreiseitenkipper-getreide/dfdndlgr.html
Mercedes-Benz Actros 2745 L / 6x2 / Construction Flatbed / Crane,Company,,"122,638 miles",Hungary,Flatbed Trucks,Mercedes-Benz Actros 2745 L / 6x2 / Construction Flatbed / Crane,https://www.mascus.com/transportation/flatbed-dropside-trucks/mercedes-benz-actros-2745-l-6x2-construction-flatbed-crane/fr7m5u7p.html
Mercedes-Benz Arocs 3540 8X4 NEW Chassis! Steelsuspension Big-Ax,Company,2023,310 miles,Netherlands,Cab & Chassis Trucks,Mercedes-Benz Arocs 3540 8X4 NEW Chassis! Steelsuspension Big-Ax,https://www.mascus.com/transportation/chassis-cab-trucks/mercedes-benz-arocs-3540-8x4-new-chassis-steelsuspension-big-ax/5q9ncpfq.html
Polar Pneumatic Tanker,Company,2012,,United States,Other Trucks,Polar Pneumatic Tanker,https://www.mascus.com/transportation/other-trucks/polar-pneumatic-tanker/dr3pbl3k.html
International 7400,Company,2013,"66,556 miles",United States,Dump Trucks,International 7400,https://www.mascus.com/transportation/tipper-trucks/international-7400/8g3g5gen.html
Scania P 500 6x2*4 9 TON FRONT AXLE / RETARDER,Company,2020,"178,551 miles",Estonia,Container Trucks,Scania P 500 6x2*4 9 TON FRONT AXLE / RETARDER,https://www.mascus.com/transportation/containerframe-trucks/scania-p-500-6x2-4-9-ton-front-axle-retarder/hqfidtcf.html
Ford F-700,Company,1992,,United States,Concrete Trucks,Ford F-700,https://www.mascus.com/transportation/concrete-trucks/ford-f-700/df6i3rfo.html
Volvo FMX420,Company,2021,"200,081 miles",United Kingdom,Dump Trucks,Volvo FMX420,https://www.mascus.com/transportation/tipper-trucks/volvo-fmx420/hfej9lhl.html
Volvo FMX500 8X4,Company,2016,"557,991 miles",Denmark,Demountable Trucks,Volvo FMX500 8X4,https://www.mascus.com/transportation/demountables-trucks/volvo-fmx500-8x4/5j8l8ido.html
Volkswagen Crafter 5.160 Kran Fassi F40 Bis 11 Meter,Company,2015,"22,121 miles",Germany,Flatbed Trucks,Volkswagen Crafter 5.160 Kran Fassi F40 bis 11 Meter,https://www.mascus.com/transportation/flatbed-dropside-trucks/volkswagen-crafter-5-160-kran-fassi-f40-bis-11-meter/7sds9o6o.html
Freightliner M2 106,Company,2007,"263,148 miles",United States,Other Trucks,Freightliner M2 106,https://www.mascus.com/transportation/other-trucks/freightliner-m2-106/4qfgcu9k.html
Peterbilt 567,Company,2026,,United States,Cab & Chassis Trucks,Peterbilt 567,https://www.mascus.com/transportation/chassis-cab-trucks/peterbilt-567/eo4o8i4m.html
Sterling L9500,Company,2006,,United States,Dump Trucks,Sterling L9500,https://www.mascus.com/transportation/tipper-trucks/sterling-l9500/4n4gbq5h.html
Howo 400 6x4,Company,2025,"2,846 miles",China,Dump Trucks,Howo 400 6x4,https://www.mascus.com/transportation/tipper-trucks/howo-400-6x4/bfiqdm9q.html
Freightliner CASCADIA 126,Company,2020,"338,505 miles",United States,Dump Trucks,Freightliner CASCADIA 126,https://www.mascus.com/transportation/tipper-trucks/freightliner-cascadia-126/9o7nesef.html
Palfinger PK18002EH Trakker 6X4 Palfinger PK18002 EH Kran Cr,Company,2026,6 miles,Netherlands,Flatbed Trucks,Palfinger PK18002EH Trakker 6X4 Palfinger PK18002 EH Kran Cr,https://www.mascus.com/transportation/flatbed-dropside-trucks/palfinger-pk18002eh-trakker-6x4-palfinger-pk18002-eh-kran-cr/3iehfj4j.html
RAM 2500,Company,2023,"34,926 miles",United States,Flatbed Trucks,RAM 2500,https://www.mascus.com/transportation/flatbed-dropside-trucks/ram-2500/eier3jho.html
Wirtgen WR2400,Company,2012,,South Africa,Other Trucks,Wirtgen WR2400,https://www.mascus.com/transportation/other-trucks/wirtgen-wr2400/ht3s8ghh.html
Kenworth T800,Company,2002,,United States,Dump Trucks,Kenworth T800,https://www.mascus.com/transportation/tipper-trucks/kenworth-t800/dqeq9p6j.html
MAN TGS 41.440 MAN TGS 41.440 8x4 Euro6e Hyva 26-55 Ab,Company,2025,,Germany,Hook lift trucks,MAN TGS 41.440 MAN TGS 41.440 8x4 Euro6e Hyva 26-55 Ab,https://www.mascus.com/transportation/hook-lift-trucks/man-tgs-41-440-man-tgs-41-440-8x4-euro6e-hyva-26-55-ab/coaler9s.html
Freightliner FL 70,Company,2000,"228,841 miles",United States,Other Trucks,Freightliner FL 70,https://www.mascus.com/transportation/other-trucks/freightliner-fl-70/7m5p3uhn.html
Volvo FH 540 Serie 5713,Company,2016,"553,340 miles",Sweden,Reefer Trucks,Volvo FH 540 serie 5713,https://www.mascus.com/transportation/temperature-controlled-trucks/volvo-fh-540-serie-5713/8k8lften.html
Scania R 660 6x4 AS CHASSIS / RETARDER / TANDEM AXLE LIFT,Company,2022,"496,554 miles",Estonia,Cab & Chassis Trucks,Scania R 660 6x4 AS CHASSIS / RETARDER / TANDEM AXLE LIFT,https://www.mascus.com/transportation/chassis-cab-trucks/scania-r-660-6x4-as-chassis-retarder-tandem-axle-lift/6l4len9i.html
Mercedes-Benz Arocs 3746 Putzmeister 42-5.17 ILS,Company,2022,"61,889 miles",Poland,Concrete Trucks,Mercedes-Benz Arocs 3746 Putzmeister 42-5.17 iLS,https://www.mascus.com/transportation/concrete-trucks/mercedes-benz-arocs-3746-putzmeister-42-5-17-ils/cogm3jbo.html
DAF CF480 FA TK T-1200R Spectrum – 18T –---R-002,Company,2018,,Spain,Reefer Trucks,DAF CF480 FA TK T-1200R Spectrum – 18T –---R-002,https://www.mascus.com/transportation/temperature-controlled-trucks/daf-cf480-fa-tk-t-1200r-spectrum-18t-r-002/dn8tiidu.html
Nissan CABSTAR 35.15 EN CHASIS,Company,2007,"52,817 miles",Spain,Cab & Chassis Trucks,Nissan CABSTAR 35.15 EN CHASIS,https://www.mascus.com/transportation/chassis-cab-trucks/nissan-cabstar-35-15-en-chasis/3gcn8jbo.html
Peterbilt 6x4 Sprayer Plane Loader Truck,Company,1964,"19,537 miles",United States,Other Trucks,Peterbilt 6x4 Sprayer Plane Loader Truck,https://www.mascus.com/transportation/other-trucks/peterbilt-6x4-sprayer-plane-loader-truck/hgakdldq.html
Howo 371 6x4,Company,2024,"4,660 miles",China,Dump Trucks,Howo 371 6x4,https://www.mascus.com/transportation/tipper-trucks/howo-371-6x4/8ofq9qbp.html
Freightliner M2-112,Company,2019,"657,120 miles",United States,Box trucks,Freightliner M2-112,https://www.mascus.com/transportation/box-body-trucks/freightliner-m2-112/5u8ndfhp.html
Peterbilt 567,Company,2024,,United States,Dump Trucks,Peterbilt 567,https://www.mascus.com/transportation/tipper-trucks/peterbilt-567/gf5u7n5h.html
Volvo FH 500 8x4*4 PTO / CHASSIS L=7635 Mm,Company,2022,"556,586 miles",Estonia,Cab & Chassis Trucks,Volvo FH 500 8x4*4 PTO / CHASSIS L=7635 mm,https://www.mascus.com/transportation/chassis-cab-trucks/volvo-fh-500-8x4-4-pto-chassis-l-7635-mm/8m4t9f4j.html
Iveco 35C13,Company,2016,"103,639 miles",France,Dump Trucks,Iveco 35C13,https://www.mascus.com/transportation/tipper-trucks/iveco-35c13/4gbrigcr.html
Western Star 4900,Company,2007,"221,508 miles",United States,Car Haulers,Western Star 4900,https://www.mascus.com/transportation/vehicle-transporters/western-star-4900/4hhqalbt.html
Mercedes-Benz AROCS 2642 6X4 MKG HLK221 RETAR,Company,2015,"435,040 miles",Netherlands,Flatbed Trucks,Mercedes-Benz AROCS 2642 6X4 MKG HLK221 RETAR,https://www.mascus.com/transportation/flatbed-dropside-trucks/mercedes-benz-arocs-2642-6x4-mkg-hlk221-retar/bf5mhgau.html
Volvo FM 18.250,Company,2026,311 miles,Denmark,Cab & Chassis Trucks,Volvo FM 18.250,https://www.mascus.com/transportation/chassis-cab-trucks/volvo-fm-18-250/digu7haq.html
Iveco Eurocargo ML150E24W,Company,2015,,Peru,Tank Trucks,Iveco Eurocargo ML150E24W,https://www.mascus.com/transportation/tank-trucks/iveco-eurocargo-ml150e24w/4q4oegal.html
Peterbilt 567,Company,2026,,United States,Cab & Chassis Trucks,Peterbilt 567,https://www.mascus.com/transportation/chassis-cab-trucks/peterbilt-567/9oag3sam.html
Western Star 4900,Company,2005,"311,607 miles",United States,Boom / Crane / Bucket Trucks,Western Star 4900,https://www.mascus.com/transportation/crane-trucks/western-star-4900/hp5uco7u.html
MAN TGS 18.400 4x2 CHASSIS L=7400 Mm,Company,2020,"517,445 miles",Estonia,Container Trucks,MAN TGS 18.400 4x2 CHASSIS L=7400 mm,https://www.mascus.com/transportation/containerframe-trucks/man-tgs-18-400-4x2-chassis-l-7400-mm/9khigt6u.html
Peterbilt 567,Company,2019,"139,893 miles",United States,Dump Trucks,Peterbilt 567,https://www.mascus.com/transportation/tipper-trucks/peterbilt-567/3odlfmgg.html
Renault Kerax 420DCI + PALFINGER 29002 + 8X4 + MANUAL + 20,Company,2004,"303,645 miles",Netherlands,Hook lift trucks,Renault Kerax 420DCI + PALFINGER 29002 + 8X4 + MANUAL + 20,https://www.mascus.com/transportation/hook-lift-trucks/renault-kerax-420dci-palfinger-29002-8x4-manual-20/iqbnbr9j.html
Mercedes-Benz ATEGO 1524 + HR,Company,2013,"100,041 miles",Czech Republic,Cab & Chassis Trucks,Mercedes-Benz ATEGO 1524 + HR,https://www.mascus.com/transportation/chassis-cab-trucks/mercedes-benz-atego-1524-hr/akejal6o.html
Mercedes-Benz ACTROS 2545,Company,,"348,589 miles",Hungary,Flatbed Trucks,Mercedes-Benz ACTROS 2545,https://www.mascus.com/transportation/flatbed-dropside-trucks/mercedes-benz-actros-2545/3nfo3i9q.html
Volvo FH 460 + TRS + COMBI + EURO 6,Company,2019,"781,129 miles",Netherlands,Reefer Trucks,Volvo FH 460 + TRS + COMBI + EURO 6,https://www.mascus.com/transportation/temperature-controlled-trucks/volvo-fh-460-trs-combi-euro-6/8tfnepam.html
Scania P410 8X4 9m3 Stetter Mixer Steel Suspension Automa,Company,2017,"129,141 miles",Netherlands,Concrete Trucks,Scania P410 8X4 9m3 Stetter mixer Steel suspension Automa,https://www.mascus.com/transportation/concrete-trucks/scania-p410-8x4-9m3-stetter-mixer-steel-suspension-automa/hh4f5n6t.html
Volvo FH 13 500 6X2,Company,2020,"520,709 miles",Finland,Log trucks,Volvo FH 13 500 6X2,https://www.mascus.com/transportation/timber-trucks/volvo-fh-13-500-6x2/8rgubl9q.html
Peterbilt 567,Company,2018,"124,567 miles",United States,Skip loader trucks,Peterbilt 567,https://www.mascus.com/transportation/skip-loader-trucks/peterbilt-567/6rgf4qio.html
Mercedes-Benz ACTROS 3341,Company,2007,"268,432 miles",Poland,Dump Trucks,Mercedes-Benz ACTROS 3341,https://www.mascus.com/transportation/tipper-trucks/mercedes-benz-actros-3341/blcsimgn.html
Scania G 490 LB8x2/*6MNB - Kroghejs,Company,2017,"478,456 miles",Denmark,Cab & Chassis Trucks,Scania G 490 LB8x2/*6MNB - Kroghejs,https://www.mascus.com/transportation/chassis-cab-trucks/scania-g-490-lb8x2-6mnb-kroghejs/esaohfht.html
"Mercedes-Benz Actros 2553L FRC 9,7m",Company,2021,"368,597 miles",Finland,Reefer Trucks,"Mercedes-Benz Actros 2553L FRC 9,7m",https://www.mascus.com/transportation/temperature-controlled-trucks/mercedes-benz-actros-2553l-frc-9-7m/6p7l9nhm.html
Scania R730 6X4 PALFINGER PK 33002 EH Crane,Company,2016,"412,201 miles",Hungary,Flatbed Trucks,Scania R730 6X4 PALFINGER PK 33002 EH Crane,https://www.mascus.com/transportation/flatbed-dropside-trucks/scania-r730-6x4-palfinger-pk-33002-eh-crane/cmhhgoaj.html
MAN TGX 26.500 6X2-2 LL,Company,2016,"192,314 miles",Denmark,Container Trucks,MAN TGX 26.500 6X2-2 LL,https://www.mascus.com/transportation/containerframe-trucks/man-tgx-26-500-6x2-2-ll/gtbohs3i.html
Mercedes-Benz Actros 2653 L 6x2 DNA Koukkulaite,Company,2019,"181,751 miles",Finland,Hook lift trucks,Mercedes-Benz Actros 2653 L 6x2 DNA koukkulaite,https://www.mascus.com/transportation/hook-lift-trucks/mercedes-benz-actros-2653-l-6x2-dna-koukkulaite/in3najbm.html
Peterbilt 567,Company,2026,"1,024 miles",United States,Dump Trucks,Peterbilt 567,https://www.mascus.com/transportation/tipper-trucks/peterbilt-567/6ufpat3q.html
Mercedes-Benz Actros 3341,Company,2005,"288,317 miles",France,Boom / Crane / Bucket Trucks,Mercedes-Benz Actros 3341,https://www.mascus.com/transportation/crane-trucks/mercedes-benz-actros-3341/6i7sao9u.html
Freightliner M2 106,Company,2020,"115,310 miles",United States,Reefer Trucks,Freightliner M2 106,https://www.mascus.com/transportation/temperature-controlled-trucks/freightliner-m2-106/3k9mcm3t.html
Sterling A9500,Company,2001,"314,221 miles",United States,Dump Trucks,Sterling A9500,https://www.mascus.com/transportation/tipper-trucks/sterling-a9500/5ghpfsdo.html
Freightliner M2 106,Company,2014,"107,894 miles",United States,Flatbed Trucks,Freightliner M2 106,https://www.mascus.com/transportation/flatbed-dropside-trucks/freightliner-m2-106/3m7ifubo.html
Peterbilt 388,Company,2014,,United States,Car Haulers,Peterbilt 388,https://www.mascus.com/transportation/vehicle-transporters/peterbilt-388/9ocs7mhp.html
Mack Granite,Company,2022,,United States,Log trucks,Mack granite,https://www.mascus.com/transportation/timber-trucks/mack-granite/bhatfldu.html
IBAK Inspection System Mounted In Ford F550 FWD Ch,Company,2020,,United States,Cab & Chassis Trucks,IBAK Inspection System Mounted In Ford F550 FWD Ch,https://www.mascus.com/transportation/chassis-cab-trucks/ibak-inspection-system-mounted-in-ford-f550-fwd-ch/6jcfhsin.html
Peterbilt 365,Company,2014,"225,910 miles",United States,Concrete Trucks,Peterbilt 365,https://www.mascus.com/transportation/concrete-trucks/peterbilt-365/ihchelgg.html
MultiQuip 500 Gal T/A Water Tank Trailer,Company,2006,,United States,Other Trucks,MultiQuip 500 gal T/A Water Tank Trailer,https://www.mascus.com/transportation/other-trucks/multiquip-500-gal-t-a-water-tank-trailer/dkgkcn8o.html
MAN TGS 32.430 TGS 8X4 9m3 Imer LT 9-7 HSL Mixer Steel,Company,2021,"72,101 miles",Netherlands,Concrete Trucks,MAN TGS 32.430 TGS 8X4 9m3 Imer LT 9-7 HSL Mixer Steel,https://www.mascus.com/transportation/concrete-trucks/man-tgs-32-430-tgs-8x4-9m3-imer-lt-9-7-hsl-mixer-steel/9jimcsah.html
Volvo FH 12 8x4,Company,2005,"594,652 miles",Finland,Forest machine transport trucks,Volvo FH 12 8x4,https://www.mascus.com/transportation/used-forest-machine-transport-trucks/volvo-fh-12-8x4/6i5k4ufk.html
Ford Transit Med Cromprimator,Company,2020,"95,691 miles",Denmark,Other Trucks,Ford Transit med Cromprimator,https://www.mascus.com/transportation/other-trucks/ford-transit-med-cromprimator/4f4u6lin.html
"Volvo FH 460 XL, Chassi Standklima, Lenkachse,",Company,2020,"601,547 miles",Germany,Cab & Chassis Trucks,"Volvo FH 460 XL, Chassi Standklima, Lenkachse,",https://www.mascus.com/transportation/chassis-cab-trucks/volvo-fh-460-xl-chassi-standklima-lenkachse/5r3qhkdf.html
MAN TGS 26.400 * LENK- &Amp; LIFTACHSE * ALCOA * ROHR,Company,2010,"397,677 miles",Germany,Tank Trucks,MAN TGS 26.400 * LENK- & LIFTACHSE * ALCOA * ROHR,https://www.mascus.com/transportation/tank-trucks/man-tgs-26-400-lenk-amp-liftachse-alcoa-rohr/bmbnisai.html
Hino 268,Company,2020,"198,918 miles",United States,Box trucks,Hino 268,https://www.mascus.com/transportation/box-body-trucks/hino-268/8h7i8u9q.html
MAN TGS 35.510 3 Way Tipper,Company,,"207,165 miles",Hungary,Dump Trucks,MAN TGS 35.510 3 Way Tipper,https://www.mascus.com/transportation/tipper-trucks/man-tgs-35-510-3-way-tipper/fiathu7l.html
International 4900 DT,Company,1995,"365,081 miles",United States,Dump Trucks,International 4900 DT,https://www.mascus.com/transportation/tipper-trucks/international-4900-dt/bicgbl9m.html
Peterbilt 357,Company,2006,,United States,Other Trucks,Peterbilt 357,https://www.mascus.com/transportation/other-trucks/peterbilt-357/gg3k9fgp.html
Volvo FL 250 E6 Getränkewagen Klima LBW 178.000 Km,Company,2014,"110,907 miles",Germany,Box trucks,Volvo FL 250 E6 Getränkewagen Klima LBW 178.000 Km,https://www.mascus.com/transportation/box-body-trucks/volvo-fl-250-e6-getrankewagen-klima-lbw-178-000-km/gripatdi.html
MAN TGS 18.480 HMF 1820-6,Company,2015,"305,093 miles",Greece,Boom / Crane / Bucket Trucks,MAN TGS 18.480 HMF 1820-6,https://www.mascus.com/transportation/crane-trucks/man-tgs-18-480-hmf-1820-6/3k7tipdq.html
"Iveco AT260S31Y/FS 6x2, Kran Palfinger PK 12502,",Company,2007,"78,662 miles",Germany,Hook lift trucks,"Iveco AT260S31Y/FS 6x2, Kran Palfinger PK 12502,",https://www.mascus.com/transportation/hook-lift-trucks/iveco-at260s31y-fs-6x2-kran-palfinger-pk-12502/esgk7uei.html
Howo 371 6x4,Company,2024,"5,282 miles",China,Dump Trucks,Howo 371 6x4,https://www.mascus.com/transportation/tipper-trucks/howo-371-6x4/9sgt5qbp.html
Howo 371hp,Company,2024,,China,Animal transport trucks,Howo 371hp,https://www.mascus.com/transportation/animal-transport-trucks/howo-371hp/eugkcods.html
MAN TGS 35.500 8x4 Palfinger PK 135.002 TEC Crane,Company,2018,"76,126 miles",Poland,Boom / Crane / Bucket Trucks,MAN TGS 35.500 8x4 Palfinger PK 135.002 TEC Crane,https://www.mascus.com/transportation/crane-trucks/man-tgs-35-500-8x4-palfinger-pk-135-002-tec-crane/hu3rilhq.html
MAN 26.403 Kipper 6x4 Big Axle'S Full Steel Suspension,Company,1998,"369,041 miles",Netherlands,Dump Trucks,MAN 26.403 Kipper 6x4 Big Axle's Full Steel Suspension,https://www.mascus.com/transportation/tipper-trucks/man-26-403-kipper-6x4-big-axle-s-full-steel-suspension/an3hfhci.html
DAF CF 240,Company,2016,"163,421 miles",United Kingdom,Winch trucks,DAF CF 240,https://www.mascus.com/transportation/beavertail-flatbed---winch-trucks/daf-cf-240/ii4o7g5t.html
Mercedes-Benz Atego 1429 Atego 4X4 4x4 Crewcab 1500 Kg Zepro Lad,Company,2013,"107,791 miles",Netherlands,Box trucks,Mercedes-Benz Atego 1429 Atego 4X4 4x4 Crewcab 1500 kg Zepro Lad,https://www.mascus.com/transportation/box-body-trucks/mercedes-benz-atego-1429-atego-4x4-4x4-crewcab-1500-kg-zepro-lad/ch5oekcf.html
MAN WVT TGS 42.440 8X6,Company,,"347,514 miles",Serbia,Hook lift trucks,MAN WVT TGS 42.440 8X6,https://www.mascus.com/transportation/hook-lift-trucks/man-wvt-tgs-42-440-8x6/ehbu7i8n.html
Scania R480,Company,2009,"355,122 miles",Finland,Hook lift trucks,Scania R480,https://www.mascus.com/transportation/hook-lift-trucks/scania-r480/cjgjcf4j.html
"Iveco X-Way AD300X46Z 6x4, Retarder, Navi",Company,,,Germany,Cab & Chassis Trucks,"Iveco X-Way AD300X46Z 6x4, Retarder, Navi",https://www.mascus.com/transportation/chassis-cab-trucks/iveco-x-way-ad300x46z-6x4-retarder-navi/9l6udi6u.html
DAF XF 105.410 6X2 FAS NL-TRUCK,Company,2009,"598,772 miles",Netherlands,Hook lift trucks,DAF XF 105.410 6X2 FAS NL-TRUCK,https://www.mascus.com/transportation/hook-lift-trucks/daf-xf-105-410-6x2-fas-nl-truck/6n3tdp6g.html
"MAN TGS 28.440 6X4H-4 BL, HydroDrive, Lenk-/Liftachse,",Company,2015,"104,950 miles",Germany,Cab & Chassis Trucks,"MAN TGS 28.440 6X4H-4 BL, HydroDrive, Lenk-/Liftachse,",https://www.mascus.com/transportation/chassis-cab-trucks/man-tgs-28-440-6x4h-4-bl-hydrodrive-lenk-liftachse/ekhi7ngr.html
Freightliner 108SD,Company,2020,,United States,Concrete Trucks,Freightliner 108SD,https://www.mascus.com/transportation/concrete-trucks/freightliner-108sd/7j3nhr8l.html
Iveco DAILY 35C16,Company,2019,"139,832 miles",Italy,Flatbed Trucks,Iveco DAILY 35C16,https://www.mascus.com/transportation/flatbed-dropside-trucks/iveco-daily-35c16/amim7rgq.html
Ford F 550 SD,Company,2013,,United States,Boom / Crane / Bucket Trucks,Ford F 550 SD,https://www.mascus.com/transportation/crane-trucks/ford-f-550-sd/du6lai8i.html
Isuzu FTR,Company,2024,"5,915 miles",United States,Box trucks,Isuzu FTR,https://www.mascus.com/transportation/box-body-trucks/isuzu-ftr/fofs9qbq.html
MAN TGM 18.290 KYL/FRYS HÖJ/SÄNK,Company,2022,"19,822 miles",Sweden,Reefer Trucks,MAN TGM 18.290 KYL/FRYS HÖJ/SÄNK,https://www.mascus.com/transportation/temperature-controlled-trucks/man-tgm-18-290-kyl-frys-hoj-sank/4p9kfrar.html
Scania R490 Tipper Truck With PHV-24T Tipper Trailer (VID,Company,2016,,Sweden,Dump Trucks,Scania R490 Tipper truck with PHV-24T Tipper trailer (VID,https://www.mascus.com/transportation/tipper-trucks/scania-r490-tipper-truck-with-phv-24t-tipper-trailer-vid/8likil6r.html
Isuzu NRP,Company,2000,"163,174 miles",United States,Other Trucks,Isuzu NRP,https://www.mascus.com/transportation/other-trucks/isuzu-nrp/6oihbhas.html
Ford E450,Company,2016,"129,842 miles",Canada,Box trucks,Ford E450,https://www.mascus.com/transportation/box-body-trucks/ford-e450/7nafbh4k.html
Kenworth T270,Company,2019,"104,296 miles",Canada,Reefer Trucks,Kenworth T270,https://www.mascus.com/transportation/temperature-controlled-trucks/kenworth-t270/ckcr3ren.html
Mercedes-Benz ACTROS 2644 / 6X4 / BASCULATOR / 2X PLĂCI HIDRAULI,Company,2013,"99,419 miles",Hungary,Dump Trucks,Mercedes-Benz ACTROS 2644 / 6X4 / BASCULATOR / 2X PLĂCI HIDRAULI,https://www.mascus.com/transportation/tipper-trucks/mercedes-benz-actros-2644-6x4-basculator-2x-placi-hidrauli/gnefhl6m.html
Renault Midlum 220,Company,2006,"304,472 miles",Germany,Curtain Side Trucks,Renault Midlum 220,https://www.mascus.com/transportation/curtainsider-trucks/renault-midlum-220/4q9ubh9l.html
Freightliner M2 106,Company,2024,,United States,Concrete Trucks,Freightliner M2 106,https://www.mascus.com/transportation/concrete-trucks/freightliner-m2-106/8n7ogrdu.html
DAF LF 55.280 + 13.000L + 3 Compartiment,Company,2009,"284,818 miles",Netherlands,Tank Trucks,DAF LF 55.280 + 13.000L + 3 compartiment,https://www.mascus.com/transportation/tank-trucks/daf-lf-55-280-13-000l-3-compartiment/amhu6s9j.html
Iveco TRAKKER 410 6x4 PALFINGER PK 36002 Fly Jib Cran,Company,2008,"56,911 miles",Poland,Boom / Crane / Bucket Trucks,Iveco TRAKKER 410 6x4 PALFINGER PK 36002 Fly Jib Cran,https://www.mascus.com/transportation/crane-trucks/iveco-trakker-410-6x4-palfinger-pk-36002-fly-jib-cran/gheuithl.html
Freightliner CASCADIA 125,Company,2020,"336,971 miles",United States,Dump Trucks,Freightliner CASCADIA 125,https://www.mascus.com/transportation/tipper-trucks/freightliner-cascadia-125/ejgndg6m.html
Isuzu FVZ 260-300,Company,2019,"34,871 miles",Australia,Tank Trucks,Isuzu FVZ 260-300,https://www.mascus.com/transportation/tank-trucks/isuzu-fvz-260-300/gp6iakal.html
Ford F 650 XLT,Company,2004,,United States,Tank Trucks,Ford F 650 XLT,https://www.mascus.com/transportation/tank-trucks/ford-f-650-xlt/6i6q6q3s.html
Mercedes-Benz Actros 3663 8x4/ NEW Galvanized Tow Truck Platform,Company,,,,,,https://www.mascus.com/transportation/beavertail-flatbed---winch-trucks/mercedes-benz-actros-3663-8x4-new-galvanized-tow-truck-platform/9mdk5pck.html
Freightliner M2 106,Company,2017,,United States,Reefer Trucks,Freightliner M2 106,https://www.mascus.com/transportation/temperature-controlled-trucks/freightliner-m2-106/9uisdk8p.html
Ford F-600,Company,1985,"46,304 miles",United States,Other Trucks,Ford F-600,https://www.mascus.com/transportation/other-trucks/ford-f-600/hn7mfpiq.html
"Kenworth T480, Tandem Axle 32' Reefer / Box Truck",Company,2024,"34,136 miles",United States,Other Trucks,"Kenworth T480, Tandem Axle 32' Reefer / Box Truck",https://www.mascus.com/transportation/other-trucks/kenworth-t480-tandem-axle-32-reefer-box-truck/5ogqakgl.html
Iveco MAGIRUS 190E27 Valník + HR E2 VIN 985,Company,1999,"293,263 miles",Slovak Republic,Boom / Crane / Bucket Trucks,Iveco MAGIRUS 190E27 valník + HR E2 VIN 985,https://www.mascus.com/transportation/crane-trucks/iveco-magirus-190e27-valnik-hr-e2-vin-985/if8m7i8g.html
"Mercedes-Benz Antos, 2546, Getränke, LBW, Lift-Lenkachse",Company,2019,"229,393 miles",Germany,Beverage Trucks,"Mercedes-Benz Antos, 2546, Getränke, LBW, Lift-Lenkachse",https://www.mascus.com/transportation/beverage-delivery-trucks/mercedes-benz-antos-2546-getranke-lbw-lift-lenkachse/hrft6n7r.html
"Renault C 430 8x4, EURO 6, Retarder, Palfinger",Company,2019,"120,857 miles",Netherlands,Flatbed Trucks,"Renault C 430 8x4, EURO 6, Retarder, Palfinger",https://www.mascus.com/transportation/flatbed-dropside-trucks/renault-c-430-8x4-euro-6-retarder-palfinger/cuhr8o5g.html
Howo 371 8x4,Company,2024,"5,282 miles",China,Dump Trucks,Howo 371 8x4,https://www.mascus.com/transportation/tipper-trucks/howo-371-8x4/ej4fds8s.html
Mercedes-Benz Actros 3540 8X4 NEW 8x4 Chassis Steelsuspension Au,Company,2023,304 miles,Netherlands,Cab & Chassis Trucks,Mercedes-Benz Actros 3540 8X4 NEW 8x4 Chassis Steelsuspension Au,https://www.mascus.com/transportation/chassis-cab-trucks/mercedes-benz-actros-3540-8x4-new-8x4-chassis-steelsuspension-au/fk3j3fel.html
Hino 268,Company,2020,"316,262 miles",United States,Reefer Trucks,Hino 268,https://www.mascus.com/transportation/temperature-controlled-trucks/hino-268/5idi7seo.html
Iveco Daily Iveco Daily -2017- Commercial Vehicle - Chas,Company,2017,"331,716 miles",Netherlands,Cab & Chassis Trucks,Iveco Daily Iveco Daily -2017- Commercial Vehicle - Chas,https://www.mascus.com/transportation/chassis-cab-trucks/iveco-daily-iveco-daily-2017-commercial-vehicle-chas/ciht5icq.html
Renault PREMIUM 340 DXI,Company,2013,"355,640 miles",Belgium,Box trucks,Renault PREMIUM 340 DXI,https://www.mascus.com/transportation/box-body-trucks/renault-premium-340-dxi/7fhh7man.html
International 4300,Company,2019,"370,276 miles",United States,Box trucks,International 4300,https://www.mascus.com/transportation/box-body-trucks/international-4300/ejbuhnaq.html
Chevrolet SILVERADO 3500HD DRW 3500 PEST CONTROL*SPRAY TRUCK,Company,2015,"147,923 miles",United States,Flatbed Trucks,Chevrolet SILVERADO 3500HD DRW 3500 PEST CONTROL*SPRAY TRUCK,https://www.mascus.com/transportation/flatbed-dropside-trucks/chevrolet-silverado-3500hd-drw-3500-pest-control-spray-truck/iles5g7t.html
Isuzu DIESEL NPRHD DIESEL,Company,2022,"226,853 miles",United States,Other Trucks,Isuzu DIESEL NPRHD DIESEL,https://www.mascus.com/transportation/other-trucks/isuzu-diesel-nprhd-diesel/irdncfbq.html
Kenworth T880,Company,2018,"343,854 miles",United States,Log trucks,Kenworth T880,https://www.mascus.com/transportation/timber-trucks/kenworth-t880/7rfo7rcn.html
Renault T 460 * LBW * 2 X TANK * RETARDER * MIT BRÜCKE *,Company,2017,"643,740 miles",Germany,Cab & Chassis Trucks,Renault T 460 * LBW * 2 X TANK * RETARDER * MIT BRÜCKE *,https://www.mascus.com/transportation/chassis-cab-trucks/renault-t-460-lbw-2-x-tank-retarder-mit-brucke/cjcpep5u.html
Howo 6*4 371,Company,2022,,China,Dump Trucks,Howo 6*4 371,https://www.mascus.com/transportation/tipper-trucks/howo-6-4-371/dqbh7tgi.html
Hino FM1JCA,Company,2008,,Colombia,Other Trucks,Hino FM1JCA,https://www.mascus.com/transportation/other-trucks/hino-fm1jca/gghhbq6q.html
Mercedes-Benz Actros 1832,Company,2004,"279,617 miles",Slovenia,Dump Trucks,Mercedes-Benz Actros 1832,https://www.mascus.com/transportation/tipper-trucks/mercedes-benz-actros-1832/bm5pcshr.html
MAN TGM 18.320 MAN TGM 18.320 4x4 Euro6e Hiab X Hiduo,Company,2025,,Germany,Dump Trucks,MAN TGM 18.320 MAN TGM 18.320 4x4 Euro6e Hiab X Hiduo,https://www.mascus.com/transportation/tipper-trucks/man-tgm-18-320-man-tgm-18-320-4x4-euro6e-hiab-x-hiduo/gj6l9jco.html
Mercedes-Benz ANTOS 1827-E6 +DHOLLANDIA 2T.,Company,2014,"305,390 miles",Belgium,Box trucks,Mercedes-Benz ANTOS 1827-E6 +DHOLLANDIA 2T.,https://www.mascus.com/transportation/box-body-trucks/mercedes-benz-antos-1827-e6-dhollandia-2t/ah6qalbo.html
Howo 371 6x4,Company,2024,"4,710 miles",China,Dump Trucks,Howo 371 6x4,https://www.mascus.com/transportation/tipper-trucks/howo-371-6x4/in3jbs3o.html
Ford F-250,Company,2011,"358,977 miles",United States,Flatbed Trucks,Ford F-250,https://www.mascus.com/transportation/flatbed-dropside-trucks/ford-f-250/dudj6tio.html
MAN 10.180 TGL AIRCO BOX 808 LIFT,Company,2011,"250,660 miles",Netherlands,Box trucks,MAN 10.180 TGL AIRCO BOX 808 LIFT,https://www.mascus.com/transportation/box-body-trucks/man-10-180-tgl-airco-box-808-lift/huitdman.html
Freightliner M2106,Company,2018,"194,505 miles",United States,Box trucks,Freightliner M2106,https://www.mascus.com/transportation/box-body-trucks/freightliner-m2106/iteobhgm.html
Mercedes-Benz Sprinter 311 Euro 6 Cold Car -33°C ATP 09/29,Company,2017,"166,824 miles",Germany,Reefer Trucks,Mercedes-Benz Sprinter 311 Euro 6 Cold Car -33°C ATP 09/29,https://www.mascus.com/transportation/temperature-controlled-trucks/mercedes-benz-sprinter-311-euro-6-cold-car-33-c-atp-09-29/ehepcieo.html
Ford F-450,Company,2016,"40,740 miles",United States,Flatbed Trucks,Ford F-450,https://www.mascus.com/transportation/flatbed-dropside-trucks/ford-f-450/8q3ham7j.html
Hino 338,Company,,,,,,https://www.mascus.com/transportation/other-trucks/hino-338/5sco7j4p.html
Volvo FL 240 + 12t + Euro 5 + Lift,Company,2011,"436,819 miles",Netherlands,Box trucks,Volvo FL 240 + 12t + euro 5 + lift,https://www.mascus.com/transportation/box-body-trucks/volvo-fl-240-12t-euro-5-lift/hfem8sit.html
Mercedes-Benz Arocs,Company,2015,"166,394 miles",France,Dump Trucks,Mercedes-Benz Arocs,https://www.mascus.com/transportation/tipper-trucks/mercedes-benz-arocs/7rgk3pgj.html
MAN TGS 35.480 8X4 + HMF 2420-K3 REMOTE + TIPPER,Company,2012,"358,955 miles",Netherlands,Dump Trucks,MAN TGS 35.480 8X4 + HMF 2420-K3 REMOTE + TIPPER,https://www.mascus.com/transportation/tipper-trucks/man-tgs-35-480-8x4-hmf-2420-k3-remote-tipper/8nhj9k9s.html
"Volkswagen T5 Allrad, Webasto, Pritsche, Plane, AHK, Klima",Company,2016,"86,257 miles",Germany,Flatbed Trucks,"Volkswagen T5 Allrad, Webasto, Pritsche, Plane, AHK, Klima",https://www.mascus.com/transportation/flatbed-dropside-trucks/volkswagen-t5-allrad-webasto-pritsche-plane-ahk-klima/8kfq7han.html
Volvo FH 500,Company,2019,"442,416 miles",Poland,Curtain Side Trucks,Volvo FH 500,https://www.mascus.com/transportation/curtainsider-trucks/volvo-fh-500/dm3i3khm.html
Mercedes-Benz Axor 1833,Company,2013,"84,563 miles",France,Dump Trucks,Mercedes-Benz Axor 1833,https://www.mascus.com/transportation/tipper-trucks/mercedes-benz-axor-1833/boar4r7q.html
Peterbilt 389,Company,2015,,United States,Dump Trucks,Peterbilt 389,https://www.mascus.com/transportation/tipper-trucks/peterbilt-389/7oclhgai.html
Peterbilt 379,Company,1990,"775,191 miles",United States,Tank Trucks,Peterbilt 379,https://www.mascus.com/transportation/tank-trucks/peterbilt-379/5sgn5n4f.html
Iveco T-Way 410T540 8x4,Company,2026,870 miles,Finland,Dump Trucks,Iveco T-Way 410T540 8x4,https://www.mascus.com/transportation/tipper-trucks/iveco-t-way-410t540-8x4/4rikckam.html
Freightliner 114SD,Company,2017,"182,112 miles",United States,Log trucks,Freightliner 114SD,https://www.mascus.com/transportation/timber-trucks/freightliner-114sd/ek8p4ndh.html
Iveco 80E 18 Eurocargo DOKA 3-Seiten-Kipper Webasto,Company,2010,"182,788 miles",Germany,Flatbed Trucks,Iveco 80E 18 Eurocargo DOKA 3-Seiten-Kipper Webasto,https://www.mascus.com/transportation/flatbed-dropside-trucks/iveco-80e-18-eurocargo-doka-3-seiten-kipper-webasto/9n7h7ogq.html
Sterling LT7501,Company,1999,"128,096 miles",United States,Boom / Crane / Bucket Trucks,Sterling LT7501,https://www.mascus.com/transportation/crane-trucks/sterling-lt7501/eudf7fet.html
Iveco 120E21 EUROCARGO,Company,2019,"362,188 miles",Netherlands,Box trucks,Iveco 120E21 EUROCARGO,https://www.mascus.com/transportation/box-body-trucks/iveco-120e21-eurocargo/bj3pfs7r.html
Mercedes-Benz Antos 2535 6x2*4 LOW MILEAGE ! / SUPRA 1250 Mt / B,Company,2017,"93,099 miles",Estonia,Reefer Trucks,Mercedes-Benz Antos 2535 6x2*4 LOW MILEAGE ! / SUPRA 1250 Mt / B,https://www.mascus.com/transportation/temperature-controlled-trucks/mercedes-benz-antos-2535-6x2-4-low-mileage-supra-1250-mt-b/dn7gfkft.html
Scania P280 6X2*4,Company,2015,"67,729 miles",Germany,Cab & Chassis Trucks,Scania P280 6X2*4,https://www.mascus.com/transportation/chassis-cab-trucks/scania-p280-6x2-4/ir5fgjdo.html
Mack GR64BR,Company,2027,,United States,Other Trucks,Mack GR64BR,https://www.mascus.com/transportation/other-trucks/mack-gr64br/cmipgien.html
Howo 371 8x4,Company,2024,"4,039 miles",China,Dump Trucks,Howo 371 8x4,https://www.mascus.com/transportation/tipper-trucks/howo-371-8x4/4ggf6gdg.html
Scania R 500,Company,2018,"584,089 miles",Finland,Cab & Chassis Trucks,Scania R 500,https://www.mascus.com/transportation/chassis-cab-trucks/scania-r-500/8jbqijdl.html
Scania R 500 LB6x2*4MNB,Company,2014,"746,888 miles",Finland,Curtain Side Trucks,Scania R 500 LB6x2*4MNB,https://www.mascus.com/transportation/curtainsider-trucks/scania-r-500-lb6x2-4mnb/fihm8gcp.html
Hino 268,Company,2019,"204,548 miles",United States,Box trucks,Hino 268,https://www.mascus.com/transportation/box-body-trucks/hino-268/athqcpim.html
Scania G420 G 8X4 8x6 18m3 KH Kipper Steel Suspension Big,Company,2008,"568,768 miles",Netherlands,Dump Trucks,Scania G420 G 8X4 8x6 18m3 KH Kipper Steel suspension Big,https://www.mascus.com/transportation/tipper-trucks/scania-g420-g-8x4-8x6-18m3-kh-kipper-steel-suspension-big/btgtgfbu.html
Hino 268,Company,2015,"230,063 miles",United States,Box trucks,Hino 268,https://www.mascus.com/transportation/box-body-trucks/hino-268/8mgqbrel.html
Mercedes-Benz ACTROS 2543 / PODEA DE TRACȚIE / 6X2 / DIRECȚIE /,Company,2016,"392,706 miles",Hungary,Box trucks,Mercedes-Benz ACTROS 2543 / PODEA DE TRACȚIE / 6X2 / DIRECȚIE /,https://www.mascus.com/transportation/box-body-trucks/mercedes-benz-actros-2543-podea-de-tractie-6x2-directie/hkgj9mes.html
"Mercedes-Benz Actros 2646 K 6x4, Kran, Retarder, Beidseitig",Company,2012,"241,785 miles",Germany,Dump Trucks,"Mercedes-Benz Actros 2646 K 6x4, Kran, Retarder, beidseitig",https://www.mascus.com/transportation/tipper-trucks/mercedes-benz-actros-2646-k-6x4-kran-retarder-beidseitig/isdkboan.html
"Alga ABPR, Pritsche, Plattform, 9m³, Klappen",Company,2025,,Germany,Hook lift trucks,"alga ABPR, Pritsche, Plattform, 9m³, Klappen",https://www.mascus.com/transportation/hook-lift-trucks/alga-abpr-pritsche-plattform-9m3-klappen/4sip3t5l.html
MAN TGL 12.220 4x2 Box Euro-6,Company,2018,"141,051 miles",Denmark,Box trucks,MAN TGL 12.220 4x2 Box euro-6,https://www.mascus.com/transportation/box-body-trucks/man-tgl-12-220-4x2-box-euro-6/gt7maobf.html
Volvo FM 13.500 19.000L,Company,2011,"318,535 miles",Netherlands,Tank Trucks,Volvo FM 13.500 19.000L,https://www.mascus.com/transportation/tank-trucks/volvo-fm-13-500-19-000l/gjdibu7j.html
Isuzu NPR,Company,2015,,United States,Box trucks,Isuzu NPR,https://www.mascus.com/transportation/box-body-trucks/isuzu-npr/ii3qgnhg.html
DAF CF460,Company,2017,"156,767 miles",France,Boom / Crane / Bucket Trucks,DAF CF460,https://www.mascus.com/transportation/crane-trucks/daf-cf460/9ogq7rbg.html
GMC Sierra 3500HD,Company,2023,285 miles,United States,Flatbed Trucks,GMC Sierra 3500HD,https://www.mascus.com/transportation/flatbed-dropside-trucks/gmc-sierra-3500hd/4sin6qhg.html
Sterling LT9500,Company,,,,,,https://www.mascus.com/transportation/crane-trucks/sterling-lt9500/bjgl9ibu.html
"MAN TGS 18 320 EURO 5, 13.390 Liter, 2 Comp",Company,2010,"366,920 miles",Netherlands,Tank Trucks,"MAN TGS 18 320 EURO 5, 13.390 Liter, 2 Comp",https://www.mascus.com/transportation/tank-trucks/man-tgs-18-320-euro-5-13-390-liter-2-comp/glep3iio.html
Howo 371 6x4,Company,2024,"4,878 miles",China,Dump Trucks,Howo 371 6x4,https://www.mascus.com/transportation/tipper-trucks/howo-371-6x4/3h7n8ghq.html
Scania P 250 DB4x2MNB - KÃ¸lebil,Company,2018,"153,479 miles",Denmark,Cab & Chassis Trucks,Scania P 250 DB4x2MNB - KÃ¸lebil,https://www.mascus.com/transportation/chassis-cab-trucks/scania-p-250-db4x2mnb-ka%20lebil/aj3f6fil.html
Golden Mount,Company,,,United States,Car Haulers,Golden Mount,https://www.mascus.com/transportation/vehicle-transporters/golden-mount/ikem4u9o.html
"Iveco Daily 72 C 18 Verkoopwagen. Prijs 24.500,-- Euro E",Company,2018,"137,323 miles",Netherlands,Other Trucks,"Iveco Daily 72 C 18 Verkoopwagen. Prijs 24.500,-- euro e",https://www.mascus.com/transportation/other-trucks/iveco-daily-72-c-18-verkoopwagen-prijs-24-500-euro-e/4khp6q4o.html
"Mercedes-Benz Arocs 1840 K 4x2, MultimediaCockpit, 2x",Company,,,Germany,Hook lift trucks,"Mercedes-Benz Arocs 1840 K 4x2, MultimediaCockpit, 2x",https://www.mascus.com/transportation/hook-lift-trucks/mercedes-benz-arocs-1840-k-4x2-multimediacockpit-2x/4icq9gfg.html
"Freightliner M2-106, Tandem Axle 24' Box Truck, 5,500 LB Rail G",Company,2018,"148,718 miles",United States,Other Trucks,"Freightliner M2-106, Tandem Axle 24' Box Truck, 5,500 LB Rail G",https://www.mascus.com/transportation/other-trucks/freightliner-m2-106-tandem-axle-24-box-truck-5-500-lb-rail-g/agakdl9g.html
Scania P360 P 6X2 HMF 1820-K4 Crane Rotator Lift+steering,Company,2016,"301,242 miles",Netherlands,Flatbed Trucks,Scania P360 P 6X2 HMF 1820-K4 Crane rotator Lift+steering,https://www.mascus.com/transportation/flatbed-dropside-trucks/scania-p360-p-6x2-hmf-1820-k4-crane-rotator-lift-steering/3mal5s7l.html
Scania R 540 8X4,Company,2022,"51,574 miles",Norway,Dump Trucks,Scania R 540 8X4,https://www.mascus.com/transportation/tipper-trucks/scania-r-540-8x4/4j8i8tdk.html
Mack GU813E,Company,2012,,Colombia,Dump Trucks,Mack GU813E,https://www.mascus.com/transportation/tipper-trucks/mack-gu813e/fl4niqij.html
Renault D Wide 380,Company,2019,"189,953 miles",Spain,Demountable Trucks,Renault D Wide 380,https://www.mascus.com/transportation/demountables-trucks/renault-d-wide-380/gj9lci5q.html
Scania R 490 LB,Company,2016,"321,629 miles",Sweden,Hook lift trucks,Scania R 490 LB,https://www.mascus.com/transportation/hook-lift-trucks/scania-r-490-lb/eh6l5n3o.html
Freightliner M106,Company,2021,"132,000 miles",United States,Other Trucks,Freightliner M106,https://www.mascus.com/transportation/other-trucks/freightliner-m106/6jbsehdt.html
Scania R560 16.0,Company,2010,"473,278 miles",Finland,Dump Trucks,Scania R560 16.0,https://www.mascus.com/transportation/tipper-trucks/scania-r560-16-0/8lgh5o8f.html
Scania P 320 4x2 BOX L=7578 Mm,Company,2016,"301,821 miles",Estonia,Box trucks,Scania P 320 4x2 BOX L=7578 mm,https://www.mascus.com/transportation/box-body-trucks/scania-p-320-4x2-box-l-7578-mm/4iitegfh.html
Ford F-550,Company,2019,"124,318 miles",United States,Flatbed Trucks,Ford F-550,https://www.mascus.com/transportation/flatbed-dropside-trucks/ford-f-550/eqcs3r6u.html
Ford F 550,Company,2012,"189,539 miles",Canada,Flatbed Trucks,Ford F 550,https://www.mascus.com/transportation/flatbed-dropside-trucks/ford-f-550/8iigbfbq.html
Volvo FH 500 6X2*4 RETARDER I-P-C,Company,2019,"369,535 miles",Netherlands,Hook lift trucks,Volvo FH 500 6X2*4 RETARDER I-P-C,https://www.mascus.com/transportation/hook-lift-trucks/volvo-fh-500-6x2-4-retarder-i-p-c/7i9rhn4q.html
Ford LTA9000,Company,1989,"28,252 miles",United States,Other Trucks,Ford LTA9000,https://www.mascus.com/transportation/other-trucks/ford-lta9000/coblfg5r.html
BAE Systems M1081,Company,1994,,United States,Box trucks,BAE Systems M1081,https://www.mascus.com/transportation/box-body-trucks/bae-systems-m1081/3i7sbs9q.html
Andere Marke | Sutter 2S Bordmatik 14m3,Company,2012,,Switzerland,Other Trucks,Andere Marke | Sutter 2S Bordmatik 14m3,https://www.mascus.com/transportation/other-trucks/andere-marke-sutter-2s-bordmatik-14m3/bk8nehcl.html
GMC W3500,Company,1999,"80,889 miles",United States,Flatbed Trucks,GMC W3500,https://www.mascus.com/transportation/flatbed-dropside-trucks/gmc-w3500/5q8reqfg.html
Kenworth T 800,Company,2005,"784,000 miles",United States,Cab & Chassis Trucks,Kenworth T 800,https://www.mascus.com/transportation/chassis-cab-trucks/kenworth-t-800/6pasgq3l.html
Renault Master 145 Dci,Company,2018,"93,490 miles",Germany,Dump Trucks,Renault Master 145 dci,https://www.mascus.com/transportation/tipper-trucks/renault-master-145-dci/ig5jig4t.html
MAN TGS 35.480 MAN TGS 35.480 8x4 Euro6e Hiab MultLift,Company,2025,,Germany,Hook lift trucks,MAN TGS 35.480 MAN TGS 35.480 8x4 Euro6e Hiab MultLift,https://www.mascus.com/transportation/hook-lift-trucks/man-tgs-35-480-man-tgs-35-480-8x4-euro6e-hiab-multlift/hjcodpbj.html
National NTC55L,Company,2024,,United States,Boom / Crane / Bucket Trucks,National NTC55L,https://www.mascus.com/transportation/crane-trucks/national-ntc55l/ik8oil5m.html
Kenworth T270,Company,2019,,United States,Flatbed Trucks,Kenworth T270,https://www.mascus.com/transportation/flatbed-dropside-trucks/kenworth-t270/7m5p7f9m.html
Volvo FE 290.18 TANDEM,Company,,"339,802 miles",Serbia,Curtain Side Trucks,Volvo FE 290.18 TANDEM,https://www.mascus.com/transportation/curtainsider-trucks/volvo-fe-290-18-tandem/5mek7ghh.html
MAN TGS 33.460 / 6x4 / Euro 6 / Fassi 23 Tonmeter Cran,Company,2019,"85,288 miles",Hungary,Dump Trucks,MAN TGS 33.460 / 6x4 / Euro 6 / Fassi 23 Tonmeter Cran,https://www.mascus.com/transportation/tipper-trucks/man-tgs-33-460-6x4-euro-6-fassi-23-tonmeter-cran/gh4jds4t.html
Freightliner M2,Company,2019,"164,887 miles",United States,Box trucks,Freightliner M2,https://www.mascus.com/transportation/box-body-trucks/freightliner-m2/9ofsdi8o.html
MAN TGS 26.360 / 6X4 / 2 STRONNA WYWROTKA / HYDROBURTA,Company,2008,"118,682 miles",Hungary,Dump Trucks,MAN TGS 26.360 / 6X4 / 2 STRONNA WYWROTKA / HYDROBURTA,https://www.mascus.com/transportation/tipper-trucks/man-tgs-26-360-6x4-2-stronna-wywrotka-hydroburta/af6mdjal.html
Kenworth T300,Company,2005,"62,379 miles",United States,Dump Trucks,Kenworth T300,https://www.mascus.com/transportation/tipper-trucks/kenworth-t300/4p6g6m8n.html
Renault 13000 L On Renault Premium 370 DCi 6x2x4 Repandeus,Company,2004,"159,599 miles",France,Tank Trucks,Renault 13000 L on Renault Premium 370 dCi 6x2x4 Repandeus,https://www.mascus.com/transportation/tank-trucks/renault-13000-l-on-renault-premium-370-dci-6x2x4-repandeus/blgjho7n.html
Howo 371 8x4,Company,2024,"4,660 miles",China,Dump Trucks,Howo 371 8x4,https://www.mascus.com/transportation/tipper-trucks/howo-371-8x4/ah6s5k8j.html
"Scania R410, Retarder, Souprava 120m3",Company,2015,"466,730 miles",Czech Republic,Curtain Side Trucks,"Scania R410, Retarder, Souprava 120m3",https://www.mascus.com/transportation/curtainsider-trucks/scania-r410-retarder-souprava-120m3/6j4lag5t.html
Iveco 160E21 Åbenbar Side CNG,Company,2019,"154,100 miles",Denmark,Box trucks,Iveco 160E21 Åbenbar side CNG,https://www.mascus.com/transportation/box-body-trucks/iveco-160e21-abenbar-side-cng/bsffefas.html
Fiat DUCATO,Company,2017,"242,409 miles",Italy,Other Trucks,Fiat DUCATO,https://www.mascus.com/transportation/other-trucks/fiat-ducato/ai3rfs7o.html
DAF LF 220 **EURO6-BELGIAN TRUCK-TUV 06/26**,Company,2016,"376,477 miles",Belgium,Curtain Side Trucks,DAF LF 220 **EURO6-BELGIAN TRUCK-TUV 06/26**,https://www.mascus.com/transportation/curtainsider-trucks/daf-lf-220-euro6-belgian-truck-tuv-06-26/5f6u7u8k.html
Volvo FM410 4X2 EURO6 + SIDE OPENING,Company,2014,"424,024 miles",Estonia,Box trucks,Volvo FM410 4X2 EURO6 + SIDE OPENING,https://www.mascus.com/transportation/box-body-trucks/volvo-fm410-4x2-euro6-side-opening/bifhig8m.html
Peterbilt 382,Company,2016,"274,499 miles",United States,Cab & Chassis Trucks,Peterbilt 382,https://www.mascus.com/transportation/chassis-cab-trucks/peterbilt-382/9rhheu4g.html
Kenworth T370,Company,2018,,United States,Box trucks,Kenworth T370,https://www.mascus.com/transportation/box-body-trucks/kenworth-t370/9fbqcoct.html
Ford F-550 Super Duty,Company,2022,"29,359 miles",United States,Flatbed Trucks,Ford F-550 Super Duty,https://www.mascus.com/transportation/flatbed-dropside-trucks/ford-f-550-super-duty/dqbr9g3q.html
International DuraStar 4400,Company,2014,"157,499 miles",Canada,Box trucks,International DuraStar 4400,https://www.mascus.com/transportation/box-body-trucks/international-durastar-4400/fpdlcn9i.html
Howo 371 6x4,Company,2024,"5,356 miles",China,Dump Trucks,Howo 371 6x4,https://www.mascus.com/transportation/tipper-trucks/howo-371-6x4/gkcgdmcq.html
Mercedes-Benz 4151 K 8x4 Meiller-Kip./Bordmat/M-Fhs./Ret/52tkm,Company,2022,"32,436 miles",Germany,Dump Trucks,Mercedes-Benz 4151 K 8x4 Meiller-Kip./Bordmat/M-Fhs./Ret/52tkm,https://www.mascus.com/transportation/tipper-trucks/mercedes-benz-4151-k-8x4-meiller-kip-bordmat-m-fhs-ret-52tkm/gjgt6ufp.html
Volvo FM460 6x2 HMF3000K7,Company,2013,"374,687 miles",Finland,Boom / Crane / Bucket Trucks,Volvo FM460 6x2 HMF3000K7,https://www.mascus.com/transportation/crane-trucks/volvo-fm460-6x2-hmf3000k7/dgcu7tfp.html
Renault 410 DCi M,Company,2007,"267,505 miles",Hungary,Car Haulers,Renault 410 dCi M,https://www.mascus.com/transportation/vehicle-transporters/renault-410-dci-m/6liocubn.html
403 ERROR,,,,,,,https://www.mascus.com/transportation/beverage-delivery-trucks/mercedes-benz-antos-2546-getranke-lbw-lift-lenkachse/in6udfbn.html
403 ERROR,,,,,,,https://www.mascus.com/transportation/tipper-trucks/man-tgs-33-360/inflbp9p.html
403 ERROR,,,,,,,https://www.mascus.com/transportation/tipper-trucks/scania-vabis-l76-with-tipper/dg3i5o7r.html
403 ERROR,,,,,,,https://www.mascus.com/transportation/flatbed-dropside-trucks/volvo-fm-410-fm-6x2-palfinger-pk-26002-eh-e-kran-crane-l/bn9reucl.html
403 ERROR,,,,,,,https://www.mascus.com/transportation/box-body-trucks/ford-transit-350/cr8n8pbn.html
403 ERROR,,,,,,,https://www.mascus.com/transportation/other-trucks/international-9200-6x4-equipment-transport-truck/godfhsfn.html
403 ERROR,,,,,,,https://www.mascus.com/transportation/tipper-trucks/iveco-trakker-450/if3rfj4p.html
403 ERROR,,,,,,,https://www.mascus.com/transportation/tipper-trucks/sinotruk-hohan-400hp/fi6qau3g.html
403 ERROR,,,,,,,https://www.mascus.com/transportation/flatbed-dropside-trucks/mercedes-benz-antos2633-6x2-palfinger-pk11002-funk-bett-lift/fn9sbohq.html
403 ERROR,,,,,,,https://www.mascus.com/transportation/other-trucks/sisu-kuorma-auto-karhu/amfk7kdl.html
403 ERROR,,,,,,,https://www.mascus.com/transportation/concrete-trucks/renault-k480-renault-k480-8x4-euromixmtp-em-9-l/4gbn5ldo.html
403 ERROR,,,,,,,https://www.mascus.com/transportation/chassis-cab-trucks/volvo-fm-330-6x2/8q7f3r6m.html
403 ERROR,,,,,,,https://www.mascus.com/transportation/box-body-trucks/mercedes-benz-atego-1221-cruise-control-airco-spoorassistent-lu/8jbr6ibl.html
403 ERROR,,,,,,,https://www.mascus.com/transportation/crane-trucks/man-26-510-wechselsystem-abroller-pk19001-container/3u9h6k8g.html
403 ERROR,,,,,,,https://www.mascus.com/transportation/other-trucks/mack-granite-64br/6u4negbm.html
403 ERROR,,,,,,,https://www.mascus.com/transportation/tipper-trucks/scania-g500-10x4-dumper-20m3/3ufg4f5s.html
403 ERROR,,,,,,,https://www.mascus.com/transportation/tipper-trucks/peterbilt-567/fpht3ghh.html
MAN TGX 18.360 1/2 Koffer / Plane,Company,2011,"443,006 miles",Germany,Box trucks,MAN TGX 18.360 1/2 Koffer / Plane,https://www.mascus.com/transportation/box-body-trucks/man-tgx-18-360-1-2-koffer-plane/5sisdfai.html
Schwing S 61 SX,Company,,,United States,Concrete Trucks,Schwing S 61 SX,https://www.mascus.com/transportation/concrete-trucks/schwing-s-61-sx/dhhi7lcr.html
International 4300,Company,2019,"290,740 miles",United States,Box trucks,International 4300,https://www.mascus.com/transportation/box-body-trucks/international-4300/io4r4f5j.html
Scania R500 NGS XT / 6X4,Company,2018,"134,527 miles",Hungary,Dump Trucks,Scania R500 NGS XT / 6X4,https://www.mascus.com/transportation/tipper-trucks/scania-r500-ngs-xt-6x4/hh9g9i3l.html
Mercedes-Benz Benz Actros 2545,Company,2019,"374,811 miles",Denmark,Demountable Trucks,Mercedes-Benz Benz Actros 2545,https://www.mascus.com/transportation/demountables-trucks/mercedes-benz-benz-actros-2545/cp7n5fdm.html
Mack CV713,Company,2007,,United States,Dump Trucks,Mack CV713,https://www.mascus.com/transportation/tipper-trucks/mack-cv713/hi6g5rgu.html
MAN TGA 32.360 8X4 BB,Company,2007,"243,387 miles",Czech Republic,Cab & Chassis Trucks,MAN TGA 32.360 8X4 BB,https://www.mascus.com/transportation/chassis-cab-trucks/man-tga-32-360-8x4-bb/4mcmfmdo.html
Mack GU713 Granite,Company,2017,"423,272 miles",United States,Dump Trucks,Mack GU713 Granite,https://www.mascus.com/transportation/tipper-trucks/mack-gu713-granite/6hhjeh5o.html
Mercedes-Benz Actros 4143,Company,2002,"240,471 miles",Romania,Dump Trucks,Mercedes-Benz Actros 4143,https://www.mascus.com/transportation/tipper-trucks/mercedes-benz-actros-4143/aick4u9s.html
Mercedes-Benz ACTROS L / 2545 / ACC / E 6 / MP 5 / MEGA / ZEST,Company,2023,"260,976 miles",Poland,Other Trucks,Mercedes-Benz ACTROS L / 2545 / ACC / E 6 / MP 5 / MEGA / ZEST,https://www.mascus.com/transportation/other-trucks/mercedes-benz-actros-l-2545-acc-e-6-mp-5-mega-zest/cj3nds8p.html
International HX615,Company,2018,"260,965 miles",United States,Dump Trucks,International HX615,https://www.mascus.com/transportation/tipper-trucks/international-hx615/gfgp3p5t.html
Peterbilt 567,Company,2026,317 miles,United States,Cab & Chassis Trucks,Peterbilt 567,https://www.mascus.com/transportation/chassis-cab-trucks/peterbilt-567/fhejepis.html
Freightliner M2 106,Company,2019,"140,021 miles",United States,Flatbed Trucks,Freightliner M2 106,https://www.mascus.com/transportation/flatbed-dropside-trucks/freightliner-m2-106/8jatfohf.html
Volvo FMX 380,Company,2018,"246,063 miles",Finland,Dump Trucks,Volvo FMX 380,https://www.mascus.com/transportation/tipper-trucks/volvo-fmx-380/cpdjblfh.html
Scania R580,Company,2018,,Sweden,Box trucks,Scania R580,https://www.mascus.com/transportation/box-body-trucks/scania-r580/gsdu6m7n.html
Terex FD4000,Company,2020,,United States,Concrete Trucks,Terex FD4000,https://www.mascus.com/transportation/concrete-trucks/terex-fd4000/6lgr7s6s.html
HMF 1130K2 - RCS + Container,Company,2014,,Belgium,Hook lift trucks,HMF 1130K2 - RCS + container,https://www.mascus.com/transportation/hook-lift-trucks/hmf-1130k2-rcs-container/il5q6gbj.html
Renault MIDLUM 220 (16T)+ DHOLLANDIA 2T.,Company,2012,"299,946 miles",Belgium,Box trucks,Renault MIDLUM 220 (16T)+ DHOLLANDIA 2T.,https://www.mascus.com/transportation/box-body-trucks/renault-midlum-220-16t-dhollandia-2t/afdpgk7m.html
DAF XF 105 VDL 25 Ton,Company,2010,"335,903 miles",Netherlands,Hook lift trucks,DAF XF 105 VDL 25 ton,https://www.mascus.com/transportation/hook-lift-trucks/daf-xf-105-vdl-25-ton/8mgrfpgm.html
Freightliner M2 106,Company,2018,"309,074 miles",Canada,Box trucks,Freightliner M2 106,https://www.mascus.com/transportation/box-body-trucks/freightliner-m2-106/gg7i4q6t.html
MAN TGX 26.440 6X2 Terex Atlas 125.2-A2 Kran Crane Lif,Company,2012,"403,440 miles",Netherlands,Flatbed Trucks,MAN TGX 26.440 6X2 Terex Atlas 125.2-A2 Kran Crane Lif,https://www.mascus.com/transportation/flatbed-dropside-trucks/man-tgx-26-440-6x2-terex-atlas-125-2-a2-kran-crane-lif/bmalcg4q.html
DAF XF 480 6X2 FAR INTARDER,Company,2023,"370,658 miles",Netherlands,Demountable Trucks,DAF XF 480 6X2 FAR INTARDER,https://www.mascus.com/transportation/demountables-trucks/daf-xf-480-6x2-far-intarder/do9jdp4s.html
International MV607,Company,2020,"32,000 miles",United States,Beverage Trucks,International MV607,https://www.mascus.com/transportation/beverage-delivery-trucks/international-mv607/gt5g7fdu.html
Peterbilt 337,Company,2020,,United States,Other Trucks,Peterbilt 337,https://www.mascus.com/transportation/other-trucks/peterbilt-337/7m4h7f8k.html
Mack GU713,Company,2016,"339,485 miles",United States,Dump Trucks,Mack GU713,https://www.mascus.com/transportation/tipper-trucks/mack-gu713/dsat5s5u.html
"Peterbilt 325 14' Box Truck With 3,300lb Liftgate",Company,2014,"74,749 miles",United States,Box trucks,"Peterbilt 325 14' Box Truck With 3,300lb Liftgate",https://www.mascus.com/transportation/box-body-trucks/peterbilt-325-14-box-truck-with-3-300lb-liftgate/dk3kaqdo.html
Volvo FMX-540 8x6 SWS,Company,2020,"108,119 miles",Switzerland,Cab & Chassis Trucks,Volvo FMX-540 8x6 SWS,https://www.mascus.com/transportation/chassis-cab-trucks/volvo-fmx-540-8x6-sws/eq4n6ogo.html
Mitsubishi Fuso,Company,2017,"119,242 miles",Canada,Box trucks,Mitsubishi Fuso,https://www.mascus.com/transportation/box-body-trucks/mitsubishi-fuso/4i4n7gfp.html
Scania R 480 CB,Company,,,,,,https://www.mascus.com/transportation/timber-trucks/scania-r-480-cb/bn5oaich.html
Iveco Stralis AD260S45Y VDL 20 Ton Haakarmsysteem,Company,2012,"337,258 miles",Netherlands,Hook lift trucks,Iveco Stralis AD260S45Y VDL 20 Ton haakarmsysteem,https://www.mascus.com/transportation/hook-lift-trucks/iveco-stralis-ad260s45y-vdl-20-ton-haakarmsysteem/6fbgik7s.html
"Renault D 19 320 EURO 6d, Bennes RCI",Company,2021,"103,458 miles",Netherlands,Dump Trucks,"Renault D 19 320 EURO 6d, Bennes RCI",https://www.mascus.com/transportation/tipper-trucks/renault-d-19-320-euro-6d-bennes-rci/gphl5q4o.html
Mack MRU612 TerraPro,Company,2014,"149,635 miles",United States,Hook lift trucks,Mack MRU612 TerraPro,https://www.mascus.com/transportation/hook-lift-trucks/mack-mru612-terrapro/5l8m3s4n.html
Mercedes-Benz Atego 1630 Pritsche + Plane Steckrungen,Company,2017,"386,963 miles",Germany,Curtain Side Trucks,Mercedes-Benz Atego 1630 Pritsche + Plane Steckrungen,https://www.mascus.com/transportation/curtainsider-trucks/mercedes-benz-atego-1630-pritsche-plane-steckrungen/9m7i3pgk.html
Perävaunun 1.Pyörä Akselit,Company,,,Finland,Other Trucks,Perävaunun 1.pyörä akselit,https://www.mascus.com/transportation/other-trucks/peravaunun-1-pyora-akselit/bi3tcj4q.html
Freightliner M2 106,Company,,,,,,https://www.mascus.com/transportation/box-body-trucks/freightliner-m2-106/ajdmbsds.html
Isuzu NRR,Company,2020,"112,115 miles",United States,Reefer Trucks,Isuzu NRR,https://www.mascus.com/transportation/temperature-controlled-trucks/isuzu-nrr/7migcugk.html
MAN 26.480,Company,2015,"385,250 miles",Sweden,Log trucks,MAN 26.480,https://www.mascus.com/transportation/timber-trucks/man-26-480/9mgkcu4u.html
Iveco Daily 40 C 17 - BE Clixtar Tipper,Company,2006,"135,773 miles",Hungary,Other Trucks,Iveco Daily 40 C 17 - BE Clixtar Tipper,https://www.mascus.com/transportation/other-trucks/iveco-daily-40-c-17-be-clixtar-tipper/gliuhl8g.html
DAF LF 290,Company,2017,"358,772 miles",Netherlands,Reefer Trucks,DAF LF 290,https://www.mascus.com/transportation/temperature-controlled-trucks/daf-lf-290/gqetdl4n.html
Kenworth W900S,Company,2006,,United States,Dump Trucks,Kenworth W900S,https://www.mascus.com/transportation/tipper-trucks/kenworth-w900s/4ghphrcl.html
Renault LANDER 460 DXI -6X2+10 Pneus/Tires+INTARDER,Company,2011,"429,182 miles",Belgium,Flatbed Trucks,Renault LANDER 460 DXI -6X2+10 pneus/tires+INTARDER,https://www.mascus.com/transportation/flatbed-dropside-trucks/renault-lander-460-dxi-6x2-10-pneus-tires-intarder/7ocqel4j.html
Freightliner M2 106,Company,2020,"100,334 miles",United States,Flatbed Trucks,Freightliner M2 106,https://www.mascus.com/transportation/flatbed-dropside-trucks/freightliner-m2-106/hf3u3rbh.html
Renault Premium 420DCI,Company,2005,"715,291 miles",France,Box trucks,Renault Premium 420DCI,https://www.mascus.com/transportation/box-body-trucks/renault-premium-420dci/9f8g4f4q.html
Mercedes-Benz Actros 2543,Company,2019,"257,248 miles",Spain,Flatbed Trucks,Mercedes-Benz Actros 2543,https://www.mascus.com/transportation/flatbed-dropside-trucks/mercedes-benz-actros-2543/goctfjdh.html
Mercedes-Benz Actros 2543 6x2,Company,2014,"459,193 miles",Switzerland,Cab & Chassis Trucks,Mercedes-Benz Actros 2543 6x2,https://www.mascus.com/transportation/chassis-cab-trucks/mercedes-benz-actros-2543-6x2/itirfhah.html
Sterling LT 9500,Company,2007,"485,786 miles",United States,Flatbed Trucks,Sterling LT 9500,https://www.mascus.com/transportation/flatbed-dropside-trucks/sterling-lt-9500/fhciejil.html
Chevrolet Express G3500,Company,2024,"63,761 miles",United States,Reefer Trucks,Chevrolet Express G3500,https://www.mascus.com/transportation/temperature-controlled-trucks/chevrolet-express-g3500/8o4ncm6l.html
Volvo VHD86B300,Company,2024,1 miles,United States,Cab & Chassis Trucks,Volvo VHD86B300,https://www.mascus.com/transportation/chassis-cab-trucks/volvo-vhd86b300/ightioes.html
CAT 730WW,Company,2024,,United States,Tank Trucks,CAT 730WW,https://www.mascus.com/transportation/tank-trucks/cat-730ww/dffr9rht.html
Chevrolet Express G3500,Company,2024,"67,084 miles",United States,Reefer Trucks,Chevrolet Express G3500,https://www.mascus.com/transportation/temperature-controlled-trucks/chevrolet-express-g3500/4t3m5ucu.html
Hino 268,Company,2019,"146,343 miles",United States,Box trucks,Hino 268,https://www.mascus.com/transportation/box-body-trucks/hino-268/epbsbucf.html
MAN 33.414 6x4 Cifa Mixer 7m3,Company,1999,"393,328 miles",Slovenia,Concrete Trucks,MAN 33.414 6x4 Cifa mixer 7m3,https://www.mascus.com/transportation/concrete-trucks/man-33-414-6x4-cifa-mixer-7m3/ci4jdpdm.html
MAN TGM 15.250 Bucket Truck With 18 M Working Height –,Company,2010,"82,021 miles",Norway,Other Trucks,MAN TGM 15.250 bucket truck with 18 m working height –,https://www.mascus.com/transportation/other-trucks/man-tgm-15-250-bucket-truck-with-18-m-working-height/akfpgsbm.html
Mercedes-Benz Atego 921 4x2 PK 7.501 / PLATFORM L=5010 Mm,Company,2018,"70,670 miles",Estonia,Boom / Crane / Bucket Trucks,Mercedes-Benz Atego 921 4x2 PK 7.501 / PLATFORM L=5010 mm,https://www.mascus.com/transportation/crane-trucks/mercedes-benz-atego-921-4x2-pk-7-501-platform-l-5010-mm/eldn3ghi.html
Scania G 450 - KIPPER / TREKKER,Company,2015,"215,751 miles",Belgium,Dump Trucks,Scania G 450 - KIPPER / TREKKER,https://www.mascus.com/transportation/tipper-trucks/scania-g-450-kipper-trekker/fi5p6m7q.html
Kenworth T800,Company,2020,,United States,Dump Trucks,Kenworth T800,https://www.mascus.com/transportation/tipper-trucks/kenworth-t800/3phjfp8p.html
Abroll-Bürocontainer Mit Eingangstür,Company,1982,,Germany,Hook lift trucks,Abroll-Bürocontainer mit Eingangstür,https://www.mascus.com/transportation/hook-lift-trucks/abroll-burocontainer-mit-eingangstur/gq4kahgm.html
Ford Transit Doka Pritsche - 7 Persons,Company,2011,"346,391 miles",Hungary,Other Trucks,Ford Transit Doka Pritsche - 7 persons,https://www.mascus.com/transportation/other-trucks/ford-transit-doka-pritsche-7-persons/4lcsej4t.html
Chevrolet 3500,Company,1995,,United States,Flatbed Trucks,Chevrolet 3500,https://www.mascus.com/transportation/flatbed-dropside-trucks/chevrolet-3500/3r6sggbi.html
Scania R500 NGS 6x2 Chassis Cabine Stuur Lift As,Company,2022,"421,290 miles",Netherlands,Cab & Chassis Trucks,Scania R500 NGS 6x2 Chassis cabine Stuur lift as,https://www.mascus.com/transportation/chassis-cab-trucks/scania-r500-ngs-6x2-chassis-cabine-stuur-lift-as/iohg8t5o.html
Lösa Byggnationer Opel Movano AUT. 3500 Kg Hästbus,Company,,,Sweden,Animal transport trucks,Lösa byggnationer Opel Movano AUT. 3500 kg hästbus,https://www.mascus.com/transportation/animal-transport-trucks/losa-byggnationer-opel-movano-aut-3500-kg-hastbus/in6lhl3t.html
Freightliner M2,Company,2017,"196,206 miles",United States,Cab & Chassis Trucks,Freightliner M2,https://www.mascus.com/transportation/chassis-cab-trucks/freightliner-m2/gq8pfnap.html
Renault D WIDE Machine Transporter | New,Company,2026,9 miles,Netherlands,Car Haulers,Renault D WIDE Machine transporter | New,https://www.mascus.com/transportation/vehicle-transporters/renault-d-wide-machine-transporter-new/cpck3kah.html
Ford F 350 SD,Company,2016,"97,612 miles",United States,Reefer Trucks,Ford F 350 SD,https://www.mascus.com/transportation/temperature-controlled-trucks/ford-f-350-sd/gqbtel9f.html
MAN TGM / 15.250 / EURO 6 / CHŁODNIA + WINDA / ŁAD. 6,Company,,"111,847 miles",Hungary,Reefer Trucks,MAN TGM / 15.250 / EURO 6 / CHŁODNIA + WINDA / ŁAD. 6,https://www.mascus.com/transportation/temperature-controlled-trucks/man-tgm-15-250-euro-6-chlodnia-winda-lad-6/hn9ndn5f.html
Quantity Of (2) Truck Axle,Company,0,,United States,Dump Trucks,Quantity of (2) Truck Axle,https://www.mascus.com/transportation/tipper-trucks/quantity-of-2-truck-axle/6sftag9h.html
Iveco Eurocargo 120E220 4X2 12tonner Carrier Supra 850Mt,Company,2014,"179,001 miles",Netherlands,Reefer Trucks,Iveco Eurocargo 120E220 4X2 12tonner Carrier Supra 850Mt,https://www.mascus.com/transportation/temperature-controlled-trucks/iveco-eurocargo-120e220-4x2-12tonner-carrier-supra-850mt/ekhg8lhg.html
Howo 371,Company,2024,,China,Dump Trucks,Howo 371,https://www.mascus.com/transportation/tipper-trucks/howo-371/gkfoig9o.html
Kenworth T680,Company,2020,,United States,Other Trucks,Kenworth T680,https://www.mascus.com/transportation/other-trucks/kenworth-t680/dkioih6h.html
Freightliner M2106,Company,2020,"153,532 miles",United States,Box trucks,Freightliner M2106,https://www.mascus.com/transportation/box-body-trucks/freightliner-m2106/fkduhl8q.html
Shacman 375 8x4,Company,2025,,China,Boom / Crane / Bucket Trucks,Shacman 375 8x4,https://www.mascus.com/transportation/crane-trucks/shacman-375-8x4/gt6kbq5i.html
Peterbilt 335,Company,2008,"172,182 miles",United States,Car Haulers,Peterbilt 335,https://www.mascus.com/transportation/vehicle-transporters/peterbilt-335/dp6f4ier.html
Scania P280 6x4 Tipper,Company,2018,"248,548 miles",United Kingdom,Dump Trucks,Scania P280 6x4 Tipper,https://www.mascus.com/transportation/tipper-trucks/scania-p280-6x4-tipper/3u9j4phq.html
Scania P280 4x2 - Taultliner - Loadlift - Full Air Suspen,Company,2019,"339,332 miles",Netherlands,Curtain Side Trucks,Scania P280 4x2 - Taultliner - Loadlift - Full air suspen,https://www.mascus.com/transportation/curtainsider-trucks/scania-p280-4x2-taultliner-loadlift-full-air-suspen/csfl3rff.html
International 4300SBA,Company,2019,"158,268 miles",United States,Flatbed Trucks,International 4300SBA,https://www.mascus.com/transportation/flatbed-dropside-trucks/international-4300sba/hgds4h8s.html
GMC G3500,Company,2023,"99,100 miles",United States,Reefer Trucks,GMC G3500,https://www.mascus.com/transportation/temperature-controlled-trucks/gmc-g3500/dkdkfi9k.html
Isuzu Med Duty NQR,Company,2020,"108,000 miles",United States,Other Trucks,Isuzu Med Duty NQR,https://www.mascus.com/transportation/other-trucks/isuzu-med-duty-nqr/4j4g4qap.html
MultiQuip T/A Water Tank Trailer,Company,0,,United States,Other Trucks,MultiQuip T/A Water Tank Trailer,https://www.mascus.com/transportation/other-trucks/multiquip-t-a-water-tank-trailer/hf7tengk.html
International 4300,Company,2010,"154,166 miles",United States,Skip loader trucks,International 4300,https://www.mascus.com/transportation/skip-loader-trucks/international-4300/fqeudl9s.html
Mercedes-Benz Sprinter 316 / Clixtar Veldhuizen Box / Euro 6 / T,Company,2018,"148,959 miles",Hungary,Box trucks,Mercedes-Benz Sprinter 316 / Clixtar Veldhuizen Box / Euro 6 / T,https://www.mascus.com/transportation/box-body-trucks/mercedes-benz-sprinter-316-clixtar-veldhuizen-box-euro-6-t/5i9kirbf.html
Mercedes-Benz Actros 963-0-A,Company,2022,"111,847 miles",Netherlands,Box trucks,Mercedes-Benz Actros 963-0-A,https://www.mascus.com/transportation/box-body-trucks/mercedes-benz-actros-1824-l-bak-klep-2-000-kg-comfort-cabine/3o8rhf4s.html
Mercedes-Benz Atego 818 –F-001,Company,2018,,Spain,Box trucks,Mercedes-Benz Atego 818 –F-001,https://www.mascus.com/transportation/box-body-trucks/mercedes-benz-atego-818-f-001/6q5feu9u.html
Terex FD4000,Company,2021,,United States,Concrete Trucks,Terex FD4000,https://www.mascus.com/transportation/concrete-trucks/terex-fd4000/epilbr3u.html
Freightliner M2 106,Company,2020,"73,816 miles",United States,Flatbed Trucks,Freightliner M2 106,https://www.mascus.com/transportation/flatbed-dropside-trucks/freightliner-m2-106/cofpiies.html
Freightliner 114SD,Company,2022,,United States,Concrete Trucks,Freightliner 114SD,https://www.mascus.com/transportation/concrete-trucks/freightliner-114sd/9ndm3q3p.html
Mitsubishi Fuso Canter,Company,2017,"59,785 miles",Hungary,Reefer Trucks,Mitsubishi Fuso Canter,https://www.mascus.com/transportation/temperature-controlled-trucks/mitsubishi-fuso-canter/go4lau3u.html
MAN TGS 35.400 BL - AJK,Company,2010,"282,509 miles",Belgium,Hook lift trucks,MAN TGS 35.400 BL - AJK,https://www.mascus.com/transportation/hook-lift-trucks/man-tgs-35-400-bl-ajk/7i3ubr6s.html
"Volvo FMX 460 6x4 3 Zijdige Kipper/ Hiab 288 E-6,Winch E",Company,2014,"279,649 miles",Netherlands,Dump Trucks,"Volvo FMX 460 6x4 3 zijdige Kipper/ Hiab 288 E-6,Winch E",https://www.mascus.com/transportation/tipper-trucks/volvo-fmx-460-6x4-3-zijdige-kipper-hiab-288-e-6-winch-e/htcpaj5i.html
Hubiere CTR751CT,Company,0,,France,Other Trucks,Hubiere CTR751CT,https://www.mascus.com/transportation/other-trucks/hubiere-ctr751ct/gh3u3p4h.html
Volvo FH13 500 6x2*4,Company,2019,"683,508 miles",Finland,Reefer Trucks,Volvo FH13 500 6x2*4,https://www.mascus.com/transportation/temperature-controlled-trucks/volvo-fh13-500-6x2-4/4n7iig7i.html
DAF CF 340,Company,2020,"117,439 miles",Ireland,Winch trucks,DAF CF 340,https://www.mascus.com/transportation/beavertail-flatbed---winch-trucks/daf-cf-340/9o7g8tfh.html
MAN TGS 35.440 8X4 14m3 Tipper Steelsuspension Big-Axl,Company,2016,"220,579 miles",Netherlands,Dump Trucks,MAN TGS 35.440 8X4 14m3 tipper Steelsuspension Big-Axl,https://www.mascus.com/transportation/tipper-trucks/man-tgs-35-440-8x4-14m3-tipper-steelsuspension-big-axl/ij6ndj5u.html
Freightliner FLD 120,Company,2008,,United States,Concrete Trucks,Freightliner FLD 120,https://www.mascus.com/transportation/concrete-trucks/freightliner-fld-120/ijcf4pgq.html
Betonstar 40M (#1117),Company,2021,,Canada,Concrete Trucks,Betonstar 40M (#1117),https://www.mascus.com/transportation/concrete-trucks/betonstar-40m-1117/gj4s5h8o.html
Mercedes-Benz Arocs 3363,Company,2019,"313,442 miles",Poland,Log trucks,Mercedes-Benz Arocs 3363,https://www.mascus.com/transportation/timber-trucks/mercedes-benz-arocs-3363/eo4l6hig.html
Howo 375 8x4,Company,2024,"5,282 miles",China,Dump Trucks,Howo 375 8x4,https://www.mascus.com/transportation/tipper-trucks/howo-375-8x4/hjhf8nap.html
Terberg FM2850-T / 10x4 / PENZ CRANE / KRAN,Company,2010,"356,320 miles",Netherlands,Boom / Crane / Bucket Trucks,Terberg FM2850-T / 10x4 / PENZ CRANE / KRAN,https://www.mascus.com/transportation/crane-trucks/terberg-fm2850-t-10x4-penz-crane-kran/eu3i9tfh.html
Terex FD4000,Company,2020,,United States,Concrete Trucks,Terex FD4000,https://www.mascus.com/transportation/concrete-trucks/terex-fd4000/eo9hctfr.html
Hino 185,Company,2010,"267,767 miles",Canada,Box trucks,Hino 185,https://www.mascus.com/transportation/box-body-trucks/hino-185/esaqag6h.html
Volvo FH 540 HDS Palfinger PK 78002 SH + FlyJib,Company,2014,"110,604 miles",Poland,Boom / Crane / Bucket Trucks,Volvo FH 540 HDS Palfinger PK 78002 SH + FlyJib,https://www.mascus.com/transportation/crane-trucks/volvo-fh-540-hds-palfinger-pk-78002-sh-flyjib/aqbfcn6n.html
Renault D 280 4X4 HIAB X-HIDUO 118 Kran Crane Tipper Autom,Company,2022,"3,405 miles",Netherlands,Dump Trucks,Renault D 280 4X4 HIAB X-HIDUO 118 Kran Crane Tipper Autom,https://www.mascus.com/transportation/tipper-trucks/renault-d-280-4x4-hiab-x-hiduo-118-kran-crane-tipper-autom/huag8qaj.html
Hino S52,Company,2023,"11,637 miles",Canada,Box trucks,Hino S52,https://www.mascus.com/transportation/box-body-trucks/hino-s52/dr4j4sdh.html
Mercedes-Benz ACTROS 2545 / ZESTAW TANDEM 120 M3 / PRZEJAZDOWY /,Company,2021,"443,659 miles",Poland,Curtain Side Trucks,Mercedes-Benz ACTROS 2545 / ZESTAW TANDEM 120 M3 / PRZEJAZDOWY /,https://www.mascus.com/transportation/curtainsider-trucks/mercedes-benz-actros-2545-zestaw-tandem-120-m3-przejazdowy/5u8f8h7m.html
Chevrolet 2500HD,Company,2012,,United States,Flatbed Trucks,Chevrolet 2500HD,https://www.mascus.com/transportation/flatbed-dropside-trucks/chevrolet-2500hd/5k3mishf.html
Chevrolet Silverado 3500HD,Company,,,,,,https://www.mascus.com/transportation/flatbed-dropside-trucks/chevrolet-silverado-3500hd/9jet3fem.html
Mitsubishi Canter 7 C 18 Bak + Klep 1000 KG Euro 6,Company,2020,"77,671 miles",Netherlands,Box trucks,Mitsubishi Canter 7 C 18 Bak + Klep 1000 KG Euro 6,https://www.mascus.com/transportation/box-body-trucks/mitsubishi-canter-7-c-18-bak-klep-1000-kg-euro-6/cs6k8fhu.html
Mack GR64FT,Company,,,,,,https://www.mascus.com/transportation/tipper-trucks/mack-gr64ft/duglctdk.html
Peterbilt 330,Company,2003,,United States,Dump Trucks,Peterbilt 330,https://www.mascus.com/transportation/tipper-trucks/peterbilt-330/fo7jao5h.html
Scania R480LB8X2*6HNB,Company,2011,"421,538 miles",Sweden,Boom / Crane / Bucket Trucks,Scania R480LB8X2*6HNB,https://www.mascus.com/transportation/crane-trucks/scania-r480lb8x2-6hnb/4uco4h6r.html
"Volvo FM500 8x4 Vaijerilaite, Euro 6",Company,2015,"416,319 miles",Finland,Demountable Trucks,"Volvo FM500 8x4 vaijerilaite, Euro 6",https://www.mascus.com/transportation/demountables-trucks/volvo-fm500-8x4-vaijerilaite-euro-6/5jiphiij.html
Freightliner Cascadia 125,Company,2016,,United States,Other Trucks,Freightliner Cascadia 125,https://www.mascus.com/transportation/other-trucks/freightliner-cascadia-125/5s9o6g4i.html
Freightliner M2 106,Company,2016,"232,896 miles",United States,Flatbed Trucks,Freightliner M2 106,https://www.mascus.com/transportation/flatbed-dropside-trucks/freightliner-m2-106/9khkdtdf.html
Mack MRU613,Company,2019,"86,201 miles",United States,Concrete Trucks,Mack MRU613,https://www.mascus.com/transportation/concrete-trucks/mack-mru613/ashmfsef.html
DAF CF Race Truck APK 05/26 Manual Gearbox,Company,2006,"237,863 miles",Netherlands,Box trucks,DAF CF Race Truck APK 05/26 Manual Gearbox,https://www.mascus.com/transportation/box-body-trucks/daf-cf-race-truck-apk-05-26-manual-gearbox/3tefip8r.html
Volvo FH 540 8X2 TRIPLE VDL S30-6700 HAAKARMSYSTEEM / AB,Company,2025,"7,956 miles",Netherlands,Hook lift trucks,Volvo FH 540 8X2 TRIPLE VDL S30-6700 HAAKARMSYSTEEM / AB,https://www.mascus.com/transportation/hook-lift-trucks/volvo-fh-540-8x2-triple-vdl-s30-6700-haakarmsysteem-ab/6haibl3o.html
Mack GR64B,Company,2027,,United States,Dump Trucks,Mack GR64B,https://www.mascus.com/transportation/tipper-trucks/mack-gr64b/6nfqdfdl.html
Iveco Daily 35S14A8D / Doka,Company,,,Hungary,Other Trucks,Iveco Daily 35S14A8D / Doka,https://www.mascus.com/transportation/other-trucks/iveco-daily-35s14a8d-doka/ekih9h3r.html
International 7500,Company,2006,,United States,Dump Trucks,International 7500,https://www.mascus.com/transportation/tipper-trucks/international-7500/gnhg5t6n.html
Carson BH122,Company,2024,,United States,Dump Trucks,Carson BH122,https://www.mascus.com/transportation/tipper-trucks/carson-bh122/3tesdqfn.html
Kenworth T880,Company,2017,"346,548 miles",United States,Dump Trucks,Kenworth T880,https://www.mascus.com/transportation/tipper-trucks/kenworth-t880/dkdr5q6k.html
Iveco Eurocargo 180-320 / Ldbw / Thermo King,Company,2019,"326,531 miles",Germany,Reefer Trucks,Iveco Eurocargo 180-320 / Ldbw / Thermo King,https://www.mascus.com/transportation/temperature-controlled-trucks/iveco-eurocargo-180-320-ldbw-thermo-king/ao8jbscu.html
International 4300,Company,2019,,United States,Box trucks,International 4300,https://www.mascus.com/transportation/box-body-trucks/international-4300/5sgh5qim.html
Volvo FH16 750 6x4 Combo Truck With Hydraulics,Company,2016,"179,979 miles",Norway,Dump Trucks,Volvo FH16 750 6x4 combo truck with hydraulics,https://www.mascus.com/transportation/tipper-trucks/volvo-fh16-750-6x4-combo-truck-with-hydraulics/di9h5gbn.html
Chevrolet Express G3500,Company,,,,,,https://www.mascus.com/transportation/box-body-trucks/chevrolet-express-g3500/cf7m5tfr.html
Freightliner M2106,Company,2007,"382,584 miles",Canada,Box trucks,Freightliner M2106,https://www.mascus.com/transportation/box-body-trucks/freightliner-m2106/dsep9n7s.html
DAF LF 210 4X2 Thermoking T-1200R Tailgate Automatic E,Company,2017,"115,385 miles",Netherlands,Reefer Trucks,DAF LF 210 4X2 Thermoking T-1200R Tailgate Automatic E,https://www.mascus.com/transportation/temperature-controlled-trucks/daf-lf-210-4x2-thermoking-t-1200r-tailgate-automatic-e/afcnamdi.html
"MAN TGX 26.400 6x2-2BL, Ölpumpe 3-Fach Mit Drucker",Company,2010,"712,107 miles",Germany,Curtain Side Trucks,"MAN TGX 26.400 6x2-2BL, Ölpumpe 3-fach mit Drucker",https://www.mascus.com/transportation/curtainsider-trucks/man-tgx-26-400-6x2-2bl-olpumpe-3-fach-mit-drucker/9n8jil9q.html
Western Star 4900SF,Company,2012,"167,064 miles",Canada,Dump Trucks,Western Star 4900SF,https://www.mascus.com/transportation/tipper-trucks/western-star-4900sf/ahdp4obi.html
"MAN TGS 26.360, SIDE DOORS + LIFT",Company,2013,"339,269 miles",Estonia,Box trucks,"MAN TGS 26.360, SIDE DOORS + LIFT",https://www.mascus.com/transportation/box-body-trucks/man-tgs-26-360-side-doors-lift/4qah7jff.html
Peterbilt 567,Company,2016,,United States,Dump Trucks,Peterbilt 567,https://www.mascus.com/transportation/tipper-trucks/peterbilt-567/fu8nho3n.html
Sea Electric 4x2 Van Truck,Company,2023,,United States,Box trucks,Sea Electric 4x2 Van Truck,https://www.mascus.com/transportation/box-body-trucks/sea-electric-4x2-van-truck/grandiil.html
Mack Granite CV713,Company,2007,,United States,Dump Trucks,Mack Granite CV713,https://www.mascus.com/transportation/tipper-trucks/mack-granite-cv713/8ggofrcg.html
"Ford F650 24' Box Truck, 3,000 Lbs. Liftgate",Company,2022,"74,690 miles",United States,Box trucks,"Ford F650 24' Box Truck, 3,000 Lbs. Liftgate",https://www.mascus.com/transportation/box-body-trucks/ford-f650-24-box-truck-3-000-lbs-liftgate/3q8udfcs.html
Scania R 540,Company,2021,"82,021 miles",Austria,Boom / Crane / Bucket Trucks,Scania R 540,https://www.mascus.com/transportation/crane-trucks/scania-r-540/8qcuhi5f.html
Iveco 240E/TN,Company,1995,,Portugal,Cab & Chassis Trucks,Iveco 240E/TN,https://www.mascus.com/transportation/chassis-cab-trucks/iveco-240e-tn/digidqhp.html
Scania R580 8x4*4 //Kroghejs/Hook //,Company,2015,"484,048 miles",Denmark,Hook lift trucks,Scania R580 8x4*4 //Kroghejs/hook //,https://www.mascus.com/transportation/hook-lift-trucks/scania-r580-8x4-4-kroghejs-hook/9f7sai8k.html
Scania P 230,Company,2007,"254,762 miles",Finland,Box trucks,Scania P 230,https://www.mascus.com/transportation/box-body-trucks/scania-p-230/cjgqcf3m.html
DAF CF 530,Company,2018,"126,138 miles",Belgium,Winch trucks,DAF CF 530,https://www.mascus.com/transportation/beavertail-flatbed---winch-trucks/daf-cf-530/fm8peq8o.html
Iveco 140E25 EUROCARGO ATP,Company,2017,"147,376 miles",Netherlands,Reefer Trucks,Iveco 140E25 EUROCARGO ATP,https://www.mascus.com/transportation/temperature-controlled-trucks/iveco-140e25-eurocargo-atp/3mauek3p.html
Kenworth W900,Company,2003,,United States,Other Trucks,Kenworth W900,https://www.mascus.com/transportation/other-trucks/kenworth-w900/5uekaqar.html
DAF CF 85.430 * ABROLLKIPPER + JONSERED J1320 Z /8x4,Company,2005,"356,667 miles",Poland,Hook lift trucks,DAF CF 85.430 * ABROLLKIPPER + JONSERED J1320 Z /8x4,https://www.mascus.com/transportation/hook-lift-trucks/daf-cf-85-430-abrollkipper-jonsered-j1320-z-8x4/aggpel4h.html
Chevrolet Express G3500,Company,2024,"47,735 miles",United States,Reefer Trucks,Chevrolet Express G3500,https://www.mascus.com/transportation/temperature-controlled-trucks/chevrolet-express-g3500/clamfjcl.html
Mercedes-Benz ACTROS 3346 6x6 HIAB 244EP-4 Crane Kipper,Company,2013,"242,335 miles",Hungary,Dump Trucks,Mercedes-Benz ACTROS 3346 6x6 HIAB 244EP-4 Crane Kipper,https://www.mascus.com/transportation/tipper-trucks/mercedes-benz-actros-3346-6x6-hiab-244ep-4-crane-kipper/hi7ufscs.html
Volvo FM 380 8X2 Palfinger 35000 Bis 25 Meter,Company,2005,"166,838 miles",Germany,Flatbed Trucks,Volvo FM 380 8X2 Palfinger 35000 bis 25 Meter,https://www.mascus.com/transportation/flatbed-dropside-trucks/volvo-fm-380-8x2-palfinger-35000-bis-25-meter/fu8nbi6o.html
Shacman F 3000,Company,2022,,China,Dump Trucks,Shacman F 3000,https://www.mascus.com/transportation/tipper-trucks/shacman-f-3000/5ohiglam.html
MAN TGL 12.220,Company,2010,"407,086 miles",Hungary,Reefer Trucks,MAN TGL 12.220,https://www.mascus.com/transportation/temperature-controlled-trucks/man-tgl-12-220/aofsdgdk.html
Scania P113-360 6X4 PALFINGER PK60002 YEAR 2007!! + REMOT,Company,1995,"389,452 miles",Netherlands,Flatbed Trucks,Scania P113-360 6X4 PALFINGER PK60002 YEAR 2007!! + REMOT,https://www.mascus.com/transportation/flatbed-dropside-trucks/scania-p113-360-6x4-palfinger-pk60002-year-2007-remot/fsbf9mbk.html
MAN 26.480 6X4 BL PK 27.000 SH,Company,2005,"355,735 miles",Hungary,Boom / Crane / Bucket Trucks,MAN 26.480 6X4 BL PK 27.000 SH,https://www.mascus.com/transportation/crane-trucks/man-26-480-6x4-bl-pk-27-000-sh/3i5gir8h.html
Volvo VHD64B300,Company,2026,10 miles,United States,Cab & Chassis Trucks,Volvo VHD64B300,https://www.mascus.com/transportation/chassis-cab-trucks/volvo-vhd64b300/aialhq9s.html
Mercedes-Benz Axor 1824 Hiab 144 D Funk / Voll Blatt / Eu5,Company,2010,"252,010 miles",Germany,Boom / Crane / Bucket Trucks,Mercedes-Benz Axor 1824 Hiab 144 D Funk / Voll Blatt / Eu5,https://www.mascus.com/transportation/crane-trucks/mercedes-benz-axor-1824-hiab-144-d-funk-voll-blatt-eu5/hk5o4ggi.html
Freightliner M2 106,Company,2020,"136,181 miles",United States,Flatbed Trucks,Freightliner M2 106,https://www.mascus.com/transportation/flatbed-dropside-trucks/freightliner-m2-106/aj8hejbg.html
Ford F650,Company,2004,,United States,Other Trucks,Ford F650,https://www.mascus.com/transportation/other-trucks/ford-f650/8o6ocibl.html
Kenworth T680,Company,2021,"246,801 miles",United States,Other Trucks,Kenworth T680,https://www.mascus.com/transportation/other-trucks/kenworth-t680/8p3jaf6j.html
Mack CH613,Company,1998,,United States,Dump Trucks,Mack CH613,https://www.mascus.com/transportation/tipper-trucks/mack-ch613/4jdg9iig.html
International 4700,Company,1999,"138,933 miles",United States,Wood Chippers,International 4700,https://www.mascus.com/transportation/wood-chip-trucks/international-4700/5ran6ucm.html
Freightliner M2 106,Company,2019,"213,976 miles",United States,Reefer Trucks,Freightliner M2 106,https://www.mascus.com/transportation/temperature-controlled-trucks/freightliner-m2-106/dmaffs6f.html
Hino 268,Company,2019,"235,483 miles",United States,Box trucks,Hino 268,https://www.mascus.com/transportation/box-body-trucks/hino-268/5neo4jdf.html
Freightliner M2 106,Company,2020,"214,939 miles",United States,Reefer Trucks,Freightliner M2 106,https://www.mascus.com/transportation/temperature-controlled-trucks/freightliner-m2-106/iubk3lak.html
Scania R 590 6x2 Fjärrtransportfordon,Company,2021,,Sweden,Box trucks,Scania R 590 6x2 Fjärrtransportfordon,https://www.mascus.com/transportation/box-body-trucks/scania-r-590-6x2-fjarrtransportfordon/dmhr6m9k.html
Isuzu NRR,Company,2022,"91,966 miles",United States,Box trucks,Isuzu NRR,https://www.mascus.com/transportation/box-body-trucks/isuzu-nrr/8jcpbh5n.html
MAN TGX 35.480 8x4*4 CIFA 9 M3 / MSM 9 M,Company,2008,"186,534 miles",Estonia,Concrete Trucks,MAN TGX 35.480 8x4*4 CIFA 9 m3 / MSM 9 m,https://www.mascus.com/transportation/concrete-trucks/man-tgx-35-480-8x4-4-cifa-9-m3-msm-9-m/6ich5hfl.html
Mack GR64F,Company,2027,,United States,Dump Trucks,Mack GR64F,https://www.mascus.com/transportation/tipper-trucks/mack-gr64f/9g6lahbi.html
Peterbilt 348,Company,2020,"80,272 miles",United States,Dump Trucks,Peterbilt 348,https://www.mascus.com/transportation/tipper-trucks/peterbilt-348/bger3tbt.html
Isuzu FTR,Company,2024,"270,301 miles",United States,Box trucks,Isuzu FTR,https://www.mascus.com/transportation/box-body-trucks/isuzu-ftr/5f7khrcl.html
Kenworth T400,Company,2013,,United States,Other Trucks,Kenworth T400,https://www.mascus.com/transportation/other-trucks/kenworth-t400/ef5ldlbr.html
GMC C7500,Company,2004,"159,731 miles",United States,Other Trucks,GMC C7500,https://www.mascus.com/transportation/other-trucks/gmc-c7500/7t4u4r8p.html
MAN TGM 18.340 JUMBOZUG 2 ACHS TANDEMANHÄNGER,Company,2011,"270,183 miles",Austria,Other Trucks,MAN TGM 18.340 JUMBOZUG 2 ACHS TANDEMANHÄNGER,https://www.mascus.com/transportation/other-trucks/man-tgm-18-340-jumbozug-2-achs-tandemanhanger/ep7pdu3l.html
Renault Midlum 270Dxi CS850mt – R-031,Company,2012,,Spain,Reefer Trucks,Renault Midlum 270Dxi CS850mt – R-031,https://www.mascus.com/transportation/temperature-controlled-trucks/renault-midlum-270dxi-cs850mt-r-031/fmio5m7h.html
Scania R 500 B6x2NB,Company,2019,"432,298 miles",Finland,Box trucks,Scania R 500 B6x2NB,https://www.mascus.com/transportation/box-body-trucks/scania-r-500-b6x2nb/bu7q5hbp.html
Isuzu NPR-1G404,Company,2027,2 miles,United States,Cab & Chassis Trucks,Isuzu NPR-1G404,https://www.mascus.com/transportation/chassis-cab-trucks/isuzu-npr-1g404/bkemgi4t.html
GMC Savana G3500,Company,2020,,United States,Box trucks,GMC Savana G3500,https://www.mascus.com/transportation/box-body-trucks/gmc-savana-g3500/ciir3rep.html
Howo 371 8x4,Company,2024,"4,660 miles",China,Dump Trucks,Howo 371 8x4,https://www.mascus.com/transportation/tipper-trucks/howo-371-8x4/af3udn8i.html
Renault MIDLUM 220.16 DXI + CARRIER MULTI TEMP+DHOLLANDIA,Company,2013,"116,267 miles",Belgium,Reefer Trucks,Renault MIDLUM 220.16 DXI + CARRIER MULTI TEMP+DHOLLANDIA,https://www.mascus.com/transportation/temperature-controlled-trucks/renault-midlum-220-16-dxi-carrier-multi-temp-dhollandia/erhrfiig.html
Iveco Daily 35S17D Kipper 7 Zitplaatsen Just 95.281 Km!,Company,2016,"59,205 miles",Netherlands,Dump Trucks,Iveco Daily 35S17D Kipper 7 zitplaatsen Just 95.281 km!,https://www.mascus.com/transportation/tipper-trucks/iveco-daily-35s17d-kipper-7-zitplaatsen-just-95-281-km/5pimbuej.html
Iveco Stralis 310 EURO 6 PALFINGER PK12002 + REMOTE CONT,Company,2015,"222,443 miles",Netherlands,Flatbed Trucks,Iveco Stralis 310 EURO 6 PALFINGER PK12002 + REMOTE CONT,https://www.mascus.com/transportation/flatbed-dropside-trucks/iveco-stralis-310-euro-6-palfinger-pk12002-remote-cont/9k4ogt8f.html
Terex TA30,Company,2011,,United States,Dump Trucks,Terex TA30,https://www.mascus.com/transportation/tipper-trucks/terex-ta30/cuij6n8n.html
Iveco AD330T45 TRAKKER,Company,2015,"341,590 miles",Netherlands,Hook lift trucks,Iveco AD330T45 TRAKKER,https://www.mascus.com/transportation/hook-lift-trucks/iveco-ad330t45-trakker/cu9ghl4j.html
Freightliner 114SD,Company,2018,"302,398 miles",United States,Flatbed Trucks,Freightliner 114SD,https://www.mascus.com/transportation/flatbed-dropside-trucks/freightliner-114sd/gq4p8gfs.html
Freightliner BUSINESS CLASS M2 100,Company,2016,"212,852 miles",United States,Flatbed Trucks,Freightliner BUSINESS CLASS M2 100,https://www.mascus.com/transportation/flatbed-dropside-trucks/freightliner-business-class-m2-100/9leh3f6n.html
Peterbilt 567,Company,2019,"161,867 miles",United States,Dump Trucks,Peterbilt 567,https://www.mascus.com/transportation/tipper-trucks/peterbilt-567/iu4t6tan.html
Volkswagen Crafter TDI 4x4 Flatbed – 2 Sets Of Tyres – Tarpau,Company,2017,"65,865 miles",Norway,Flatbed Trucks,Volkswagen Crafter TDI 4x4 Flatbed – 2 Sets of Tyres – Tarpau,https://www.mascus.com/transportation/flatbed-dropside-trucks/volkswagen-crafter-tdi-4x4-flatbed-2-sets-of-tyres-tarpau/3kgj5l3s.html
Mack CV713 Granite,Company,2007,"360,943 miles",United States,Dump Trucks,Mack CV713 Granite,https://www.mascus.com/transportation/tipper-trucks/mack-cv713-granite/4tah4lau.html
MAN TGS 26.470 6x2-4 LL Baustoff Palfinger PK20.501L,Company,2025,"1,644 miles",Germany,Flatbed Trucks,MAN TGS 26.470 6x2-4 LL Baustoff Palfinger PK20.501L,https://www.mascus.com/transportation/flatbed-dropside-trucks/man-tgs-26-470-6x2-4-ll-baustoff-palfinger-pk20-501l/5ugp6ibh.html
Mercedes-Benz Arocs 4242 Mercedes-Benz AROCS 5 4242 8x4 Euro5 Eu,Company,2026,,Germany,Concrete Trucks,Mercedes-Benz Arocs 4242 Mercedes-Benz AROCS 5 4242 8x4 Euro5 Eu,https://www.mascus.com/transportation/concrete-trucks/mercedes-benz-arocs-4242-mercedes-benz-arocs-5-4242-8x4-euro5-eu/6rekanff.html
Kidron 22 Foot,Company,2006,,United States,Other Trucks,Kidron 22 Foot,https://www.mascus.com/transportation/other-trucks/kidron-22-foot/iu3o4kap.html
Volvo FH 13 540 EKERI Öppningsbart Sesam Tak,Company,2017,"534,379 miles",Sweden,Box trucks,Volvo FH 13 540 EKERI öppningsbart Sesam tak,https://www.mascus.com/transportation/box-body-trucks/volvo-fh-13-540-ekeri-oppningsbart-sesam-tak/8ibsblat.html
Isuzu NPR-HD 16' Box Truck With Chicago Step Bumper With,Company,2024,"17,408 miles",United States,Box trucks,Isuzu NPR-HD 16' Box Truck with Chicago Step Bumper With,https://www.mascus.com/transportation/box-body-trucks/isuzu-npr-hd-16-box-truck-with-chicago-step-bumper-with/6n4o6q5s.html
Mercedes-Benz Actros 2545 / 2021 / Hagemann Refrigerator Multite,Company,2021,"186,411 miles",Poland,Reefer Trucks,Mercedes-Benz Actros 2545 / 2021 / Hagemann refrigerator Multite,https://www.mascus.com/transportation/temperature-controlled-trucks/mercedes-benz-actros-2545-2021-hagemann-refrigerator-multite/eh6ihm3n.html
Iveco TRAKKER 260T450 6X6 Meiller 3-Seiten Bordmatik,Company,2015,"169,634 miles",Germany,Dump Trucks,Iveco TRAKKER 260T450 6X6 Meiller 3-Seiten Bordmatik,https://www.mascus.com/transportation/tipper-trucks/iveco-trakker-260t450-6x6-meiller-3-seiten-bordmatik/gj7t6pfj.html
"MAN TGS 26.460, Palfinger,PK 23005, Lift-Lenk",Company,2019,"80,313 miles",Germany,Boom / Crane / Bucket Trucks,"MAN TGS 26.460, Palfinger,PK 23005, Lift-Lenk",https://www.mascus.com/transportation/crane-trucks/man-tgs-26-460-palfinger-pk-23005-lift-lenk/9mircr3f.html
International 7400,Company,2004,,United States,Concrete Trucks,International 7400,https://www.mascus.com/transportation/concrete-trucks/international-7400/gockdo8s.html
Kenworth T800,Company,2020,,United States,Dump Trucks,Kenworth T800,https://www.mascus.com/transportation/tipper-trucks/kenworth-t800/4mff5mci.html
Peterbilt 386,Company,2012,"662,400 miles",United States,Dump Trucks,Peterbilt 386,https://www.mascus.com/transportation/tipper-trucks/peterbilt-386/fmigauip.html
Howo 371,Company,2024,"6,214 miles",China,Dump Trucks,Howo 371,https://www.mascus.com/transportation/tipper-trucks/howo-371/6icn8sht.html
Mack GRANITE 64BR,Company,2025,"1,971 miles",United States,Cab & Chassis Trucks,Mack GRANITE 64BR,https://www.mascus.com/transportation/chassis-cab-trucks/mack-granite-64br/7nep3i7q.html
Ford F 450,Company,2011,"76,517 miles",United States,Dump Trucks,Ford F 450,https://www.mascus.com/transportation/tipper-trucks/ford-f-450/igai8mdk.html
Isuzu NQR75 4X2,Company,2001,"121,024 miles",Italy,Other Trucks,Isuzu NQR75 4X2,https://www.mascus.com/transportation/other-trucks/isuzu-nqr75-4x2/csdr8thn.html
DAF LF 12.210 18-Pallet Container With Tail Lift / 50,Company,2024,"31,069 miles",Poland,Box trucks,DAF LF 12.210 18-pallet container with tail lift / 50,https://www.mascus.com/transportation/box-body-trucks/daf-lf-12-210-18-pallet-container-with-tail-lift-50/bh8q6kaq.html
Iveco Eurocargo 120 220 / Tail Lift,Company,2016,"312,418 miles",Hungary,Reefer Trucks,Iveco Eurocargo 120 220 / Tail lift,https://www.mascus.com/transportation/temperature-controlled-trucks/iveco-eurocargo-120-220-tail-lift/4gii3mag.html
Isuzu NQR,Company,2020,"73,637 miles",United States,Other Trucks,Isuzu NQR,https://www.mascus.com/transportation/other-trucks/isuzu-nqr/cg7ggt9o.html
Kenworth T880,Company,2021,,United States,Other Trucks,Kenworth T880,https://www.mascus.com/transportation/other-trucks/kenworth-t880/fn5fgkbk.html
Peterbilt 567,Company,2026,,United States,Dump Trucks,Peterbilt 567,https://www.mascus.com/transportation/tipper-trucks/peterbilt-567/ih9m3qai.html
DAF XD 370,Company,2024,"52,534 miles",Netherlands,Curtain Side Trucks,DAF XD 370,https://www.mascus.com/transportation/curtainsider-trucks/daf-xd-370/ek4mfr8h.html
Peterbilt 579,Company,2021,,United States,Other Trucks,Peterbilt 579,https://www.mascus.com/transportation/other-trucks/peterbilt-579/bm9o8jfk.html
Mercedes-Benz Sprinter 516 CDi 4x4 - Doka 3 Sided Tipper,Company,2013,"134,094 miles",Hungary,Other Trucks,Mercedes-Benz Sprinter 516 CDi 4x4 - Doka 3 sided Tipper,https://www.mascus.com/transportation/other-trucks/mercedes-benz-sprinter-516-cdi-4x4-doka-3-sided-tipper/hj4lhsgk.html
Truck Dump Body,Company,0,,United States,Dump Trucks,Truck Dump Body,https://www.mascus.com/transportation/tipper-trucks/truck-dump-body/fjfsgibq.html
"Iveco AT260S40 6x2, Lenk-/Liftachse",Company,2017,"176,159 miles",Germany,Hook lift trucks,"Iveco AT260S40 6x2, Lenk-/Liftachse",https://www.mascus.com/transportation/hook-lift-trucks/iveco-at260s40-6x2-lenk-liftachse/ep3n5h7g.html
Volkswagen Transporter L1H1 Furgon Chłodnia Izoterma Import D,Company,2012,"188,897 miles",Hungary,Other Trucks,Volkswagen Transporter L1H1 Furgon Chłodnia Izoterma Import D,https://www.mascus.com/transportation/other-trucks/volkswagen-transporter-l1h1-furgon-chlodnia-izoterma-import-d/9hbt4peu.html
Ford F-450,Company,2019,"190,474 miles",United States,Flatbed Trucks,Ford F-450,https://www.mascus.com/transportation/flatbed-dropside-trucks/ford-f-450/cueugs8i.html
Volvo FMX 420 10X4 12.8,Company,2016,"341,754 miles",Finland,Forest machine transport trucks,Volvo FMX 420 10X4 12.8,https://www.mascus.com/transportation/used-forest-machine-transport-trucks/volvo-fmx-420-10x4-12-8/8gdqdn3m.html
Mercedes-Benz Actros 2546 6x2 Palfinger PK 53002 Crane Winch,Company,2011,"458,572 miles",Hungary,Flatbed Trucks,Mercedes-Benz Actros 2546 6x2 Palfinger PK 53002 Crane Winch,https://www.mascus.com/transportation/flatbed-dropside-trucks/mercedes-benz-actros-2546-6x2-palfinger-pk-53002-crane-winch/hg7l6sds.html
Mack GR 84 FR,Company,2021,"182,000 miles",United States,Dump Trucks,Mack GR 84 FR,https://www.mascus.com/transportation/tipper-trucks/mack-gr-84-fr/fi8nao5o.html
Kenworth T880,Company,2017,"477,242 miles",United States,Dump Trucks,Kenworth T880,https://www.mascus.com/transportation/tipper-trucks/kenworth-t880/eu3iih6r.html
Scania R490,Company,2016,"673,300 miles",Germany,Other Trucks,Scania R490,https://www.mascus.com/transportation/other-trucks/scania-r490/5m9nbrct.html
Howo 371 6x4,Company,2024,"4,692 miles",China,Dump Trucks,Howo 371 6x4,https://www.mascus.com/transportation/tipper-trucks/howo-371-6x4/focpchfk.html
Volvo FL240,Company,2017,"110,138 miles",Denmark,Curtain Side Trucks,Volvo FL240,https://www.mascus.com/transportation/curtainsider-trucks/volvo-fl240/3o4hhleh.html
Ford F-450,Company,2016,"134,388 miles",United States,Flatbed Trucks,Ford F-450,https://www.mascus.com/transportation/flatbed-dropside-trucks/ford-f-450/go8fchfn.html
Peterbilt 365,Company,2009,,United States,Dump Trucks,Peterbilt 365,https://www.mascus.com/transportation/tipper-trucks/peterbilt-365/aidn3hio.html
Renault D 280 D 4X2 Palfinger PKG12001 Crane Kran 2-Way Ti,Company,2008,"203,591 miles",Netherlands,Dump Trucks,Renault D 280 D 4X2 Palfinger PKG12001 Crane Kran 2-way Ti,https://www.mascus.com/transportation/tipper-trucks/renault-d-280-d-4x2-palfinger-pkg12001-crane-kran-2-way-ti/4k6u6hcl.html
"Scania G 410 Kipper 4,90m * HMF 1643 + FUNK *6x4",Company,,"122,410 miles",Hungary,Dump Trucks,"Scania G 410 Kipper 4,90m * HMF 1643 + FUNK *6x4",https://www.mascus.com/transportation/tipper-trucks/scania-g-410-kipper-4-90m-hmf-1643-funk-6x4/ep6q6tdt.html
Volvo FH 13,Company,2013,"757,948 miles",Finland,Box trucks,Volvo FH 13,https://www.mascus.com/transportation/box-body-trucks/volvo-fh-13/gkguhngu.html
Ford F-350 Super Duty,Company,2013,,United States,Other Trucks,Ford F-350 Super Duty,https://www.mascus.com/transportation/other-trucks/ford-f-350-super-duty/ehhq5tfn.html
Scania T420 6x2 M. Filter,Company,2003,"662,381 miles",Denmark,Box trucks,Scania T420 6x2 m. filter,https://www.mascus.com/transportation/box-body-trucks/scania-t420-6x2-m-filter/dpiqgleh.html
Iveco X-Way 570,Company,2022,"165,285 miles",France,Other Trucks,Iveco X-Way 570,https://www.mascus.com/transportation/other-trucks/iveco-x-way-570/itfsbfek.html
Iveco Eurocargo 180E320 4X2 NEW! 18T Chassis 2017 Produc,Company,2017,7 miles,Netherlands,Cab & Chassis Trucks,Iveco Eurocargo 180E320 4X2 NEW! 18T chassis 2017 produc,https://www.mascus.com/transportation/chassis-cab-trucks/iveco-eurocargo-180e320-4x2-new-18t-chassis-2017-produc/7kcheqcr.html
Renault Master 110 DCI L2H2,Company,2017,"96,313 miles",Hungary,Other Trucks,Renault Master 110 DCI L2H2,https://www.mascus.com/transportation/other-trucks/renault-master-110-dci-l2h2/esipdjgk.html
Kenworth T800,Company,2012,"69,140 miles",United States,Tank Trucks,Kenworth T800,https://www.mascus.com/transportation/tank-trucks/kenworth-t800/bmikcm5n.html
Iveco Eurocargo 160-250,Company,2017,"551,777 miles",Denmark,Reefer Trucks,Iveco Eurocargo 160-250,https://www.mascus.com/transportation/temperature-controlled-trucks/iveco-eurocargo-160-250/hi8j4t5s.html
Howo 371 6x4,Company,2025,"4,039 miles",China,Dump Trucks,Howo 371 6x4,https://www.mascus.com/transportation/tipper-trucks/howo-371-6x4/gu5kdo6m.html
Scania R 410 Durchlade-Kofferzug 2xLBW Lenkachse Retard,Company,2018,"134,340 miles",Germany,Box trucks,Scania R 410 Durchlade-Kofferzug 2xLBW Lenkachse Retard,https://www.mascus.com/transportation/box-body-trucks/scania-r-410-durchlade-kofferzug-2xlbw-lenkachse-retard/5mff3s7p.html
Mercedes-Benz Axor 1829 + Fassi 135 Flygip,Company,2013,"281,481 miles",Belgium,Flatbed Trucks,Mercedes-Benz Axor 1829 + Fassi 135 Flygip,https://www.mascus.com/transportation/flatbed-dropside-trucks/mercedes-benz-axor-1829-fassi-135-flygip/bpam6ido.html
Hino 195,Company,2019,"166,981 miles",United States,Reefer Trucks,Hino 195,https://www.mascus.com/transportation/temperature-controlled-trucks/hino-195/gp5mbh3n.html
Volvo FH16 750 FH 10X4 Full Air Suspension 10x4 Chassis,Company,2023,"472,524 miles",Netherlands,Cab & Chassis Trucks,Volvo FH16 750 FH 10X4 Full Air suspension 10x4 chassis,https://www.mascus.com/transportation/chassis-cab-trucks/volvo-fh16-750-fh-10x4-full-air-suspension-10x4-chassis/3heqdtcg.html
Freightliner M2106,Company,2006,"31,448 miles",United States,Boom / Crane / Bucket Trucks,Freightliner M2106,https://www.mascus.com/transportation/crane-trucks/freightliner-m2106/fk8oan4g.html
GMC Savana 3500,Company,2024,"74,399 miles",United States,Reefer Trucks,GMC Savana 3500,https://www.mascus.com/transportation/temperature-controlled-trucks/gmc-savana-3500/6rdigf4r.html
Mercedes-Benz Arocs,Company,2013,"120,276 miles",France,Concrete Trucks,Mercedes-Benz Arocs,https://www.mascus.com/transportation/concrete-trucks/mercedes-benz-arocs/4o6het5j.html
"Trail King Industries, Inc. TK80HT",Company,2016,,United States,Other Trucks,"Trail King Industries, Inc. TK80HT",https://www.mascus.com/transportation/other-trucks/trail-king-industries-inc-tk80ht/imht8ffl.html
GMC 3500,Company,2017,"94,087 miles",United States,Box trucks,GMC 3500,https://www.mascus.com/transportation/box-body-trucks/gmc-3500/br5likaj.html
Ford F-750,Company,2010,"271,302 miles",United States,Flatbed Trucks,Ford F-750,https://www.mascus.com/transportation/flatbed-dropside-trucks/ford-f-750/6qhf6o6n.html
Kenworth W900,Company,2005,,United States,Other Trucks,Kenworth W900,https://www.mascus.com/transportation/other-trucks/kenworth-w900/6pelen3p.html
Mack MD7,Company,2026,10 miles,United States,Cab & Chassis Trucks,Mack MD7,https://www.mascus.com/transportation/chassis-cab-trucks/mack-md7/apbs8kig.html
Scania P 450 B6X2NB - CARRIER SUPRA 1250MT,Company,2020,"383,572 miles",Estonia,Reefer Trucks,Scania P 450 B6X2NB - CARRIER SUPRA 1250MT,https://www.mascus.com/transportation/temperature-controlled-trucks/scania-p-450-b6x2nb-carrier-supra-1250mt/8m3m6j5m.html
Grove IRON FAIRY SAPHIRE,Company,,,Netherlands,Boom / Crane / Bucket Trucks,Grove IRON FAIRY SAPHIRE,https://www.mascus.com/transportation/crane-trucks/grove-iron-fairy-saphire/etemiheq.html
Volvo FH 16 650 8x4*4 FOR SALE AS CHASSIS,Company,2020,"496,648 miles",Estonia,Cab & Chassis Trucks,Volvo FH 16 650 8x4*4 FOR SALE AS CHASSIS,https://www.mascus.com/transportation/chassis-cab-trucks/volvo-fh-16-650-8x4-4-for-sale-as-chassis/ifhn5lfu.html
Western Star 4900SF,Company,2013,,United States,Other Trucks,Western Star 4900SF,https://www.mascus.com/transportation/other-trucks/western-star-4900sf/6phuak8f.html
Iveco Eurocargo 120 EL 210hp / Fassi 80A Year 2012 //Tip,Company,2002,"254,141 miles",Denmark,Boom / Crane / Bucket Trucks,Iveco Eurocargo 120 EL 210hp / Fassi 80A Year 2012 //Tip,https://www.mascus.com/transportation/crane-trucks/iveco-eurocargo-120-el-210hp-fassi-80a-year-2012-tip/akitelbh.html
Renault T 380 / 6 X 2 / SKRZYNIOWY + HDS / HIAB 302 E-5 /,Company,,"142,915 miles",Hungary,Flatbed Trucks,Renault T 380 / 6 X 2 / SKRZYNIOWY + HDS / HIAB 302 E-5 /,https://www.mascus.com/transportation/flatbed-dropside-trucks/renault-t-380-6-x-2-skrzyniowy-hds-hiab-302-e-5/ig8hduak.html
Mercedes-Benz SPRINTER 514 BASCULANTE**POCO USO**,Company,2021,"45,360 miles",Spain,Wood Chippers,Mercedes-Benz SPRINTER 514 BASCULANTE**POCO USO**,https://www.mascus.com/transportation/wood-chip-trucks/mercedes-benz-sprinter-514-basculante-poco-uso/amin7qdr.html
Volvo TRUCK VNL64TV04,Company,2027,,United States,Other Trucks,Volvo TRUCK VNL64TV04,https://www.mascus.com/transportation/other-trucks/volvo-truck-vnl64tv04/flgqbuhk.html
Iveco Stralis 260.46 Stralis 260SY46 FASSI F195AC,Company,2017,"431,045 miles",Italy,Dump Trucks,Iveco Stralis 260.46 Stralis 260SY46 FASSI F195AC,https://www.mascus.com/transportation/tipper-trucks/iveco-stralis-260-46-stralis-260sy46-fassi-f195ac/4nas6p3o.html
Renault Midlum 220 Midlum 4X2 NL-Truck Manual Cruise Contr,Company,2008,"204,915 miles",Netherlands,Box trucks,Renault Midlum 220 Midlum 4X2 NL-Truck Manual Cruise Contr,https://www.mascus.com/transportation/box-body-trucks/renault-midlum-220-midlum-4x2-nl-truck-manual-cruise-contr/6hdu6j5l.html
Hino 195,Company,2019,"179,409 miles",United States,Box trucks,Hino 195,https://www.mascus.com/transportation/box-body-trucks/hino-195/epgifg9k.html
Mitsubishi Fuso Fighter FN600 6x2 Curtain Side Truck,Company,2006,,Australia,Curtain Side Trucks,Mitsubishi Fuso Fighter FN600 6x2 Curtain Side Truck,https://www.mascus.com/transportation/curtainsider-trucks/mitsubishi-fuso-fighter-fn600-6x2-curtain-side-truck/9pfihgbo.html
MAN 41.463 HEAVY DUTY,Company,1997,,Lithuania,Dump Trucks,MAN 41.463 HEAVY DUTY,https://www.mascus.com/transportation/tipper-trucks/man-41-463-heavy-duty/dtdl3k5t.html
Mercedes-Benz 818K Meiller/2xAHK/3-Seiten,Company,2023,"1,064 miles",Germany,Dump Trucks,Mercedes-Benz 818K Meiller/2xAHK/3-Seiten,https://www.mascus.com/transportation/tipper-trucks/mercedes-benz-818k-meiller-2xahk-3-seiten/3p8p6fgl.html
Volvo FM 330 6x4 Hiab 11 Tonmeter Laadkraan Just 27.844,Company,2010,"17,301 miles",Netherlands,Hook lift trucks,Volvo FM 330 6x4 Hiab 11 Tonmeter laadkraan Just 27.844,https://www.mascus.com/transportation/hook-lift-trucks/volvo-fm-330-6x4-hiab-11-tonmeter-laadkraan-just-27-844/5k9h8m4m.html
Peterbilt 357,Company,2006,,United States,Other Trucks,Peterbilt 357,https://www.mascus.com/transportation/other-trucks/peterbilt-357/ihdodhbr.html
Volvo FMX 330 4X2 Palfinger PK16001 Crane Kran Automatic,Company,2012,"240,090 miles",Netherlands,Flatbed Trucks,Volvo FMX 330 4X2 Palfinger PK16001 Crane Kran Automatic,https://www.mascus.com/transportation/flatbed-dropside-trucks/volvo-fmx-330-4x2-palfinger-pk16001-crane-kran-automatic/fu8tifel.html
Iveco 260.30 AHW 6X6 URUS 307 UN,Company,1987,"247,073 miles",Austria,Log trucks,Iveco 260.30 AHW 6X6 URUS 307 UN,https://www.mascus.com/transportation/timber-trucks/iveco-260-30-ahw-6x6-urus-307-un/8j8u6s6u.html
Scania R650 V8 6X2 MET VDL HAAKARM,Company,2019,"598,495 miles",Netherlands,Hook lift trucks,Scania R650 V8 6X2 MET VDL HAAKARM,https://www.mascus.com/transportation/hook-lift-trucks/scania-r650-v8-6x2-met-vdl-haakarm/3q7g3k3i.html
Mercedes-Benz Actros 4140 Bomba De Hormigón Schwing 42,Company,1999,,Spain,Concrete Trucks,Mercedes-Benz Actros 4140 Bomba de hormigón Schwing 42,https://www.mascus.com/transportation/concrete-trucks/mercedes-benz-actros-4140-bomba-de-hormigon-schwing-42/cugg9u9k.html
International 4400,Company,2016,,United States,Flatbed Trucks,International 4400,https://www.mascus.com/transportation/flatbed-dropside-trucks/international-4400/dthpgl7r.html
Scania R 590 8x4*4 Tridem Chassi,Company,2026,62 miles,Sweden,Cab & Chassis Trucks,Scania R 590 8x4*4 Tridem chassi,https://www.mascus.com/transportation/chassis-cab-trucks/scania-r-590-8x4-4-tridem-chassi/am4ubiei.html
International 4300,Company,2016,"358,200 miles",United States,Box trucks,International 4300,https://www.mascus.com/transportation/box-body-trucks/international-4300/9k9n9h5o.html
Volvo TRUCK VNL64TV04,Company,2027,,United States,Other Trucks,Volvo TRUCK VNL64TV04,https://www.mascus.com/transportation/other-trucks/volvo-truck-vnl64tv04/8qanglcp.html
Volvo FH 540,Company,2013,"528,165 miles",Estonia,Hook lift trucks,Volvo FH 540,https://www.mascus.com/transportation/hook-lift-trucks/volvo-fh-540/5s5u7men.html
MAN ΨΥΓΕΙΟ,Company,1994,"420,080 miles",Greece,Reefer Trucks,MAN ΨΥΓΕΙΟ,https://www.mascus.com/transportation/temperature-controlled-trucks/man-%CF%88%CF%85%CE%B3%CE%B5%CE%B9%CE%BF/bobhdn9h.html
DAF CF 75,Company,2009,"254,995 miles",Netherlands,Hook lift trucks,DAF CF 75,https://www.mascus.com/transportation/hook-lift-trucks/daf-cf-75/hh6odu8n.html
Howo 371 6x4,Company,2025,"4,039 miles",China,Dump Trucks,Howo 371 6x4,https://www.mascus.com/transportation/tipper-trucks/howo-371-6x4/hjfgcudf.html
Kipper Aufbau Skibicki - Neu,Company,,,Germany,Dump Trucks,Kipper Aufbau Skibicki - neu,https://www.mascus.com/transportation/tipper-trucks/kipper-aufbau-skibicki-neu/bicrfhik.html
GMC Savana G3500,Company,2024,"32,385 miles",United States,Reefer Trucks,GMC Savana G3500,https://www.mascus.com/transportation/temperature-controlled-trucks/gmc-savana-g3500/4jai5fdk.html
Mack PINNACLE 64R,Company,2026,"1,482 miles",United States,Dump Trucks,Mack PINNACLE 64R,https://www.mascus.com/transportation/tipper-trucks/mack-pinnacle-64r/8m8r8shj.html
Renault D 7.5 4x2 ONLY 34247 Km ! / BOX L=6309 Mm,Company,2016,"21,280 miles",Estonia,Box trucks,Renault D 7.5 4x2 ONLY 34247 km ! / BOX L=6309 mm,https://www.mascus.com/transportation/box-body-trucks/renault-d-7-5-4x2-only-34247-km-box-l-6309-mm/fu6n6l8q.html
Freightliner M2106,Company,2016,"240,987 miles",United States,Box trucks,Freightliner M2106,https://www.mascus.com/transportation/box-body-trucks/freightliner-m2106/bj7kctbo.html
Volvo FMX 500 8x4 TRIDEM HOOKLIFT + CRANE HMF 2320 K4 -,Company,2023,"31,534 miles",Netherlands,Hook lift trucks,Volvo FMX 500 8x4 TRIDEM HOOKLIFT + CRANE HMF 2320 K4 -,https://www.mascus.com/transportation/hook-lift-trucks/volvo-fmx-500-8x4-tridem-hooklift-crane-hmf-2320-k4/as7m6fbt.html
Mack GR84F,Company,2019,"271,371 miles",United States,Dump Trucks,Mack GR84F,https://www.mascus.com/transportation/tipper-trucks/mack-gr84f/ar5uetht.html
Freightliner M2 106,Company,2004,,United States,Box trucks,Freightliner M2 106,https://www.mascus.com/transportation/box-body-trucks/freightliner-m2-106/3odmhg5g.html
Ford F-350,Company,2018,"112,943 miles",United States,Dump Trucks,Ford F-350,https://www.mascus.com/transportation/tipper-trucks/ford-f-350/5lgl9ggr.html
Ford F-450 4x2 Flatbed Truck,Company,2012,"236,586 miles",United States,Flatbed Trucks,Ford F-450 4x2 Flatbed Truck,https://www.mascus.com/transportation/flatbed-dropside-trucks/ford-f-450-4x2-flatbed-truck/9ffq5u8l.html
Volvo FMX 420 6x2*4 9 TON FRONT AXLE / PTO / CHASSIS L=7,Company,2021,"162,743 miles",Estonia,Cab & Chassis Trucks,Volvo FMX 420 6x2*4 9 TON FRONT AXLE / PTO / CHASSIS L=7,https://www.mascus.com/transportation/chassis-cab-trucks/volvo-fmx-420-6x2-4-9-ton-front-axle-pto-chassis-l-7/7mcgareg.html
Scania P280,Company,2013,"181,982 miles",Netherlands,Tank Trucks,Scania P280,https://www.mascus.com/transportation/tank-trucks/scania-p280/efesfj8n.html
Scania R 560,Company,2011,"515,117 miles",Finland,Hook lift trucks,Scania R 560,https://www.mascus.com/transportation/hook-lift-trucks/scania-r-560/ht6sdqag.html
"International MV607, 20' Flatbed, Donkey Forklift Mount",Company,2020,"109,267 miles",United States,Flatbed Trucks,"International MV607, 20' Flatbed, Donkey Forklift Mount",https://www.mascus.com/transportation/flatbed-dropside-trucks/international-mv607-20-flatbed-donkey-forklift-mount/3nembggl.html
"MAN TGS 26.420, Palfinger,PK 23001L, Lift-Lenk",Company,2019,"154,804 miles",Germany,Boom / Crane / Bucket Trucks,"MAN TGS 26.420, Palfinger,PK 23001L, Lift-Lenk",https://www.mascus.com/transportation/crane-trucks/man-tgs-26-420-palfinger-pk-23001l-lift-lenk/8qiu9phi.html
Scania P450 8x4 Tulossa,Company,2021,"59,962 miles",Finland,Hook lift trucks,Scania P450 8x4 Tulossa,https://www.mascus.com/transportation/hook-lift-trucks/scania-p450-8x4-tulossa/apaj9s6n.html
Volvo FH16 600 6X4 LL I-Shift Kran Epsilon M120Z,Company,2013,"338,510 miles",Austria,Log trucks,Volvo FH16 600 6X4 LL I-shift Kran Epsilon M120Z,https://www.mascus.com/transportation/timber-trucks/volvo-fh16-600-6x4-ll-i-shift-kran-epsilon-m120z/8neudoap.html
Renault D 16 / 280 / ACC / E 6 / BURTOFIRANKA + WINDA /,Company,2017,"149,129 miles",Poland,Curtain Side Trucks,Renault D 16 / 280 / ACC / E 6 / BURTOFIRANKA + WINDA /,https://www.mascus.com/transportation/curtainsider-trucks/renault-d-16-280-acc-e-6-burtofiranka-winda/4fhtgpbk.html
Mercedes-Benz Actros 3246 BB/ Dautel/ Bordmatik,Company,2009,"317,250 miles",Germany,Dump Trucks,Mercedes-Benz Actros 3246 BB/ Dautel/ Bordmatik,https://www.mascus.com/transportation/tipper-trucks/mercedes-benz-actros-3246-bb-dautel-bordmatik/4f9lau5o.html
Freightliner M2 106,Company,2007,"146,181 miles",United States,Dump Trucks,Freightliner M2 106,https://www.mascus.com/transportation/tipper-trucks/freightliner-m2-106/ffhoao5g.html
MAN TGS 41.500,Company,2019,,Italy,Concrete Trucks,MAN TGS 41.500,https://www.mascus.com/transportation/concrete-trucks/man-tgs-41-500/enag8s8s.html
Peterbilt 567,Company,2026,"1,366 miles",United States,Dump Trucks,Peterbilt 567,https://www.mascus.com/transportation/tipper-trucks/peterbilt-567/ehgi7q6g.html
Volvo FH 460 I SAVE * LIFTACHSE * ALCOA *KOMPLETT *,Company,2021,"203,188 miles",Germany,Farm and Grain Trucks,Volvo FH 460 I SAVE * LIFTACHSE * ALCOA *KOMPLETT *,https://www.mascus.com/transportation/farm---grain-trucks/volvo-fh-460-i-save-liftachse-alcoa-komplett/drft3lcl.html
"Mercedes-Benz 4140 AK Actros 8x8, Meiler, Allrad, 4x Am Lager",Company,2000,,Germany,Dump Trucks,"Mercedes-Benz 4140 AK Actros 8x8, Meiler, Allrad, 4x am Lager",https://www.mascus.com/transportation/tipper-trucks/mercedes-benz-4140-ak-actros-8x8-meiler-allrad-4x-am-lager/7ffq6ncn.html
GMC C6000,Company,1995,,United States,Flatbed Trucks,GMC C6000,https://www.mascus.com/transportation/flatbed-dropside-trucks/gmc-c6000/dnfffr6n.html
MAN TGS18.320,Company,2009,"130,781 miles",France,Dump Trucks,MAN TGS18.320,https://www.mascus.com/transportation/tipper-trucks/man-tgs18-320/5j3j4jas.html
Renault D240.16,Company,2015,"221,208 miles",Spain,Reefer Trucks,Renault D240.16,https://www.mascus.com/transportation/temperature-controlled-trucks/renault-d240-16/dlhl4odn.html
Volvo FMX 500 Volvo FMX13 500 8X4 Euro6 L13 EuromixMTP E,Company,2026,,Germany,Concrete Trucks,Volvo FMX 500 Volvo FMX13 500 8X4 Euro6 L13 EuromixMTP E,https://www.mascus.com/transportation/concrete-trucks/volvo-fmx-500-volvo-fmx13-500-8x4-euro6-l13-euromixmtp-e/bgek6thq.html
Mercedes-Benz Atego 1630 AK 4x4,Company,,556 miles,Germany,Dump Trucks,Mercedes-Benz Atego 1630 AK 4x4,https://www.mascus.com/transportation/tipper-trucks/mercedes-benz-atego-1630-ak-4x4/6fcnft9j.html
Iveco Eurocargo 80E190 4X2 8tonner Manual 1500kg Tailgat,Company,2016,"190,973 miles",Netherlands,Box trucks,Iveco Eurocargo 80E190 4X2 8tonner Manual 1500kg Tailgat,https://www.mascus.com/transportation/box-body-trucks/iveco-eurocargo-80e190-4x2-8tonner-manual-1500kg-tailgat/5p6n3s5j.html
Ford F-350,Company,1985,"60,551 miles",United States,Wood Chippers,Ford F-350,https://www.mascus.com/transportation/wood-chip-trucks/ford-f-350/fq8o5jen.html
International 2674,Company,1996,"83,250 miles",United States,Tank Trucks,International 2674,https://www.mascus.com/transportation/tank-trucks/international-2674/fneu8lhj.html
Western Star 4900SB 8x6 Grain Truck,Company,2015,,Canada,Farm and Grain Trucks,Western Star 4900SB 8x6 Grain Truck,https://www.mascus.com/transportation/farm---grain-trucks/western-star-4900sb-8x6-grain-truck/dl8teren.html
Scania R 580 B8x4/4NA,Company,2022,"311,928 miles",Finland,Log trucks,Scania R 580 B8x4/4NA,https://www.mascus.com/transportation/timber-trucks/scania-r-580-b8x4-4na/8jgq6mhj.html
Volvo FH16 8x4 Globetrotter Royal Timber Truck W/Loglift,Company,2023,"83,207 miles",Norway,Log trucks,Volvo FH16 8x4 Globetrotter Royal timber truck w/Loglift,https://www.mascus.com/transportation/timber-trucks/volvo-fh16-8x4-globetrotter-royal-timber-truck-w-loglift/ah4tfs6i.html
Hino L6,Company,2026,"93,555 miles",United States,Box trucks,Hino L6,https://www.mascus.com/transportation/box-body-trucks/hino-l6/iu7f8m9m.html
MAN TGA 41.480 TGA 8X8 8x8 Full Steel Manual Gearbox B,Company,2002,"352,265 miles",Netherlands,Dump Trucks,MAN TGA 41.480 TGA 8X8 8x8 Full Steel Manual Gearbox B,https://www.mascus.com/transportation/tipper-trucks/man-tga-41-480-tga-8x8-8x8-full-steel-manual-gearbox-b/ilhpdlgn.html
Mack CV513,Company,,,,,,https://www.mascus.com/transportation/other-trucks/mack-cv513/6ggf5jgo.html
"Kenworth T800, Tandem Axle 26' Curtain Side",Company,2001,"701,191 miles",United States,Other Trucks,"Kenworth T800, Tandem Axle 26' Curtain Side",https://www.mascus.com/transportation/other-trucks/kenworth-t800-tandem-axle-26-curtain-side/coeh7kct.html
Mack GU813,Company,2012,,Colombia,Dump Trucks,Mack GU813,https://www.mascus.com/transportation/tipper-trucks/mack-gu813/7j7pcg4n.html
Kenworth T800,Company,2020,"284,819 miles",Canada,Dump Trucks,Kenworth T800,https://www.mascus.com/transportation/tipper-trucks/kenworth-t800/crcm4k6s.html
Fiat Ducato 35 Pritsche Plane 180 Schlafkab. Klima,Company,2024,"53,169 miles",Germany,Curtain Side Trucks,Fiat Ducato 35 Pritsche Plane 180 Schlafkab. Klima,https://www.mascus.com/transportation/curtainsider-trucks/fiat-ducato-35-pritsche-plane-180-schlafkab-klima/gndk9oel.html
MAN TGA 26.350,Company,2005,"338,504 miles",Hungary,Boom / Crane / Bucket Trucks,MAN TGA 26.350,https://www.mascus.com/transportation/crane-trucks/man-tga-26-350/bhdqdfdt.html
MAN ME 250 B 4x4 Daycab Euro 3 - ATM Tipper + Palfinge,Company,2001,"137,094 miles",Netherlands,Dump Trucks,MAN ME 250 B 4x4 Daycab Euro 3 - ATM Tipper + Palfinge,https://www.mascus.com/transportation/tipper-trucks/man-me-250-b-4x4-daycab-euro-3-atm-tipper-palfinge/ffepbr9m.html
International LT,Company,2021,"348,112 miles",United States,Dump Trucks,International LT,https://www.mascus.com/transportation/tipper-trucks/international-lt/guclamcg.html
Iveco EuroCargo 190 **190 320-BELGIAN TRUCK-DAMAGE**,Company,2017,"288,748 miles",Belgium,Box trucks,Iveco EuroCargo 190 **190 320-BELGIAN TRUCK-DAMAGE**,https://www.mascus.com/transportation/box-body-trucks/iveco-eurocargo-190-190-320-belgian-truck-damage/frcggpen.html
Mercedes-Benz Sprinter 3.14 CDI Euro 6 Just 14.139 Km!,Company,2019,"8,786 miles",Netherlands,Flatbed Trucks,Mercedes-Benz Sprinter 3.14 CDI Euro 6 Just 14.139 km!,https://www.mascus.com/transportation/flatbed-dropside-trucks/mercedes-benz-sprinter-3-14-cdi-euro-6-just-14-139-km/im7marbf.html
DAF CF 330 6X2 VDL 20-6200 Palfinger PK 22002-EH Kran,Company,2014,"252,122 miles",Netherlands,Hook lift trucks,DAF CF 330 6X2 VDL 20-6200 Palfinger PK 22002-EH Kran,https://www.mascus.com/transportation/hook-lift-trucks/daf-cf-330-6x2-vdl-20-6200-palfinger-pk-22002-eh-kran/6t9s3f8u.html
Howo 375 6x4,Company,2024,"4,698 miles",China,Dump Trucks,Howo 375 6x4,https://www.mascus.com/transportation/tipper-trucks/howo-375-6x4/hg9g4ncg.html
Mercedes-Benz Atego 1223 L LBW 2.000kg Tür Spoiler Klima,Company,2023,"45,023 miles",Germany,Box trucks,Mercedes-Benz Atego 1223 L LBW 2.000kg Tür Spoiler Klima,https://www.mascus.com/transportation/box-body-trucks/mercedes-benz-atego-1223-l-lbw-2-000kg-tur-spoiler-klima/8nfkfodt.html
Freightliner M2106,Company,2018,"192,730 miles",United States,Box trucks,Freightliner M2106,https://www.mascus.com/transportation/box-body-trucks/freightliner-m2106/9hbu3fhs.html
Chevrolet 3500 HD,Company,2019,,United States,Flatbed Trucks,Chevrolet 3500 HD,https://www.mascus.com/transportation/flatbed-dropside-trucks/chevrolet-3500-hd/aqfiggej.html
Howo 371 6x4,Company,2025,"2,796 miles",China,Dump Trucks,Howo 371 6x4,https://www.mascus.com/transportation/tipper-trucks/howo-371-6x4/ikgtau9t.html
Kenworth T800,Company,1995,,United States,Dump Trucks,Kenworth T800,https://www.mascus.com/transportation/tipper-trucks/kenworth-t800/3m4o5k9u.html
Freightliner M2 106,Company,2018,"237,821 miles",United States,Box trucks,Freightliner M2 106,https://www.mascus.com/transportation/box-body-trucks/freightliner-m2-106/9s6ggr7p.html
MAN TGS 26.400 6x2-2 BL / Euro 5 / ADR,Company,2010,"407,168 miles",Netherlands,Cab & Chassis Trucks,MAN TGS 26.400 6x2-2 BL / Euro 5 / ADR,https://www.mascus.com/transportation/chassis-cab-trucks/man-tgs-26-400-6x2-2-bl-euro-5-adr/dr9niqfl.html
MAN TG-S 26.460,Company,,"198,723 miles",Hungary,Hook lift trucks,MAN TG-S 26.460,https://www.mascus.com/transportation/hook-lift-trucks/man-tg-s-26-460/4jef3nii.html
Mercedes-Benz ACTROS 2127 1827 AIRCO TAILLIFT,Company,2019,"446,357 miles",Netherlands,Box trucks,Mercedes-Benz ACTROS 2127 1827 AIRCO TAILLIFT,https://www.mascus.com/transportation/box-body-trucks/mercedes-benz-actros-2127-1827-airco-taillift/9o7h7nht.html
DAF CF 260 19T TAILLIFT AIRCO,Company,2020,"274,131 miles",Netherlands,Curtain Side Trucks,DAF CF 260 19T TAILLIFT AIRCO,https://www.mascus.com/transportation/curtainsider-trucks/daf-cf-260-19t-taillift-airco/4geg5lfu.html
Mercedes-Benz Actros 3236 8x4 Camion Benne Tri/A Dump Truck,Company,2006,"377,835 miles",France,Dump Trucks,Mercedes-Benz Actros 3236 8x4 Camion Benne Tri/A Dump Truck,https://www.mascus.com/transportation/tipper-trucks/mercedes-benz-actros-3236-8x4-camion-benne-tri-a-dump-truck/3qdq3let.html
Freightliner M2 112,Company,2017,"227,024 miles",United States,Box trucks,Freightliner M2 112,https://www.mascus.com/transportation/box-body-trucks/freightliner-m2-112/9japci7g.html
Volvo FH 16 660,Company,2015,"509,524 miles",Finland,Dump Trucks,Volvo FH 16 660,https://www.mascus.com/transportation/tipper-trucks/volvo-fh-16-660/brctgr3t.html
Chevrolet Express G3500,Company,2024,"51,924 miles",United States,Reefer Trucks,Chevrolet Express G3500,https://www.mascus.com/transportation/temperature-controlled-trucks/chevrolet-express-g3500/4ods9u9s.html
MAN 35.414 * PALFINGER PK 36002 +FUNK / 8x6,Company,,"108,740 miles",Hungary,Dump Trucks,MAN 35.414 * PALFINGER PK 36002 +FUNK / 8x6,https://www.mascus.com/transportation/tipper-trucks/man-35-414-palfinger-pk-36002-funk-8x6/3gilikci.html
"MAN 35.420 TGS HIAB 228ES-5,8x2*6",Company,2018,"170,801 miles",Netherlands,Flatbed Trucks,"MAN 35.420 TGS HIAB 228ES-5,8x2*6",https://www.mascus.com/transportation/flatbed-dropside-trucks/man-35-420-tgs-hiab-228es-5-8x2-6/fg7qethq.html
Volvo FM 500 FM 6X2 Full Air 20t Hooklift Lift Axle Euro,Company,2016,"340,414 miles",Netherlands,Hook lift trucks,Volvo FM 500 FM 6X2 Full Air 20t Hooklift Lift Axle Euro,https://www.mascus.com/transportation/hook-lift-trucks/volvo-fm-500-fm-6x2-full-air-20t-hooklift-lift-axle-euro/8gcscjas.html
Ford F 750 SD,Company,2016,,United States,Boom / Crane / Bucket Trucks,Ford F 750 SD,https://www.mascus.com/transportation/crane-trucks/ford-f-750-sd/8f5sbmbo.html
DAF XF 105,Company,2013,"474,847 miles",Netherlands,Flatbed Trucks,DAF XF 105,https://www.mascus.com/transportation/flatbed-dropside-trucks/daf-xf-105/8figgm9f.html
Morgan 22 Foot,Company,2015,,United States,Other Trucks,Morgan 22 Foot,https://www.mascus.com/transportation/other-trucks/morgan-22-foot/gs5ual5s.html
Mack GR64B,Company,2027,,United States,Dump Trucks,Mack GR64B,https://www.mascus.com/transportation/tipper-trucks/mack-gr64b/dlci5j4h.html
Ford Transit 350 Doka 3 Seiten Kipper L4 Trend AHK KA,Company,2025,16 miles,Germany,Dump Trucks,Ford Transit 350 Doka 3 Seiten Kipper L4 Trend AHK KA,https://www.mascus.com/transportation/tipper-trucks/ford-transit-350-doka-3-seiten-kipper-l4-trend-ahk-ka/4lendt7r.html
Howo 371 6x4,Company,2024,"5,313 miles",China,Dump Trucks,Howo 371 6x4,https://www.mascus.com/transportation/tipper-trucks/howo-371-6x4/in6ncnhj.html
RAM 5500,Company,2016,"100,256 miles",United States,Flatbed Trucks,RAM 5500,https://www.mascus.com/transportation/flatbed-dropside-trucks/ram-5500/3q8ucicr.html
DAF CF 75.310 + MAGYAR 14000L/ 4COMP,Company,2013,"266,230 miles",Belgium,Tank Trucks,DAF CF 75.310 + MAGYAR 14000L/ 4COMP,https://www.mascus.com/transportation/tank-trucks/daf-cf-75-310-magyar-14000l-4comp/bkfl5odm.html
International 7600,Company,2006,"178,602 miles",Canada,Boom / Crane / Bucket Trucks,International 7600,https://www.mascus.com/transportation/crane-trucks/international-7600/6i8k7sin.html
Ford LN7000,Company,1981,"61,936 miles",United States,Dump Trucks,Ford LN7000,https://www.mascus.com/transportation/tipper-trucks/ford-ln7000/at5rbr4n.html
Howo 371 6x4,Company,2024,"5,282 miles",China,Dump Trucks,Howo 371 6x4,https://www.mascus.com/transportation/tipper-trucks/howo-371-6x4/3rgrhkck.html
Scania P 280,Company,2009,"205,052 miles",Finland,Cab & Chassis Trucks,Scania P 280,https://www.mascus.com/transportation/chassis-cab-trucks/scania-p-280/5sbq3l5u.html
"Avia D90 (4x2, Cummins)",Company,2005,"187,033 miles",Czech Republic,Hook lift trucks,"Avia D90 (4x2, Cummins)",https://www.mascus.com/transportation/hook-lift-trucks/avia-d90-4x2-cummins/9tdg5l9f.html
Carmix ONE,Company,2024,,Guatemala,Concrete Trucks,Carmix ONE,https://www.mascus.com/transportation/concrete-trucks/carmix-one/bkhkhp8f.html
Mack TE64,Company,2026,753 miles,United States,Other Trucks,Mack TE64,https://www.mascus.com/transportation/other-trucks/mack-te64/9j4fif7h.html
Volvo FMX 420 Euro 6 Palfinger 26 Tonmeter Laadkraan,Company,2014,"286,055 miles",Netherlands,Dump Trucks,Volvo FMX 420 Euro 6 Palfinger 26 Tonmeter laadkraan,https://www.mascus.com/transportation/tipper-trucks/volvo-fmx-420-euro-6-palfinger-26-tonmeter-laadkraan/esdpep4m.html
Freightliner M2 106,Company,2012,,United States,Box trucks,Freightliner M2 106,https://www.mascus.com/transportation/box-body-trucks/freightliner-m2-106/9sikiqct.html
Scania S 500 | 6x2 Palfinger PH53002-C I Leder*Retarder,Company,2023,"122,280 miles",Germany,Flatbed Trucks,Scania S 500 | 6x2 Palfinger PH53002-C I Leder*Retarder,https://www.mascus.com/transportation/flatbed-dropside-trucks/scania-s-500-6x2-palfinger-ph53002-c-i-leder-retarder/3idt7m5n.html
Howo 430 6x4,Company,2025,"2,983 miles",China,Dump Trucks,Howo 430 6x4,https://www.mascus.com/transportation/tipper-trucks/howo-430-6x4/gj9qfifr.html
Iveco AT190S46P 3 Way Tipper,Company,,"297,133 miles",Hungary,Dump Trucks,Iveco AT190S46P 3 Way Tipper,https://www.mascus.com/transportation/tipper-trucks/iveco-at190s46p-3-way-tipper/hrhmfpcl.html
Iveco AS260S58Y/FS CM 6x2 BDF-Multiwechsler,Company,2025,,Germany,Cab & Chassis Trucks,Iveco AS260S58Y/FS CM 6x2 BDF-Multiwechsler,https://www.mascus.com/transportation/chassis-cab-trucks/iveco-as260s58y-fs-cm-6x2-bdf-multiwechsler/7k8p6odq.html
Sisu SR 260 CKH 6x2,Company,1986,,Estonia,Forest machine transport trucks,Sisu SR 260 CKH 6x2,https://www.mascus.com/transportation/used-forest-machine-transport-trucks/sisu-sr-260-ckh-6x2/hpitbi9r.html
Volvo FH 540 4X2 GLOBETROTTER LL VEB+ I-PARK COOL 2015,Company,2015,"574,768 miles",Netherlands,Curtain Side Trucks,Volvo FH 540 4X2 GLOBETROTTER LL VEB+ I-PARK COOL 2015,https://www.mascus.com/transportation/curtainsider-trucks/volvo-fh-540-4x2-globetrotter-ll-veb-i-park-cool-2015/5g5rbrim.html
"Isuzu FTR 26' Box Truck With 4,400lb Liftgate",Company,2024,"32,321 miles",United States,Box trucks,"Isuzu FTR 26' Box Truck With 4,400lb Liftgate",https://www.mascus.com/transportation/box-body-trucks/isuzu-ftr-26-box-truck-with-4-400lb-liftgate/bsapcucu.html
MAN TGS 35.520 8X4 BL CH,Company,2026,311 miles,Denmark,Hook lift trucks,MAN TGS 35.520 8X4 BL CH,https://www.mascus.com/transportation/hook-lift-trucks/man-tgs-35-520-8x4-bl-ch/ho4r6s8i.html
Freightliner FL70,Company,1998,,United States,Box trucks,Freightliner FL70,https://www.mascus.com/transportation/box-body-trucks/freightliner-fl70/cu4n6o7r.html
Howo 371 6x4,Company,2025,"2,796 miles",China,Dump Trucks,Howo 371 6x4,https://www.mascus.com/transportation/tipper-trucks/howo-371-6x4/enekih4o.html
Iveco EUROCARGO 160 E22 / WYWROTKA 3 STRONNA / HYDROBURT,Company,2013,"225,558 miles",Hungary,Dump Trucks,Iveco EUROCARGO 160 E22 / WYWROTKA 3 STRONNA / HYDROBURT,https://www.mascus.com/transportation/tipper-trucks/iveco-eurocargo-160-e22-wywrotka-3-stronna-hydroburt/auefdo7f.html
Volvo FH 460 / Ohne Fernbedienung / Palfinger PK 21001,Company,2013,"374,948 miles",Germany,Boom / Crane / Bucket Trucks,Volvo FH 460 / Ohne Fernbedienung / Palfinger PK 21001,https://www.mascus.com/transportation/crane-trucks/volvo-fh-460-ohne-fernbedienung-palfinger-pk-21001/6jfpesar.html
Scania P410,Company,2016,"352,821 miles",United Kingdom,Dump Trucks,Scania P410,https://www.mascus.com/transportation/tipper-trucks/scania-p410/dfeq7mgu.html
Chevrolet Express G3500,Company,2024,"28,079 miles",United States,Reefer Trucks,Chevrolet Express G3500,https://www.mascus.com/transportation/temperature-controlled-trucks/chevrolet-express-g3500/9udtiqfo.html
MAN TGL 8.180 BL *Pritsche/Plane*Tautliner*Klima*,Company,2007,"205,278 miles",Germany,Curtain Side Trucks,MAN TGL 8.180 BL *Pritsche/Plane*Tautliner*Klima*,https://www.mascus.com/transportation/curtainsider-trucks/man-tgl-8-180-bl-pritsche-plane-tautliner-klima/ckbnhqcu.html
Volvo FM 13 440,Company,2006,"405,134 miles",Finland,Dump Trucks,Volvo FM 13 440,https://www.mascus.com/transportation/tipper-trucks/volvo-fm-13-440/ffdk6r7g.html
Freightliner Cascadia 113,Company,2013,,United States,Tank Trucks,Freightliner Cascadia 113,https://www.mascus.com/transportation/tank-trucks/freightliner-cascadia-113/5jgr4p5h.html
International HX620,Company,2020,,Canada,Dump Trucks,International HX620,https://www.mascus.com/transportation/tipper-trucks/international-hx620/hh3hfj9r.html
Kenworth T380,Company,2024,,United States,Tank Trucks,Kenworth T380,https://www.mascus.com/transportation/tank-trucks/kenworth-t380/fthngrci.html
Freightliner 114SD,Company,2021,"255,652 miles",United States,Flatbed Trucks,Freightliner 114SD,https://www.mascus.com/transportation/flatbed-dropside-trucks/freightliner-114sd/fp9gduhm.html
DAF CF,Company,2021,"88,369 miles",France,Dump Trucks,DAF CF,https://www.mascus.com/transportation/tipper-trucks/daf-cf/dnap7kfm.html
Iveco EUROCARGO / 180-250 / SKRZYNIOWY + HDS / HYVA HC,Company,2017,"142,915 miles",Poland,Boom / Crane / Bucket Trucks,Iveco EUROCARGO / 180-250 / SKRZYNIOWY + HDS / HYVA HC,https://www.mascus.com/transportation/crane-trucks/iveco-eurocargo-180-250-skrzyniowy-hds-hyva-hc/dt7q7h6h.html
MAN TGS 26.460 6x4BB|Palfinger M12L83 Kran*Bordmatik,Company,2019,"70,395 miles",Germany,Dump Trucks,MAN TGS 26.460 6x4BB|Palfinger M12L83 Kran*Bordmatik,https://www.mascus.com/transportation/tipper-trucks/man-tgs-26-460-6x4bb-palfinger-m12l83-kran-bordmatik/4gbsariq.html
Mercedes-Benz ACTROS 2542,Company,,"188,897 miles",Hungary,Hook lift trucks,Mercedes-Benz ACTROS 2542,https://www.mascus.com/transportation/hook-lift-trucks/mercedes-benz-actros-2542/gq8lcq4u.html
MAN TGM 18.250 + Carrier Supra 850 + Euro 6 + Lift +,Company,2016,"503,698 miles",Netherlands,Reefer Trucks,MAN TGM 18.250 + carrier supra 850 + euro 6 + lift +,https://www.mascus.com/transportation/temperature-controlled-trucks/man-tgm-18-250-carrier-supra-850-euro-6-lift/ages3ffs.html
"International MV607 24' Long Box Truck With Big 4,400lbs Rail Ga",Company,2021,,United States,Box trucks,"International MV607 24' Long Box Truck With Big 4,400lbs Rail Ga",https://www.mascus.com/transportation/box-body-trucks/international-mv607-24-long-box-truck-with-big-4-400lbs-rail-ga/hhgt3jeh.html
Renault D 16 / 250 / ACC / E 6 / FIRANKA + WINDA / ŁAD. 7,Company,,"50,952 miles",Hungary,Curtain Side Trucks,Renault D 16 / 250 / ACC / E 6 / FIRANKA + WINDA / ŁAD. 7,https://www.mascus.com/transportation/curtainsider-trucks/renault-d-16-250-acc-e-6-firanka-winda-lad-7/6iejauht.html
"Renault Kerax 370 6x4, Manual Transmission, Steel Suspensi",Company,2006,"265,947 miles",Netherlands,Dump Trucks,"Renault Kerax 370 6x4, Manual transmission, Steel suspensi",https://www.mascus.com/transportation/tipper-trucks/renault-kerax-370-6x4-manual-transmission-steel-suspensi/dohg7fdh.html
Marksman WTT500,Company,2012,,United States,Other Trucks,Marksman WTT500,https://www.mascus.com/transportation/other-trucks/marksman-wtt500/5j4udlfo.html
Scania R 114,Company,2000,"348,747 miles",Hungary,Boom / Crane / Bucket Trucks,Scania R 114,https://www.mascus.com/transportation/crane-trucks/scania-r-114/gmbi4fds.html
Mitsubishi Canter 7/800,Company,2013,"264,316 miles",Australia,Reefer Trucks,Mitsubishi Canter 7/800,https://www.mascus.com/transportation/temperature-controlled-trucks/mitsubishi-canter-7-800/7gakaqhq.html
Freightliner 114SD,Company,2019,"57,758 miles",United States,Boom / Crane / Bucket Trucks,Freightliner 114SD,https://www.mascus.com/transportation/crane-trucks/freightliner-114sd/3qdq3tdu.html
Mitsubishi Fuso Fighter FK600,Company,2014,"283,103 miles",Australia,Reefer Trucks,Mitsubishi Fuso Fighter FK600,https://www.mascus.com/transportation/temperature-controlled-trucks/mitsubishi-fuso-fighter-fk600/6f6l9rch.html
GMC Savana G3500,Company,2009,"185,160 miles",United States,Box trucks,GMC Savana G3500,https://www.mascus.com/transportation/box-body-trucks/gmc-savana-g3500/6tfqhlbm.html
Peterbilt 567,Company,2026,,United States,Dump Trucks,Peterbilt 567,https://www.mascus.com/transportation/tipper-trucks/peterbilt-567/7q7uifbi.html
Howo 371 6x4,Company,2024,"5,282 miles",China,Dump Trucks,Howo 371 6x4,https://www.mascus.com/transportation/tipper-trucks/howo-371-6x4/6gambgft.html
"Freightliner M2-106, Fuel / Lube Truck",Company,2023,"15,775 miles",United States,Tank Trucks,"Freightliner M2-106, Fuel / Lube Truck",https://www.mascus.com/transportation/tank-trucks/freightliner-m2-106-fuel-lube-truck/7qilbq4m.html
DAF CF75.250 4X2 EURO5 + FASSI F135A 25,Company,2011,"139,808 miles",Estonia,Boom / Crane / Bucket Trucks,DAF CF75.250 4X2 EURO5 + FASSI F135A 25,https://www.mascus.com/transportation/crane-trucks/daf-cf75-250-4x2-euro5-fassi-f135a-25/cpeoen4o.html
Isuzu GAS NRRGAS,Company,2026,,United States,Other Trucks,Isuzu GAS NRRGAS,https://www.mascus.com/transportation/other-trucks/isuzu-gas-nrrgas/hm3nhkiq.html
Hino 195,Company,2020,"214,900 miles",United States,Reefer Trucks,Hino 195,https://www.mascus.com/transportation/temperature-controlled-trucks/hino-195/ht7ngr6m.html
Hubiere CTR751,Company,2019,,France,Other Trucks,Hubiere CTR751,https://www.mascus.com/transportation/other-trucks/hubiere-ctr751/fmfmdg3n.html
Howo 400 6x4,Company,2025,"2,846 miles",China,Dump Trucks,Howo 400 6x4,https://www.mascus.com/transportation/tipper-trucks/howo-400-6x4/4lim3m9l.html
Peterbilt 567,Company,2026,,United States,Dump Trucks,Peterbilt 567,https://www.mascus.com/transportation/tipper-trucks/peterbilt-567/4kenhsdh.html
Mercedes-Benz Arocs 2640 / 6x2 / Hiab XS 477 Hipro Crane,Company,2015,"169,878 miles",Hungary,Flatbed Trucks,Mercedes-Benz Arocs 2640 / 6x2 / Hiab XS 477 Hipro crane,https://www.mascus.com/transportation/flatbed-dropside-trucks/mercedes-benz-arocs-2640-6x2-hiab-xs-477-hipro-crane/4k9nbpbk.html
Iveco EuroCargo 75E15 Manual Lift - Low KM,Company,2004,"89,477 miles",Netherlands,Box trucks,Iveco EuroCargo 75E15 Manual lift - Low KM,https://www.mascus.com/transportation/box-body-trucks/iveco-eurocargo-75e15-manual-lift-low-km/hmhl5s5g.html
GMC G3500,Company,2024,"75,135 miles",United States,Reefer Trucks,GMC G3500,https://www.mascus.com/transportation/temperature-controlled-trucks/gmc-g3500/ej6o6q7t.html
"Renault C 430 8x4, EURO 6, Hiab",Company,2018,"156,896 miles",Netherlands,Flatbed Trucks,"Renault C 430 8x4, EURO 6, Hiab",https://www.mascus.com/transportation/flatbed-dropside-trucks/renault-c-430-8x4-euro-6-hiab/gpdjefbh.html
Volvo FE 320 6X2,Company,2008,,Sweden,Skip loader trucks,Volvo FE 320 6X2,https://www.mascus.com/transportation/skip-loader-trucks/volvo-fe-320-6x2/6i4ganbk.html
Freightliner M2106,Company,2019,"195,611 miles",United States,Box trucks,Freightliner M2106,https://www.mascus.com/transportation/box-body-trucks/freightliner-m2106/ckerfrhi.html
Volvo FE 280 4X2 BROKEN COOLING ENGINE Carrier Supra 125,Company,2017,"274,258 miles",Netherlands,Reefer Trucks,Volvo FE 280 4X2 BROKEN COOLING ENGINE Carrier Supra 125,https://www.mascus.com/transportation/temperature-controlled-trucks/volvo-fe-280-4x2-broken-cooling-engine-carrier-supra-125/gu6jbuhs.html
Western Star W4900SB,Company,2015,"295,615 miles",Canada,Farm and Grain Trucks,Western Star W4900SB,https://www.mascus.com/transportation/farm---grain-trucks/western-star-w4900sb/ioekcr3o.html
Howo 371,Company,2024,,China,Tank Trucks,Howo 371,https://www.mascus.com/transportation/tank-trucks/howo-371/8r5qioho.html
Renault D-WIDE 380 4X2 JOAB VL 14U Skiploader Air Suspensi,Company,2021,"92,842 miles",Netherlands,Skip loader trucks,Renault D-WIDE 380 4X2 JOAB VL 14U Skiploader Air suspensi,https://www.mascus.com/transportation/skip-loader-trucks/renault-d-wide-380-4x2-joab-vl-14u-skiploader-air-suspensi/9uhtgg8r.html
Peterbilt 365,Company,2015,,United States,Skip loader trucks,Peterbilt 365,https://www.mascus.com/transportation/skip-loader-trucks/peterbilt-365/fsaphsas.html
MAN TGS 26.360,Company,,"218,723 miles",Hungary,Flatbed Trucks,MAN TGS 26.360,https://www.mascus.com/transportation/flatbed-dropside-trucks/man-tgs-26-360/ek7heg7o.html
MAN Mit Junghanns Aufbau,Company,,,Germany,Other Trucks,MAN mit Junghanns Aufbau,https://www.mascus.com/transportation/other-trucks/man-mit-junghanns-aufbau/dlisifar.html
Howo 371,Company,2024,"3,025 miles",China,Box trucks,Howo 371,https://www.mascus.com/transportation/box-body-trucks/howo-371/eu6icgen.html
Volvo FE 250,Company,2015,"338,647 miles",Belgium,Box trucks,Volvo FE 250,https://www.mascus.com/transportation/box-body-trucks/volvo-fe-250/is4meu7i.html
Renault C430.26 +DALBY,Company,2018,"164,321 miles",Belgium,Hook lift trucks,Renault C430.26 +DALBY,https://www.mascus.com/transportation/hook-lift-trucks/renault-c430-26-dalby/gt4ohnig.html
Iveco DAILY 35-160 CAJA CERRADA Y TRAMPILLA,Company,2023,"26,719 miles",Spain,Flatbed Trucks,Iveco DAILY 35-160 CAJA CERRADA Y TRAMPILLA,https://www.mascus.com/transportation/flatbed-dropside-trucks/iveco-daily-35-160-caja-cerrada-y-trampilla/hlhjdk3k.html
MAN TGM 18.250 +ATLAS 240.2E-A4+JIB,Company,,,,,,https://www.mascus.com/transportation/flatbed-dropside-trucks/man-tgm-18-250-atlas-240-2e-a4-jib/aghqgo8u.html
Mercedes-Benz Actros 2648 L DNA,Company,2023,"59,852 miles",Netherlands,Demountable Trucks,Mercedes-Benz Actros 2648 L DNA,https://www.mascus.com/transportation/demountables-trucks/mercedes-benz-actros-2648-l-dna/6o7q9j4t.html
Volvo FM 370 6x2*4 BOX L=7257 Mm,Company,2019,"204,942 miles",Estonia,Box trucks,Volvo FM 370 6x2*4 BOX L=7257 mm,https://www.mascus.com/transportation/box-body-trucks/volvo-fm-370-6x2-4-box-l-7257-mm/6u5kdl9f.html
Volvo FM 450 /  ZESTAW SKRZYNIOWY / HDS PALFINGER PK 160,Company,2012,"354,803 miles",Poland,Flatbed Trucks,Volvo FM 450 /  ZESTAW SKRZYNIOWY / HDS PALFINGER PK 160,https://www.mascus.com/transportation/flatbed-dropside-trucks/volvo-fm-450-zestaw-skrzyniowy-hds-palfinger-pk-160/co5m9pit.html
Mack GR84F,Company,2019,"279,720 miles",United States,Dump Trucks,Mack GR84F,https://www.mascus.com/transportation/tipper-trucks/mack-gr84f/7sgrcogl.html
"Mercedes-Benz Atego 1216 Atego 4X2 4,16m Wheelbase Automatic Eur",Company,2013,"83,829 miles",Netherlands,Cab & Chassis Trucks,"Mercedes-Benz Atego 1216 Atego 4X2 4,16m Wheelbase Automatic Eur",https://www.mascus.com/transportation/chassis-cab-trucks/mercedes-benz-atego-1216-atego-4x2-4-16m-wheelbase-automatic-eur/5k3r3rcu.html
Kenworth T300,Company,1998,"435,528 miles",United States,Dump Trucks,Kenworth T300,https://www.mascus.com/transportation/tipper-trucks/kenworth-t300/fq5q9g4n.html
Volvo FMX 430 8X4 NEW! 10m3 Mixer Steel Suspension Autom,Company,2025,7 miles,Netherlands,Concrete Trucks,Volvo FMX 430 8X4 NEW! 10m3 mixer Steel suspension Autom,https://www.mascus.com/transportation/concrete-trucks/volvo-fmx-430-8x4-new-10m3-mixer-steel-suspension-autom/9uegggdn.html
Mercedes-Benz Axor 2632,Company,2006,"280,238 miles",Spain,Concrete Trucks,Mercedes-Benz Axor 2632,https://www.mascus.com/transportation/concrete-trucks/mercedes-benz-axor-2632/fs5g4n6h.html
Ford F-650,Company,2017,"66,995 miles",United States,Dump Trucks,Ford F-650,https://www.mascus.com/transportation/tipper-trucks/ford-f-650/dj8ibi3n.html
Kenworth T280 26'+5' Attic Moving Body With Walk Ramp,Company,2025,"3,492 miles",United States,Box trucks,Kenworth T280 26'+5' Attic Moving Body With Walk Ramp,https://www.mascus.com/transportation/box-body-trucks/kenworth-t280-26-5-attic-moving-body-with-walk-ramp/fueh5lbo.html
Mack Granite GU713,Company,2013,"317,743 miles",United States,Dump Trucks,Mack Granite GU713,https://www.mascus.com/transportation/tipper-trucks/mack-granite-gu713/df6mhtcn.html
Lastväxlarflak Maskinflak 25 Ton,Company,2025,,Sweden,Hook lift trucks,Lastväxlarflak Maskinflak 25 Ton,https://www.mascus.com/transportation/hook-lift-trucks/lastvaxlarflak-maskinflak-25-ton/7sai4lbf.html
MAN ÖAF 30-414 FLNC 6X2 ABROLLK. BLATT LUFT ABS KLIM,Company,2001,"494,329 miles",Austria,Dump Trucks,MAN ÖAF 30-414 FLNC 6X2 ABROLLK. BLATT LUFT ABS KLIM,https://www.mascus.com/transportation/tipper-trucks/man-oaf-30-414-flnc-6x2-abrollk-blatt-luft-abs-klim/cgit4t5f.html
Mercedes-Benz AXOR 1833 3-Way Tipper,Company,,"265,873 miles",Hungary,Dump Trucks,Mercedes-Benz AXOR 1833 3-Way Tipper,https://www.mascus.com/transportation/tipper-trucks/mercedes-benz-axor-1833-3-way-tipper/3nhgihir.html
Mercedes-Benz Atego 816 + Tail Lift,Company,2020,"115,657 miles",Hungary,Reefer Trucks,Mercedes-Benz Atego 816 + Tail lift,https://www.mascus.com/transportation/temperature-controlled-trucks/mercedes-benz-atego-816-tail-lift/htcl7h5m.html
MAN TGS 18.500,Company,2018,"217,480 miles",Hungary,Boom / Crane / Bucket Trucks,MAN TGS 18.500,https://www.mascus.com/transportation/crane-trucks/man-tgs-18-500/epeo5fbp.html
Mercedes-Benz Actros 1845 Zug Kipper Dreiseitenkipper Getreide,Company,2019,"491,937 miles",Germany,Dump Trucks,Mercedes-Benz Actros 1845 Zug Kipper Dreiseitenkipper Getreide,https://www.mascus.com/transportation/tipper-trucks/mercedes-benz-actros-1845-zug-kipper-dreiseitenkipper-getreide/agds6gcm.html
Scania P310 + PALFINGER PK 12000,Company,2005,,Lithuania,Boom / Crane / Bucket Trucks,Scania P310 + PALFINGER PK 12000,https://www.mascus.com/transportation/crane-trucks/scania-p310-palfinger-pk-12000/hs5ugpaq.html
Shacman M3000 8x4,Company,2025,,China,Boom / Crane / Bucket Trucks,Shacman M3000 8x4,https://www.mascus.com/transportation/crane-trucks/shacman-m3000-8x4/eqht7sdp.html
International PAYSTAR,Company,2013,"153,125 miles",United States,Container Trucks,International PAYSTAR,https://www.mascus.com/transportation/containerframe-trucks/international-paystar/cjfneldp.html
Volvo FL,Company,2010,"244,820 miles",Finland,Car Haulers,Volvo FL,https://www.mascus.com/transportation/vehicle-transporters/volvo-fl/ho3ubigl.html
Freightliner 108SD,Company,2021,,United States,Other Trucks,Freightliner 108SD,https://www.mascus.com/transportation/other-trucks/freightliner-108sd/8thshi7k.html
Freightliner BUSINESS CLASS M2 100,Company,2016,"228,123 miles",United States,Flatbed Trucks,Freightliner BUSINESS CLASS M2 100,https://www.mascus.com/transportation/flatbed-dropside-trucks/freightliner-business-class-m2-100/9pfpfuar.html
Kenworth C500,Company,2013,,Canada,Other Trucks,Kenworth C500,https://www.mascus.com/transportation/other-trucks/kenworth-c500/hsah9m7p.html
"Mercedes-Benz Actros 1848, Meiller AK12T Funk Retarder Standk",Company,2022,"85,791 miles",Germany,Demountable Trucks,"Mercedes-Benz Actros 1848, Meiller AK12T Funk Retarder Standk",https://www.mascus.com/transportation/demountables-trucks/mercedes-benz-actros-1848-meiller-ak12t-funk-retarder-standk/5ihm9p4m.html
Faymonville 53 Ft - 176 Ft Tri/A Extendable 4-Stage Heavy Haul,Company,2020,,United States,Other Trucks,Faymonville 53 ft - 176 ft Tri/A Extendable 4-Stage Heavy Haul,https://www.mascus.com/transportation/other-trucks/faymonville-53-ft-176-ft-tri-a-extendable-4-stage-heavy-haul/3u9kcu9t.html
Isuzu Med Duty NRR,Company,2019,"196,000 miles",United States,Reefer Trucks,Isuzu Med Duty NRR,https://www.mascus.com/transportation/temperature-controlled-trucks/isuzu-med-duty-nrr/ifik4f9k.html
DAF XDC,Company,2026,,United Kingdom,Hook lift trucks,DAF XDC,https://www.mascus.com/transportation/hook-lift-trucks/daf-xdc/chek9odf.html
Scania R480 6x2,Company,2011,,Denmark,Boom / Crane / Bucket Trucks,Scania R480 6x2,https://www.mascus.com/transportation/crane-trucks/scania-r480-6x2/eo5saogf.html
Ford F-550,Company,2012,,United States,Dump Trucks,Ford F-550,https://www.mascus.com/transportation/tipper-trucks/ford-f-550/bhisdr6l.html
Kenworth T880 PACCAR MX-11 Engine,Company,2023,"202,732 miles",United States,Dump Trucks,Kenworth T880 PACCAR MX-11 Engine,https://www.mascus.com/transportation/tipper-trucks/kenworth-t880-paccar-mx-11-engine/ctgocjhm.html
Mercedes-Benz Atego 1224 Möbelkoffer/Eu6/LBW,Company,2018,"308,858 miles",Germany,Box trucks,Mercedes-Benz Atego 1224 Möbelkoffer/Eu6/LBW,https://www.mascus.com/transportation/box-body-trucks/mercedes-benz-atego-1224-mobelkoffer-eu6-lbw/hqfp6p5i.html
Howo A7 6x4,Company,2025,"2,846 miles",China,Dump Trucks,Howo A7 6x4,https://www.mascus.com/transportation/tipper-trucks/howo-a7-6x4/btir3n5n.html
Volvo FMX 460 10X4 15m3 Schwing Stetter Automatic VEB+ E,Company,2019,"161,676 miles",Netherlands,Concrete Trucks,Volvo FMX 460 10X4 15m3 Schwing Stetter Automatic VEB+ E,https://www.mascus.com/transportation/concrete-trucks/volvo-fmx-460-10x4-15m3-schwing-stetter-automatic-veb-e/ah8t4i9o.html
Peterbilt 567,Company,2026,"1,534 miles",United States,Dump Trucks,Peterbilt 567,https://www.mascus.com/transportation/tipper-trucks/peterbilt-567/dqdscmbt.html
Nissan ATLAS,Company,2016,"48,442 miles",Japan,Flatbed Trucks,Nissan ATLAS,https://www.mascus.com/transportation/flatbed-dropside-trucks/nissan-atlas/ipdk3ifj.html
Shacman F3000 8x4 Dump Truck 430hp,Company,2019,"1,243 miles",China,Dump Trucks,Shacman F3000 8x4 Dump Truck 430hp,https://www.mascus.com/transportation/tipper-trucks/shacman-f3000-8x4-dump-truck-430hp/ffgk5r7f.html
Howo 371,Company,2023,,China,Dump Trucks,Howo 371,https://www.mascus.com/transportation/tipper-trucks/howo-371/ek7tdo6m.html
Freightliner M2106,Company,2018,"162,831 miles",United States,Box trucks,Freightliner M2106,https://www.mascus.com/transportation/box-body-trucks/freightliner-m2106/6ffmij3m.html
Ford F-650 Super Duty,Company,2000,,United States,Tank Trucks,Ford F-650 Super Duty,https://www.mascus.com/transportation/tank-trucks/ford-f-650-super-duty/drbkeg7r.html
International 4300,Company,2018,"245,944 miles",United States,Box trucks,International 4300,https://www.mascus.com/transportation/box-body-trucks/international-4300/7f9ifm7s.html
Mercedes-Benz Sprinter 519 CDI * TOP,Company,,"142,915 miles",Hungary,Other Trucks,Mercedes-Benz Sprinter 519 CDI * TOP,https://www.mascus.com/transportation/other-trucks/mercedes-benz-sprinter-519-cdi-top/3k4n4u8r.html
Mercedes-Benz Antos 2533 Antos 6X2 BDF ADR Full Air Suspension L,Company,2017,"176,053 miles",Netherlands,Demountable Trucks,Mercedes-Benz Antos 2533 Antos 6X2 BDF ADR Full Air Suspension L,https://www.mascus.com/transportation/demountables-trucks/mercedes-benz-antos-2533-antos-6x2-bdf-adr-full-air-suspension-l/3jhn8r9r.html
Euromix MTP - Stationär Fahrmischer EUROMIX MTP -,Company,2026,,Germany,Concrete Trucks,Euromix MTP - Stationär Fahrmischer EUROMIX MTP -,https://www.mascus.com/transportation/concrete-trucks/euromix-mtp-stationar-fahrmischer-euromix-mtp/5q9mamdl.html
Volkswagen Crafter 35 Pritsche TDi Schiebe Plane L4,Company,2026,62 miles,Germany,Curtain Side Trucks,Volkswagen Crafter 35 Pritsche TDi Schiebe Plane L4,https://www.mascus.com/transportation/curtainsider-trucks/volkswagen-crafter-35-pritsche-tdi-schiebe-plane-l4/cqemikfj.html
Sinotruk HOWO 8*4 371,Company,2022,,China,Dump Trucks,Sinotruk HOWO 8*4 371,https://www.mascus.com/transportation/tipper-trucks/sinotruk-howo-8-4-371/ar9kgn7o.html
MAN LE **12.250-BELGIAN ORIGINE**,Company,2003,"393,368 miles",Belgium,Box trucks,MAN LE **12.250-BELGIAN ORIGINE**,https://www.mascus.com/transportation/box-body-trucks/man-le-12-250-belgian-origine/ck8oenef.html
Mercedes-Benz 4145 K Meiller 8x4,Company,2014,"261,138 miles",Germany,Hook lift trucks,Mercedes-Benz 4145 K Meiller 8x4,https://www.mascus.com/transportation/hook-lift-trucks/mercedes-benz-4145-k-meiller-8x4/du7l4oir.html
Peterbilt 567,Company,2026,,United States,Dump Trucks,Peterbilt 567,https://www.mascus.com/transportation/tipper-trucks/peterbilt-567/8ofrfsfu.html
MAN 26.430 TGS 6X2/4 MEILLER AK16T,Company,2020,"126,993 miles",Netherlands,Skip loader trucks,MAN 26.430 TGS 6X2/4 MEILLER AK16T,https://www.mascus.com/transportation/skip-loader-trucks/man-26-430-tgs-6x2-4-meiller-ak16t/cf4rbtgp.html
Mercedes-Benz Antos 2540 6x2 Luft | PK23001*ACC*Navi*1.Hand!,Company,2019,"82,282 miles",Germany,Flatbed Trucks,Mercedes-Benz Antos 2540 6x2 Luft | PK23001*ACC*Navi*1.Hand!,https://www.mascus.com/transportation/flatbed-dropside-trucks/mercedes-benz-antos-2540-6x2-luft-pk23001-acc-navi-1-hand/bugp5min.html
Peterbilt 389,Company,2019,"365,334 miles",United States,Dump Trucks,Peterbilt 389,https://www.mascus.com/transportation/tipper-trucks/peterbilt-389/5r7k8n5f.html
"Peterbilt 337 10' Dump Truck, PX9",Company,2021,"73,499 miles",United States,Dump Trucks,"Peterbilt 337 10' Dump Truck, PX9",https://www.mascus.com/transportation/tipper-trucks/peterbilt-337-10-dump-truck-px9/dtilig9h.html
Howo 400,Company,2026,,China,Dump Trucks,Howo 400,https://www.mascus.com/transportation/tipper-trucks/howo-400/6mcg4l4r.html
Mitsubishi FEC72S,Company,2013,,United States,Flatbed Trucks,Mitsubishi FEC72S,https://www.mascus.com/transportation/flatbed-dropside-trucks/mitsubishi-fec72s/4jet8s8l.html
MAN LE 8.180,Company,2005,"74,565 miles",Germany,Box trucks,MAN LE 8.180,https://www.mascus.com/transportation/box-body-trucks/man-le-8-180/7tdkduek.html
Volvo TRUCK VNL64TV04,Company,2027,,United States,Other Trucks,Volvo TRUCK VNL64TV04,https://www.mascus.com/transportation/other-trucks/volvo-truck-vnl64tv04/8tciak5u.html
Sisu LV 131,Company,1979,"362,259 miles",Estonia,Boom / Crane / Bucket Trucks,Sisu LV 131,https://www.mascus.com/transportation/crane-trucks/sisu-lv-131/ilglekfg.html
MAN TGL 12.240,Company,2007,"316,899 miles",Hungary,Boom / Crane / Bucket Trucks,MAN TGL 12.240,https://www.mascus.com/transportation/crane-trucks/man-tgl-12-240/htcl6s5f.html
Mercedes-Benz 1023 AK 4X4,Company,2006,"276,577 miles",Czech Republic,Tank Trucks,Mercedes-Benz 1023 AK 4X4,https://www.mascus.com/transportation/tank-trucks/mercedes-benz-1023-ak-4x4/cugq3hfu.html
Volvo FM 6*2,Company,2011,"497,097 miles",Sweden,Box trucks,Volvo FM 6*2,https://www.mascus.com/transportation/box-body-trucks/volvo-fm-6-2/es7j5t3i.html
Volvo FH 16 6*4 + Langendorf SK-20A,Company,2009,"412,590 miles",Finland,Dump Trucks,Volvo FH 16 6*4 + Langendorf SK-20A,https://www.mascus.com/transportation/tipper-trucks/volvo-fh-16-6-4-langendorf-sk-20a/do8pij5u.html
Mercedes-Benz ACTROS 3346 6x6 HIAB 244EP-4 Crane Kipper,Company,2013,"242,335 miles",Hungary,Dump Trucks,Mercedes-Benz ACTROS 3346 6x6 HIAB 244EP-4 Crane Kipper,https://www.mascus.com/transportation/tipper-trucks/mercedes-benz-actros-3346-6x6-hiab-244ep-4-crane-kipper/hffidseg.html
Scania P230 4x2 Daycab Euro 3 - Open Loading Box 5.9M + E,Company,2005,"524,688 miles",Netherlands,Flatbed Trucks,Scania P230 4x2 Daycab Euro 3 - Open Loading Box 5.9M + E,https://www.mascus.com/transportation/flatbed-dropside-trucks/scania-p230-4x2-daycab-euro-3-open-loading-box-5-9m-e/3m5p4tgk.html
DAF XF 480 6X2 FAN Retarder Full Air Euro 6,Company,2021,"453,248 miles",Netherlands,Demountable Trucks,DAF XF 480 6X2 FAN Retarder Full Air Euro 6,https://www.mascus.com/transportation/demountables-trucks/daf-xf-480-6x2-fan-retarder-full-air-euro-6/5kefaifu.html
"Mercedes-Benz Arocs4140 8x4*Kamera*Nur 13tkm*NEUWERTIG*NL26,8t",Company,2025,"8,339 miles",Germany,Dump Trucks,"Mercedes-Benz Arocs4140 8x4*Kamera*nur 13tkm*NEUWERTIG*NL26,8t",https://www.mascus.com/transportation/tipper-trucks/mercedes-benz-arocs4140-8x4-kamera-nur-13tkm-neuwertig-nl26-8t/8j3ofs5k.html
Volvo FM420 6x2,Company,2010,"503,311 miles",Finland,Demountable Trucks,Volvo FM420 6x2,https://www.mascus.com/transportation/demountables-trucks/volvo-fm420-6x2/hsbu9g4m.html
"RAM 5500HD Dump Truck, Cummins, Auto, 4x4",Company,2017,"36,567 miles",United States,Dump Trucks,"RAM 5500HD Dump Truck, Cummins, Auto, 4x4",https://www.mascus.com/transportation/tipper-trucks/ram-5500hd-dump-truck-cummins-auto-4x4/8r8l4sbg.html
Mercedes-Benz 1829 Axor MEILLER 3Skipper + AK 120.2E Kran,Company,2014,"98,103 miles",Germany,Boom / Crane / Bucket Trucks,Mercedes-Benz 1829 Axor MEILLER 3Skipper + AK 120.2E Kran,https://www.mascus.com/transportation/crane-trucks/mercedes-benz-1829-axor-meiller-3skipper-ak-120-2e-kran/etej7t3m.html
Howo 371 8x4,Company,2024,"4,660 miles",China,Dump Trucks,Howo 371 8x4,https://www.mascus.com/transportation/tipper-trucks/howo-371-8x4/eqbk6ois.html
Chevrolet Silverado 3500HD,Company,2013,"296,650 miles",United States,Flatbed Trucks,Chevrolet Silverado 3500HD,https://www.mascus.com/transportation/flatbed-dropside-trucks/chevrolet-silverado-3500hd/dnim7tch.html
MAN TGM 12.280 // Lift // Sideopening,Company,2008,"280,860 miles",Denmark,Box trucks,MAN TGM 12.280 // Lift // Sideopening,https://www.mascus.com/transportation/box-body-trucks/man-tgm-12-280-lift-sideopening/dp7lgr5r.html
Scania Lås Inklusive Fäste 2429054,Company,,,Sweden,Other Trucks,Scania lås Inklusive fäste 2429054,https://www.mascus.com/transportation/other-trucks/scania-las-inklusive-faste-2429054/bqdu7lao.html
"Scania R560Lb6X2*4Hnb, 560hk, 2012",Company,2012,"53,640 miles",Sweden,Box trucks,"Scania R560Lb6X2*4Hnb, 560hk, 2012",https://www.mascus.com/transportation/box-body-trucks/scania-r560lb6x2-4hnb-560hk-2012/ijdtfm5f.html
Scania 110 SUPER * TURBO * DEISEITENKIPPER *KIPPER *,Company,1971,"387,114 miles",Germany,Dump Trucks,Scania 110 SUPER * TURBO * DEISEITENKIPPER *KIPPER *,https://www.mascus.com/transportation/tipper-trucks/scania-110-super-turbo-deiseitenkipper-kipper/dphi6ndp.html
"Volvo FH500 MEILLER GESTEINSKIPPER, BORDMATIC, E6, I-SHI",Company,,,Austria,Dump Trucks,"Volvo FH500 MEILLER GESTEINSKIPPER, BORDMATIC, E6, I-SHI",https://www.mascus.com/transportation/tipper-trucks/volvo-fh500-meiller-gesteinskipper-bordmatic-e6-i-shi/4kbjhuhg.html
Mercedes-Benz Actros 2551,Company,2015,"274,025 miles",Norway,Hook lift trucks,Mercedes-Benz Actros 2551,https://www.mascus.com/transportation/hook-lift-trucks/mercedes-benz-actros-2551/6qamhqbr.html
Mercedes-Benz Atego 1530 K 2-Achs Kipper Meiller,Company,2018,"47,999 miles",Germany,Farm and Grain Trucks,Mercedes-Benz Atego 1530 K 2-Achs Kipper Meiller,https://www.mascus.com/transportation/farm---grain-trucks/mercedes-benz-atego-1530-k-2-achs-kipper-meiller/fl4gdrbh.html
Renault Midlum,Company,2001,"167,566 miles",France,Dump Trucks,Renault Midlum,https://www.mascus.com/transportation/tipper-trucks/renault-midlum/fndtfuao.html
Peterbilt 348,Company,2022,,United States,Dump Trucks,Peterbilt 348,https://www.mascus.com/transportation/tipper-trucks/peterbilt-348/ak4gbo5t.html
MAN TGS 35.440 BB - 8X8 - AJK,Company,2010,"308,496 miles",Belgium,Hook lift trucks,MAN TGS 35.440 BB - 8X8 - AJK,https://www.mascus.com/transportation/hook-lift-trucks/man-tgs-35-440-bb-8x8-ajk/5j6s9sfq.html
Scania R 420 * PK 11002/FUNK * Sandblaste,Company,2011,"282,724 miles",Poland,Dump Trucks,Scania R 420 * PK 11002/FUNK * sandblaste,https://www.mascus.com/transportation/tipper-trucks/scania-r-420-pk-11002-funk-sandblaste/ci6lhj7l.html
MAN TGS 41.440 TGS 8X8 Palfinger Q170Z Crane 8x8 Wide-,Company,2016,"200,053 miles",Netherlands,Dump Trucks,MAN TGS 41.440 TGS 8X8 Palfinger Q170Z Crane 8x8 Wide-,https://www.mascus.com/transportation/tipper-trucks/man-tgs-41-440-tgs-8x8-palfinger-q170z-crane-8x8-wide/8igh5p5f.html
MAN TGS 26.480,Company,2013,"575,096 miles",Germany,Tank Trucks,MAN TGS 26.480,https://www.mascus.com/transportation/tank-trucks/man-tgs-26-480/dhfl9jih.html
Scania R520 V8 6x2/4 / EPSILON CRANE + HOOKLIFT,Company,2018,"114,509 miles",Netherlands,Boom / Crane / Bucket Trucks,Scania R520 V8 6x2/4 / EPSILON CRANE + HOOKLIFT,https://www.mascus.com/transportation/crane-trucks/scania-r520-v8-6x2-4-epsilon-crane-hooklift/gubidi7f.html
Volvo VHD64F300,Company,2026,10 miles,United States,Dump Trucks,Volvo VHD64F300,https://www.mascus.com/transportation/tipper-trucks/volvo-vhd64f300/fmfq5kar.html
Freightliner 114SD,Company,2017,"391,508 miles",United States,Dump Trucks,Freightliner 114SD,https://www.mascus.com/transportation/tipper-trucks/freightliner-114sd/fmit3jhj.html
Scania R 12 LB,Company,2006,"467,892 miles",Finland,Other Trucks,Scania R 12 LB,https://www.mascus.com/transportation/other-trucks/scania-r-12-lb/3m9qgmcu.html
MAN TGS 41.400 MAN TGS 41.400 8x4 / EuromixMTP EM 12m³,Company,2024,,Germany,Concrete Trucks,MAN TGS 41.400 MAN TGS 41.400 8x4 / EuromixMTP EM 12m³,https://www.mascus.com/transportation/concrete-trucks/man-tgs-41-400-man-tgs-41-400-8x4-euromixmtp-em-12m3/8uig8pik.html
BYD ETM6 SWB ETM6 SWB 4X2 NEW! 100% Electric 750kg Lad,Company,2025,310 miles,Netherlands,Curtain Side Trucks,BYD ETM6 SWB ETM6 SWB 4X2 NEW! 100% Electric 750kg Lad,https://www.mascus.com/transportation/curtainsider-trucks/byd-etm6-swb-etm6-swb-4x2-new-100-electric-750kg-lad/aufpcpds.html
GMC C7500,Company,2005,,United States,Other Trucks,GMC C7500,https://www.mascus.com/transportation/other-trucks/gmc-c7500/9lih3kbk.html
Kenworth T409SAR,Company,2017,"703,703 miles",Australia,Dump Trucks,Kenworth T409SAR,https://www.mascus.com/transportation/tipper-trucks/kenworth-t409sar/chhtirep.html
Freightliner M2106,Company,2020,"162,507 miles",United States,Box trucks,Freightliner M2106,https://www.mascus.com/transportation/box-body-trucks/freightliner-m2106/7iatioeh.html
MAN TGL 12.190 BL +DHOLLANDIA - 54 000 KM,Company,2020,"33,601 miles",Belgium,Box trucks,MAN TGL 12.190 BL +DHOLLANDIA - 54 000 KM,https://www.mascus.com/transportation/box-body-trucks/man-tgl-12-190-bl-dhollandia-54-000-km/9sbr7u7n.html
Mercedes-Benz Axor 1824 4X2 14.000 Liter Diesel Tank 3 Compartme,Company,2010,"288,682 miles",Netherlands,Tank Trucks,Mercedes-Benz Axor 1824 4X2 14.000 liter Diesel tank 3 compartme,https://www.mascus.com/transportation/tank-trucks/mercedes-benz-axor-1824-4x2-14-000-liter-diesel-tank-3-compartme/hsap8icm.html
Mercedes-Benz Arocs 3253L Tridemkrok 8X4 24T Joab 575 Fjernstyrt,Company,2024,"40,635 miles",Norway,Demountable Trucks,Mercedes-Benz Arocs 3253L Tridemkrok 8X4 24T Joab 575 fjernstyrt,https://www.mascus.com/transportation/demountables-trucks/mercedes-benz-arocs-3253l-tridemkrok-8x4-24t-joab-575-fjernstyrt/5u6kcmdt.html
Ford Super Duty F-550,Company,2020,"93,291 miles",United States,Dump Trucks,Ford Super Duty F-550,https://www.mascus.com/transportation/tipper-trucks/ford-super-duty-f-550/csflan9h.html
Isuzu NRR-3U454,Company,2026,,United States,Cab & Chassis Trucks,Isuzu NRR-3U454,https://www.mascus.com/transportation/chassis-cab-trucks/isuzu-nrr-3u454/3lhgbp4n.html
Chevrolet Silverado 3500HD,Company,2015,"215,180 miles",United States,Flatbed Trucks,Chevrolet Silverado 3500HD,https://www.mascus.com/transportation/flatbed-dropside-trucks/chevrolet-silverado-3500hd/do7jem7s.html
DAF CF 330,Company,2015,"375,929 miles",Hungary,Reefer Trucks,DAF CF 330,https://www.mascus.com/transportation/temperature-controlled-trucks/daf-cf-330/4t3uhpbp.html
Mercedes-Benz Atego 1524,Company,2009,"189,839 miles",Germany,Reefer Trucks,Mercedes-Benz Atego 1524,https://www.mascus.com/transportation/temperature-controlled-trucks/mercedes-benz-atego-1524/irau4mhs.html
International MV607,Company,2019,"307,526 miles",Canada,Box trucks,International MV607,https://www.mascus.com/transportation/box-body-trucks/international-mv607/al6r7r7h.html
International Durastar 4300,Company,2017,"415,044 miles",United States,Box trucks,International Durastar 4300,https://www.mascus.com/transportation/box-body-trucks/international-durastar-4300/4qhn6i4r.html
"MAN TGS 26.480 6x2-4 BL CH, 3x VORHANDEN! Lenk-/Lift,",Company,,,Germany,Hook lift trucks,"MAN TGS 26.480 6x2-4 BL CH, 3x VORHANDEN! Lenk-/Lift,",https://www.mascus.com/transportation/hook-lift-trucks/man-tgs-26-480-6x2-4-bl-ch-3x-vorhanden-lenk-lift/3u7o8thj.html
"Mitsubishi Canter 3,0 D BE Clixtar Trekker + Veldhuizen BE C",Company,2008,"105,238 miles",Hungary,Other Trucks,"Mitsubishi Canter 3,0 d BE Clixtar Trekker + Veldhuizen BE C",https://www.mascus.com/transportation/other-trucks/mitsubishi-canter-3-0-d-be-clixtar-trekker-veldhuizen-be-c/ar8j9lcs.html
Volvo FMX 550,Company,2021,"45,981 miles",Poland,Dump Trucks,Volvo FMX 550,https://www.mascus.com/transportation/tipper-trucks/volvo-fmx-550/emhiep4l.html
Ford Transit FT350 4X4 / Terex Crane / TOP,Company,2010,"107,497 miles",Hungary,Other Trucks,Ford Transit FT350 4X4 / Terex Crane / TOP,https://www.mascus.com/transportation/other-trucks/ford-transit-ft350-4x4-terex-crane-top/buhn5h6u.html
Scania P 400 DB,Company,2013,"398,920 miles",Sweden,Reefer Trucks,Scania P 400 DB,https://www.mascus.com/transportation/temperature-controlled-trucks/scania-p-400-db/bj5j3rgj.html
Volvo FMX 420,Company,2021,"218,009 miles",United Kingdom,Dump Trucks,Volvo FMX 420,https://www.mascus.com/transportation/tipper-trucks/volvo-fmx-420/iigj7m6q.html
International PR306-18,Company,1988,"128,842 miles",United States,Other Trucks,International PR306-18,https://www.mascus.com/transportation/other-trucks/international-pr306-18/5ndt4sdf.html
MAN TGS 35.480 TGS 35.480 8x8 EuromixMTP 3-Seiten-Kipp,Company,2024,,Germany,Dump Trucks,MAN TGS 35.480 TGS 35.480 8x8 EuromixMTP 3-Seiten-Kipp,https://www.mascus.com/transportation/tipper-trucks/man-tgs-35-480-tgs-35-480-8x8-euromixmtp-3-seiten-kipp/5oajdl8t.html
Howo 371 6x4,Company,2025,"2,796 miles",China,Dump Trucks,Howo 371 6x4,https://www.mascus.com/transportation/tipper-trucks/howo-371-6x4/gp7qcu3u.html
Mercedes-Benz Sprinter 319 CDI V6 L4H2 L5H2 MAXI LONG Automat 1.,Company,,"194,489 miles",Hungary,Other Trucks,Mercedes-Benz Sprinter 319 CDI V6 L4H2 L5H2 MAXI LONG Automat 1.,https://www.mascus.com/transportation/other-trucks/mercedes-benz-sprinter-319-cdi-v6-l4h2-l5h2-maxi-long-automat-1/8tarcg6p.html
MAN TGM 18.250 4X2 + FRIGOBLOCK + DHOLLANDIA,Company,2011,"436,855 miles",Netherlands,Reefer Trucks,MAN TGM 18.250 4X2 + FRIGOBLOCK + DHOLLANDIA,https://www.mascus.com/transportation/temperature-controlled-trucks/man-tgm-18-250-4x2-frigoblock-dhollandia/3l9i4q3q.html
Scania 460G,Company,2023,"24,233 miles",Sweden,Hook lift trucks,Scania 460G,https://www.mascus.com/transportation/hook-lift-trucks/scania-460g/gs5nfffq.html
Mercedes-Benz Atego 816 Atego 4X2 Manual Ladebordwand Euro 4,Company,2007,"198,666 miles",Netherlands,Box trucks,Mercedes-Benz Atego 816 Atego 4X2 Manual Ladebordwand Euro 4,https://www.mascus.com/transportation/box-body-trucks/mercedes-benz-atego-816-atego-4x2-manual-ladebordwand-euro-4/4kesif4u.html
Scania R 520,Company,2016,"594,813 miles",Sweden,Box trucks,Scania R 520,https://www.mascus.com/transportation/box-body-trucks/scania-r-520/3pgk9jdt.html
MAN TGL 12.180 Koffer Mit Ruthmann Versalift 14.90m,Company,2010,"98,736 miles",Germany,Box trucks,MAN TGL 12.180 Koffer mit Ruthmann Versalift 14.90m,https://www.mascus.com/transportation/box-body-trucks/man-tgl-12-180-koffer-mit-ruthmann-versalift-14-90m/9lhtgf5k.html
Fliegl TMK 190 FOX 27m³,Company,2026,,Germany,Dump Trucks,Fliegl TMK 190 FOX 27m³,https://www.mascus.com/transportation/tipper-trucks/fliegl-tmk-190-fox-27m3/er5pgo9u.html
Scania P410 XT,Company,2019,"182,683 miles",Belgium,Hook lift trucks,Scania P410 XT,https://www.mascus.com/transportation/hook-lift-trucks/scania-p410-xt/cs5l8r6j.html
Freightliner M2106,Company,2006,"290,365 miles",United States,Box trucks,Freightliner M2106,https://www.mascus.com/transportation/box-body-trucks/freightliner-m2106/hk3jah5j.html
Sterling L9500,Company,2005,"225,616 miles",United States,Flatbed Trucks,Sterling L9500,https://www.mascus.com/transportation/flatbed-dropside-trucks/sterling-l9500/ik3udg6g.html
Volvo FH 13 540,Company,2014,"329,327 miles",Sweden,Boom / Crane / Bucket Trucks,Volvo FH 13 540,https://www.mascus.com/transportation/crane-trucks/volvo-fh-13-540/4f4h6n5r.html
Ford F 550 W/Crane,Company,2007,,United States,Flatbed Trucks,Ford F 550 w/Crane,https://www.mascus.com/transportation/flatbed-dropside-trucks/ford-f-550-w-crane/dh4ugh5j.html
MAN TGS 26.350,Company,2006,"319,836 miles",Germany,Dump Trucks,MAN TGS 26.350,https://www.mascus.com/transportation/tipper-trucks/man-tgs-26-350/6kapah7g.html
Ford Transit 350 MWB Tipper,Company,2020,,United Kingdom,Other Trucks,Ford Transit 350 MWB Tipper,https://www.mascus.com/transportation/other-trucks/ford-transit-350-mwb-tipper/5r9hfk6q.html
Volvo FM 13,Company,2013,"513,955 miles",Finland,Hook lift trucks,Volvo FM 13,https://www.mascus.com/transportation/hook-lift-trucks/volvo-fm-13/4f9i9mci.html
Mercedes-Benz ANTOS 1832 4x2 THERMOKING T-1200R / BOX L=8502 Mm,Company,2016,"176,498 miles",Estonia,Reefer Trucks,Mercedes-Benz ANTOS 1832 4x2 THERMOKING T-1200R / BOX L=8502 mm,https://www.mascus.com/transportation/temperature-controlled-trucks/mercedes-benz-antos-1832-4x2-thermoking-t-1200r-box-l-8502-mm/8iao4jcf.html
MAN TGL 12.220 Threesided Kipper With Crane E5 530,Company,2010,"160,341 miles",Slovak Republic,Other Trucks,MAN TGL 12.220 threesided kipper with crane E5 530,https://www.mascus.com/transportation/other-trucks/man-tgl-12-220-threesided-kipper-with-crane-e5-530/iufqfg5l.html
GMC Sierra 2500,Company,2002,,Canada,Flatbed Trucks,GMC Sierra 2500,https://www.mascus.com/transportation/flatbed-dropside-trucks/gmc-sierra-2500/eoer5n5u.html
Nissan NT400 CARROCERIA ABIERTA,Company,2016,"96,313 miles",Spain,Curtain Side Trucks,Nissan NT400 CARROCERIA ABIERTA,https://www.mascus.com/transportation/curtainsider-trucks/nissan-nt400-carroceria-abierta/6s9h5gfq.html
Ford F-550HD SUPER DUTY,Company,2014,"230,364 miles",Canada,Flatbed Trucks,Ford F-550HD SUPER DUTY,https://www.mascus.com/transportation/flatbed-dropside-trucks/ford-f-550hd-super-duty/6lcibkaq.html
Volvo FMX 410,Company,,"264,083 miles",Hungary,Dump Trucks,Volvo FMX 410,https://www.mascus.com/transportation/tipper-trucks/volvo-fmx-410/augnch6k.html
"Mercedes-Benz Arocs 3251 L ENA 8x2/4, Retarder, Lenk-/Liftachse,",Company,,,Germany,Cab & Chassis Trucks,"Mercedes-Benz Arocs 3251 L ENA 8x2/4, Retarder, Lenk-/Liftachse,",https://www.mascus.com/transportation/chassis-cab-trucks/mercedes-benz-arocs-3251-l-ena-8x2-4-retarder-lenk-liftachse/hncmesii.html
Freightliner M2 106,Company,2019,"215,392 miles",United States,Reefer Trucks,Freightliner M2 106,https://www.mascus.com/transportation/temperature-controlled-trucks/freightliner-m2-106/8ubrfpgj.html
"Volvo FM 12.460 MANUEL GEARBOX, FULL STEELSPRING,",Company,2000,"214,341 miles",Netherlands,Cab & Chassis Trucks,"Volvo FM 12.460 MANUEL GEARBOX, FULL STEELSPRING,",https://www.mascus.com/transportation/chassis-cab-trucks/volvo-fm-12-460-manuel-gearbox-full-steelspring/fiblbgdf.html
Volvo VHD,Company,2012,,Canada,Dump Trucks,Volvo VHD,https://www.mascus.com/transportation/tipper-trucks/volvo-vhd/7gbjdh8k.html
Tadano TR-300EX-4X4/345,Company,1997,,Finland,Boom / Crane / Bucket Trucks,Tadano TR-300EX-4X4/345,https://www.mascus.com/transportation/crane-trucks/tadano-tr-300ex-4x4-345/imhj9sem.html
Volvo FMX 500,Company,2011,"484,669 miles",Finland,Hook lift trucks,Volvo FMX 500,https://www.mascus.com/transportation/hook-lift-trucks/volvo-fmx-500/au8hgqij.html
"Iveco 35S16 3.0 Kontener Chłodnia, Dwie Komory, Autoskle",Company,2019,"128,624 miles",Hungary,Other Trucks,"Iveco 35S16 3.0 Kontener Chłodnia, Dwie komory, Autoskle",https://www.mascus.com/transportation/other-trucks/iveco-35s16-3-0-kontener-chlodnia-dwie-komory-autoskle/cggsimiq.html
Western Star 3864S,Company,1991,"67,963 miles",Canada,Boom / Crane / Bucket Trucks,Western Star 3864S,https://www.mascus.com/transportation/crane-trucks/western-star-3864s/cuirghfn.html
Volvo FMX 420,Company,2020,"270,274 miles",United Kingdom,Dump Trucks,Volvo FMX 420,https://www.mascus.com/transportation/tipper-trucks/volvo-fmx-420/itfq7ras.html
Peterbilt 335,Company,2007,,United States,Other Trucks,Peterbilt 335,https://www.mascus.com/transportation/other-trucks/peterbilt-335/bi4k9l4k.html
"Mercedes-Benz Actros 1848, BL Meiller AK12T, Funk,",Company,2022,"122,296 miles",Germany,Demountable Trucks,"Mercedes-Benz Actros 1848, BL Meiller AK12T, Funk,",https://www.mascus.com/transportation/demountables-trucks/mercedes-benz-actros-1848-bl-meiller-ak12t-funk/ag9falfo.html
MAN TGS 41.400 MAN TGS 41.400 8x4 / EUROMIX MTP 20m³/,Company,2024,,Germany,Dump Trucks,MAN TGS 41.400 MAN TGS 41.400 8x4 / EUROMIX MTP 20m³/,https://www.mascus.com/transportation/tipper-trucks/man-tgs-41-400-man-tgs-41-400-8x4-euromix-mtp-20m3/8uag7teq.html
Volvo FH500 8x4*4,Company,2022,"248,300 miles",Finland,Boom / Crane / Bucket Trucks,Volvo FH500 8x4*4,https://www.mascus.com/transportation/crane-trucks/volvo-fh500-8x4-4/cj8q9kat.html
Iveco TRAKKER 450 6x4,Company,2016,"263,728 miles",Italy,Other Trucks,Iveco TRAKKER 450 6x4,https://www.mascus.com/transportation/other-trucks/iveco-trakker-450-6x4/3s4gboam.html
Peterbilt 357,Company,2005,,United States,Other Trucks,Peterbilt 357,https://www.mascus.com/transportation/other-trucks/peterbilt-357/aogi5m5j.html
Peugeot Boxer,Company,2019,"104,969 miles",France,Dump Trucks,Peugeot Boxer,https://www.mascus.com/transportation/tipper-trucks/peugeot-boxer/ar9tikds.html
Scania R660 V8 6x4 Lift-As Full Air Retarder *579 Tkm* Ap,Company,2022,"360,266 miles",Netherlands,Cab & Chassis Trucks,Scania R660 V8 6x4 Lift-As Full Air Retarder *579 Tkm* Ap,https://www.mascus.com/transportation/chassis-cab-trucks/scania-r660-v8-6x4-lift-as-full-air-retarder-579-tkm-ap/gobibohf.html
Freightliner M2106,Company,2018,"139,055 miles",United States,Box trucks,Freightliner M2106,https://www.mascus.com/transportation/box-body-trucks/freightliner-m2106/6udgboct.html
Volvo FM500 8x4 HMF 2620K5 Kran,Company,2014,"297,015 miles",Denmark,Dump Trucks,Volvo FM500 8x4 HMF 2620K5 Kran,https://www.mascus.com/transportation/tipper-trucks/volvo-fm500-8x4-hmf-2620k5-kran/esho4ras.html
"Mercedes-Benz 2030 L Antos 4x2, Kran,Generator,Plane,Hydraulik",Company,2017,,Germany,Dump Trucks,"Mercedes-Benz 2030 L Antos 4x2, Kran,Generator,Plane,Hydraulik",https://www.mascus.com/transportation/tipper-trucks/mercedes-benz-2030-l-antos-4x2-kran-generator-plane-hydraulik/esan5geo.html
Iveco X-Way 480 / 6X4 / NEW / HMF 2243Z-RCS Z-Crane,Company,2025,806 miles,Hungary,Dump Trucks,Iveco X-Way 480 / 6X4 / NEW / HMF 2243Z-RCS Z-Crane,https://www.mascus.com/transportation/tipper-trucks/iveco-x-way-480-6x4-new-hmf-2243z-rcs-z-crane/hlfucn9k.html
Hino 268,Company,2020,"128,055 miles",United States,Box trucks,Hino 268,https://www.mascus.com/transportation/box-body-trucks/hino-268/hfdqaf3s.html
Mercedes-Benz Atego 823 4x2 Meiller 3 Seitenkipper,Company,2018,"51,367 miles",Netherlands,Dump Trucks,Mercedes-Benz Atego 823 4x2 Meiller 3 Seitenkipper,https://www.mascus.com/transportation/tipper-trucks/mercedes-benz-atego-823-4x2-meiller-3-seitenkipper/3scjdhit.html
Ford F-450,Company,2015,"98,006 miles",United States,Flatbed Trucks,Ford F-450,https://www.mascus.com/transportation/flatbed-dropside-trucks/ford-f-450/ek6g9o7i.html
Isuzu NQR,Company,2008,,United Kingdom,Flatbed Trucks,Isuzu NQR,https://www.mascus.com/transportation/flatbed-dropside-trucks/isuzu-nqr/4rhk8mam.html
Ford F-450,Company,2010,"93,935 miles",United States,Flatbed Trucks,Ford F-450,https://www.mascus.com/transportation/flatbed-dropside-trucks/ford-f-450/gmboef9s.html
MAN TGS 25.460,Company,2017,"208,781 miles",Germany,Hook lift trucks,MAN TGS 25.460,https://www.mascus.com/transportation/hook-lift-trucks/man-tgs-25-460/8fgielbr.html
Renault D 280 4X2 Risa GT2 Drilling Installation Truck Rem,Company,2021,"29,821 miles",Netherlands,Other Trucks,Renault D 280 4X2 Risa GT2 Drilling installation truck Rem,https://www.mascus.com/transportation/other-trucks/renault-d-280-4x2-risa-gt2-drilling-installation-truck-rem/cg8kahgj.html
Sisu DK 16 M 8x4,Company,2013,"503,311 miles",Finland,Demountable Trucks,Sisu DK 16 M 8x4,https://www.mascus.com/transportation/demountables-trucks/sisu-dk-16-m-8x4/bofg3pdo.html
International MV607,Company,2020,"228,667 miles",United States,Box trucks,International MV607,https://www.mascus.com/transportation/box-body-trucks/international-mv607/bmff4pgn.html
Mack MRU612 TerraPro,Company,2014,"208,341 miles",United States,Hook lift trucks,Mack MRU612 TerraPro,https://www.mascus.com/transportation/hook-lift-trucks/mack-mru612-terrapro/fkfsckao.html
Ford F750,Company,2008,"282,926 miles",United States,Reefer Trucks,Ford f750,https://www.mascus.com/transportation/temperature-controlled-trucks/ford-f750/3tbucfiq.html
Howo 371 6x4,Company,2023,"7,767 miles",China,Dump Trucks,Howo 371 6x4,https://www.mascus.com/transportation/tipper-trucks/howo-371-6x4/il3naldp.html
Mercedes-Benz Actros 3236,Company,2007,"262,849 miles",France,Concrete Trucks,Mercedes-Benz Actros 3236,https://www.mascus.com/transportation/concrete-trucks/mercedes-benz-actros-3236/clgldrat.html
Freightliner M2106,Company,2016,"184,824 miles",United States,Box trucks,Freightliner M2106,https://www.mascus.com/transportation/box-body-trucks/freightliner-m2106/fsfn7k6t.html
Kenworth T 800,Company,2004,"336,000 miles",United States,Dump Trucks,Kenworth T 800,https://www.mascus.com/transportation/tipper-trucks/kenworth-t-800/3p9tfmag.html
"Freightliner M2-106 12ft Dump Truck, Cummins, Auto",Company,2024,"5,773 miles",United States,Dump Trucks,"Freightliner M2-106 12ft Dump Truck, Cummins, Auto",https://www.mascus.com/transportation/tipper-trucks/freightliner-m2-106-12ft-dump-truck-cummins-auto/7ubf9k8p.html
Howo 375 6x4,Company,2024,"5,282 miles",China,Dump Trucks,Howo 375 6x4,https://www.mascus.com/transportation/tipper-trucks/howo-375-6x4/et7gigcg.html
Chevrolet Express 4500,Company,2015,"110,960 miles",United States,Box trucks,Chevrolet Express 4500,https://www.mascus.com/transportation/box-body-trucks/chevrolet-express-4500/dnhs8qek.html
International ProStar+122,Company,2016,"472,868 miles",United States,Dump Trucks,International ProStar+122,https://www.mascus.com/transportation/tipper-trucks/international-prostar-122/7rckdmah.html
Hino 268,Company,2020,"149,743 miles",United States,Reefer Trucks,Hino 268,https://www.mascus.com/transportation/temperature-controlled-trucks/hino-268/alfqcj3u.html
Mack PINNACLE 64R,Company,2026,332 miles,United States,Dump Trucks,Mack PINNACLE 64R,https://www.mascus.com/transportation/tipper-trucks/mack-pinnacle-64r/9ffo9mco.html
Freightliner M2 106,Company,2017,"118,730 miles",United States,Reefer Trucks,Freightliner M2 106,https://www.mascus.com/transportation/temperature-controlled-trucks/freightliner-m2-106/hm9lalbk.html
Mercedes-Benz MB ACTROS 2645LS/33,Company,2022,"341,537 miles",South Africa,Other Trucks,Mercedes-Benz MB ACTROS 2645LS/33,https://www.mascus.com/transportation/other-trucks/mercedes-benz-mb-actros-2645ls-33/7k7scf6t.html
GM C7000,Company,1981,,United States,Flatbed Trucks,GM C7000,https://www.mascus.com/transportation/flatbed-dropside-trucks/gm-c7000/gr8ibtfi.html
Mack TE64,Company,2026,,United States,Other Trucks,Mack TE64,https://www.mascus.com/transportation/other-trucks/mack-te64/5jgi8jem.html
Chevrolet Express G3500,Company,2024,"34,581 miles",United States,Reefer Trucks,Chevrolet Express G3500,https://www.mascus.com/transportation/temperature-controlled-trucks/chevrolet-express-g3500/3mbl5hcl.html
Howo 375 8x4,Company,2024,"4,660 miles",China,Dump Trucks,Howo 375 8x4,https://www.mascus.com/transportation/tipper-trucks/howo-375-8x4/8fhp6g5g.html
"DAF LF 230 EURO 6, Dhollandia, Carrier, 2 Comp",Company,2018,"174,916 miles",Netherlands,Reefer Trucks,"DAF LF 230 EURO 6, Dhollandia, Carrier, 2 comp",https://www.mascus.com/transportation/temperature-controlled-trucks/daf-lf-230-euro-6-dhollandia-carrier-2-comp/3j9jau6k.html
MAN TGS 18.360 Lkw Mit Anhänger JUMBO ZUG,Company,2009,"469,699 miles",Austria,Other Trucks,MAN TGS 18.360 Lkw mit Anhänger JUMBO ZUG,https://www.mascus.com/transportation/other-trucks/man-tgs-18-360-lkw-mit-anhanger-jumbo-zug/dphf9tai.html
Mercedes-Benz Actros 1842 4X2 Franz Mersch Car Transporter Combi,Company,2012,"538,986 miles",Netherlands,Car Haulers,Mercedes-Benz Actros 1842 4X2 Franz Mersch Car transporter combi,https://www.mascus.com/transportation/vehicle-transporters/mercedes-benz-actros-1842-4x2-franz-mersch-car-transporter-combi/6q5l8ran.html
MAN TGM 4x2 Threesided Kipper 8m3 E4 VIN 746,Company,2008,"262,313 miles",Slovak Republic,Dump Trucks,MAN TGM 4x2 threesided kipper 8m3 E4 VIN 746,https://www.mascus.com/transportation/tipper-trucks/man-tgm-4x2-threesided-kipper-8m3-e4-vin-746/9q5pckdl.html
"DAF LF 250 EURO 5, Anteo",Company,2013,"355,114 miles",Netherlands,Box trucks,"DAF LF 250 EURO 5, Anteo",https://www.mascus.com/transportation/box-body-trucks/daf-lf-250-euro-5-anteo/ikdn5n4l.html
Freightliner M2 106,Company,2017,,United States,Box trucks,Freightliner M2 106,https://www.mascus.com/transportation/box-body-trucks/freightliner-m2-106/6giofibn.html
Mercedes-Benz Actros 3236,Company,2007,"241,963 miles",France,Concrete Trucks,Mercedes-Benz Actros 3236,https://www.mascus.com/transportation/concrete-trucks/mercedes-benz-actros-3236/5ifiij9l.html
Mercedes-Benz Arocs 3251 8x4*4 JOAB L24 Ton / L=5700 Mm,Company,2016,"398,148 miles",Estonia,Hook lift trucks,Mercedes-Benz Arocs 3251 8x4*4 JOAB L24 ton / L=5700 mm,https://www.mascus.com/transportation/hook-lift-trucks/mercedes-benz-arocs-3251-8x4-4-joab-l24-ton-l-5700-mm/bj5j9h5g.html
DAF CF310 6X2 Palfinger PK 12000,Company,2005,"466,587 miles",Germany,Flatbed Trucks,DAF CF310 6X2 Palfinger PK 12000,https://www.mascus.com/transportation/flatbed-dropside-trucks/daf-cf310-6x2-palfinger-pk-12000/aiit5u8t.html
Peterbilt 567,Company,2024,,United States,Dump Trucks,Peterbilt 567,https://www.mascus.com/transportation/tipper-trucks/peterbilt-567/8h8q4gif.html
Volvo FM Electric 8x4,Company,2024,"6,214 miles",Finland,Hook lift trucks,Volvo FM Electric 8x4,https://www.mascus.com/transportation/hook-lift-trucks/volvo-fm-electric-8x4/dqcrgn8p.html
Renault T 430 T 6X2 NL-Truck Curtainsides Forklift Prepara,Company,2018,"184,345 miles",Netherlands,Curtain Side Trucks,Renault T 430 T 6X2 NL-Truck curtainsides Forklift prepara,https://www.mascus.com/transportation/curtainsider-trucks/renault-t-430-t-6x2-nl-truck-curtainsides-forklift-prepara/bi8h7tfq.html
Volvo VAH,Company,,,,,,https://www.mascus.com/transportation/vehicle-transporters/volvo-vah/9t6f8r9s.html
MAN TGS 26.520 TGS 26.520 6x4 Euro6e MultiLift 20s56,Company,2025,,Germany,Hook lift trucks,MAN TGS 26.520 TGS 26.520 6x4 Euro6e MultiLift 20s56,https://www.mascus.com/transportation/hook-lift-trucks/man-tgs-26-520-tgs-26-520-6x4-euro6e-multilift-20s56/bn4o3ncn.html
Freightliner 114SD,Company,2020,,United States,Concrete Trucks,Freightliner 114SD,https://www.mascus.com/transportation/concrete-trucks/freightliner-114sd/emhr8ufi.html
Terex FD4000,Company,2020,,United States,Concrete Trucks,Terex FD4000,https://www.mascus.com/transportation/concrete-trucks/terex-fd4000/7nbh5l9h.html
DAF FAT 75.320 6x4 Full Steel Hiab 17 Ton Haakarmsyste,Company,2000,"40,155 miles",Netherlands,Hook lift trucks,DAF FAT 75.320 6x4 Full steel Hiab 17 Ton haakarmsyste,https://www.mascus.com/transportation/hook-lift-trucks/daf-fat-75-320-6x4-full-steel-hiab-17-ton-haakarmsyste/hsag4sbl.html
Mack Granite GU713,Company,2012,"308,791 miles",United States,Dump Trucks,Mack Granite GU713,https://www.mascus.com/transportation/tipper-trucks/mack-granite-gu713/9hamdudm.html
GMC Sierra 3500,Company,2004,"118,390 miles",Canada,Flatbed Trucks,GMC Sierra 3500,https://www.mascus.com/transportation/flatbed-dropside-trucks/gmc-sierra-3500/fl3f7pfh.html
Western Star 4900SA,Company,2007,"483,228 miles",Canada,Log trucks,Western Star 4900SA,https://www.mascus.com/transportation/timber-trucks/western-star-4900sa/3n7q8q6g.html
Iveco Daily 35S14 Mit,Company,2018,"114,512 miles",Hungary,Other Trucks,Iveco Daily 35S14 Mit,https://www.mascus.com/transportation/other-trucks/iveco-daily-35s14-mit/ifcsbpbk.html
Scania P280 Retarder,Company,2014,"420,084 miles",Germany,Cab & Chassis Trucks,Scania P280 Retarder,https://www.mascus.com/transportation/chassis-cab-trucks/scania-p280-retarder/ekiofuam.html
Mercedes-Benz Atego 1522K 4x2 BB Meiller DSK AHK 6m³,Company,2007,"115,280 miles",Germany,Dump Trucks,Mercedes-Benz Atego 1522K 4x2 BB Meiller DSK AHK 6m³,https://www.mascus.com/transportation/tipper-trucks/mercedes-benz-atego-1522k-4x2-bb-meiller-dsk-ahk-6m3/7q4fdfaq.html
Howo 371 6x4,Company,2024,"4,701 miles",China,Dump Trucks,Howo 371 6x4,https://www.mascus.com/transportation/tipper-trucks/howo-371-6x4/5mimbo6i.html
Iveco Eurocargo 160E210 4X2 NEW 16tons Chassis! CNG Reta,Company,2026,7 miles,Netherlands,Cab & Chassis Trucks,Iveco Eurocargo 160E210 4X2 NEW 16tons chassis! CNG Reta,https://www.mascus.com/transportation/chassis-cab-trucks/iveco-eurocargo-160e210-4x2-new-16tons-chassis-cng-reta/hg5nhq6f.html
Scania R490 8X2*6 / HMF 50TM + JIB / NL-TRUCK,Company,2014,"353,446 miles",Netherlands,Boom / Crane / Bucket Trucks,Scania R490 8X2*6 / HMF 50TM + JIB / NL-TRUCK,https://www.mascus.com/transportation/crane-trucks/scania-r490-8x2-6-hmf-50tm-jib-nl-truck/gmeqcqeh.html
Volvo 6x4 Car Carrier Truck (Inoperable),Company,2013,,United States,Car Haulers,Volvo 6x4 Car Carrier Truck (Inoperable),https://www.mascus.com/transportation/vehicle-transporters/volvo-6x4-car-carrier-truck-inoperable/3niihigt.html
Freightliner M2 106,Company,2019,"136,507 miles",United States,Flatbed Trucks,Freightliner M2 106,https://www.mascus.com/transportation/flatbed-dropside-trucks/freightliner-m2-106/4feh8h9g.html
DAF CF 85.430,Company,,"356,667 miles",Hungary,Hook lift trucks,DAF CF 85.430,https://www.mascus.com/transportation/hook-lift-trucks/daf-cf-85-430/9hbt7h3j.html
MAN TGX 35.580,Company,2021,"512,631 miles",Finland,Wood Chippers,MAN TGX 35.580,https://www.mascus.com/transportation/wood-chip-trucks/man-tgx-35-580/4g5ghm7u.html
International 4300,Company,2017,"95,215 miles",United States,Box trucks,International 4300,https://www.mascus.com/transportation/box-body-trucks/international-4300/iqhi6k6o.html
Scania R560 ADR SUPER 8X4,Company,2025,"61,920 miles",Finland,Hook lift trucks,Scania R560 ADR SUPER 8X4,https://www.mascus.com/transportation/hook-lift-trucks/scania-r560-adr-super-8x4/5najclht.html
MAN TGM 18.290 * HIAB 099 BS-3 + FUNK + Anhänger*4x4,Company,2018,"48,467 miles",Poland,Dump Trucks,MAN TGM 18.290 * HIAB 099 BS-3 + FUNK + Anhänger*4x4,https://www.mascus.com/transportation/tipper-trucks/man-tgm-18-290-hiab-099-bs-3-funk-anhanger-4x4/fi9hcu9t.html
Mercedes-Benz Arocs 3243,Company,2019,"133,037 miles",France,Concrete Trucks,Mercedes-Benz Arocs 3243,https://www.mascus.com/transportation/concrete-trucks/mercedes-benz-arocs-3243/drefgu8i.html
Ford E-350 SD 16' Box Truck With Walk Ramp,Company,2022,"94,425 miles",United States,Box trucks,Ford E-350 SD 16' Box Truck With Walk Ramp,https://www.mascus.com/transportation/box-body-trucks/ford-e-350-sd-16-box-truck-with-walk-ramp/5tfp8uan.html
"Iveco X-Way AD300X46Z 6x4, Retarder, Navi",Company,,,Germany,Cab & Chassis Trucks,"Iveco X-Way AD300X46Z 6x4, Retarder, Navi",https://www.mascus.com/transportation/chassis-cab-trucks/iveco-x-way-ad300x46z-6x4-retarder-navi/asim9g8r.html
Scania R340 Tipper Truck 4x4,Company,2008,"245,442 miles",Hungary,Dump Trucks,Scania R340 Tipper truck 4x4,https://www.mascus.com/transportation/tipper-trucks/scania-r340-tipper-truck-4x4/9iitikds.html
Howo 380 6x4,Company,2025,"2,796 miles",China,Dump Trucks,Howo 380 6x4,https://www.mascus.com/transportation/tipper-trucks/howo-380-6x4/epines4p.html
Howo 371 8x4,Company,2024,"4,660 miles",China,Dump Trucks,Howo 371 8x4,https://www.mascus.com/transportation/tipper-trucks/howo-371-8x4/gq8f5kiu.html
Oshkosh MK23 MTVR,Company,2004,,United States,Box trucks,Oshkosh MK23 MTVR,https://www.mascus.com/transportation/box-body-trucks/oshkosh-mk23-mtvr/af7h7g7g.html
Isuzu NQR,Company,2012,"102,247 miles",United States,Flatbed Trucks,Isuzu NQR,https://www.mascus.com/transportation/flatbed-dropside-trucks/isuzu-nqr/cf8timdn.html
MAN TGS 26.360,Company,2014,"193,246 miles",Hungary,Dump Trucks,MAN TGS 26.360,https://www.mascus.com/transportation/tipper-trucks/man-tgs-26-360/3nir8lbr.html
Peterbilt 340,Company,2009,"251,034 miles",Canada,Boom / Crane / Bucket Trucks,Peterbilt 340,https://www.mascus.com/transportation/crane-trucks/peterbilt-340/gtfp3kap.html
Volvo FM380 6X2 JOAB 2 CONTAINER,Company,2019,"164,974 miles",Estonia,Skip loader trucks,Volvo FM380 6X2 JOAB 2 CONTAINER,https://www.mascus.com/transportation/skip-loader-trucks/volvo-fm380-6x2-joab-2-container/6rcm7m4j.html
Mercedes-Benz Actros 250 6x2 Fahrgestell Euro6 Lenk-/Lift,Company,2014,"772,168 miles",Germany,Cab & Chassis Trucks,Mercedes-Benz Actros 250 6x2 Fahrgestell Euro6 Lenk-/Lift,https://www.mascus.com/transportation/chassis-cab-trucks/mercedes-benz-actros-250-6x2-fahrgestell-euro6-lenk-lift/5uff7n3j.html
Volvo FH 540 HDS Palfinger PK 78002 SH + FlyJib,Company,2014,"110,604 miles",Poland,Flatbed Trucks,Volvo FH 540 HDS Palfinger PK 78002 SH + FlyJib,https://www.mascus.com/transportation/flatbed-dropside-trucks/volvo-fh-540-hds-palfinger-pk-78002-sh-flyjib/cpehco4s.html
Scania G 410 6x2 Pritsche Heckkran Palfinger PK 27002,Company,2016,"240,795 miles",Germany,Curtain Side Trucks,Scania G 410 6x2 Pritsche Heckkran Palfinger PK 27002,https://www.mascus.com/transportation/curtainsider-trucks/scania-g-410-6x2-pritsche-heckkran-palfinger-pk-27002/bu9g8h5u.html
Freightliner 108SD,Company,2020,,United States,Other Trucks,Freightliner 108SD,https://www.mascus.com/transportation/other-trucks/freightliner-108sd/8o9ngqhi.html
DAF LF 250 FA 4x2 Daycab Euro6 - 6CIL - Manual Transmi,Company,2015,"285,626 miles",Netherlands,Curtain Side Trucks,DAF LF 250 FA 4x2 Daycab Euro6 - 6CIL - Manual transmi,https://www.mascus.com/transportation/curtainsider-trucks/daf-lf-250-fa-4x2-daycab-euro6-6cil-manual-transmi/efcrgs6j.html
Volvo FM12 8x2,Company,2004,"386,493 miles",Finland,Boom / Crane / Bucket Trucks,Volvo FM12 8x2,https://www.mascus.com/transportation/crane-trucks/volvo-fm12-8x2/9hhncm3s.html
Volvo FH 420,Company,2015,"221,829 miles",Sweden,Dump Trucks,Volvo FH 420,https://www.mascus.com/transportation/tipper-trucks/volvo-fh-420/ef6n6fhl.html
Mercedes-Benz Arocs 3251 8x4 Camion Ampliroll Avec Grue 8x4 Roll,Company,2015,"125,081 miles",France,Skip loader trucks,Mercedes-Benz Arocs 3251 8x4 Camion Ampliroll Avec Grue 8x4 Roll,https://www.mascus.com/transportation/skip-loader-trucks/mercedes-benz-arocs-3251-8x4-camion-ampliroll-avec-grue-8x4-roll/gn9l9f8n.html
MAN TGM 18.320 MAN TGM 18.320 4X4 Euro 6e Euromix 3-Se,Company,2025,,Germany,Dump Trucks,MAN TGM 18.320 MAN TGM 18.320 4X4 Euro 6e Euromix 3-Se,https://www.mascus.com/transportation/tipper-trucks/man-tgm-18-320-man-tgm-18-320-4x4-euro-6e-euromix-3-se/ijfkfhik.html
Renault Midlum 220,Company,2011,"310,064 miles",Finland,Reefer Trucks,Renault Midlum 220,https://www.mascus.com/transportation/temperature-controlled-trucks/renault-midlum-220/4khfbp5o.html
Scania R560 8X4,Company,2014,"431,634 miles",Finland,Hook lift trucks,Scania R560 8X4,https://www.mascus.com/transportation/hook-lift-trucks/scania-r560-8x4/ip6rbtfj.html
Mack Granite,Company,2022,,United States,Dump Trucks,Mack Granite,https://www.mascus.com/transportation/tipper-trucks/mack-granite/fh3pat4j.html
"Mercedes-Benz ACTROS 2636* KIPPER 5,25 + BORDMATIC / 6x4",Company,2011,"334,298 miles",Poland,Boom / Crane / Bucket Trucks,"Mercedes-Benz ACTROS 2636* KIPPER 5,25 + BORDMATIC / 6x4",https://www.mascus.com/transportation/crane-trucks/mercedes-benz-actros-2636-kipper-5-25-bordmatic-6x4/4m4fin7j.html
Freightliner M2106,Company,2020,"166,386 miles",United States,Box trucks,Freightliner M2106,https://www.mascus.com/transportation/box-body-trucks/freightliner-m2106/ek6gigaf.html
Volvo FH12,Company,2008,"466,028 miles",Lithuania,Log trucks,Volvo FH12,https://www.mascus.com/transportation/timber-trucks/volvo-fh12/6gbrhn5o.html
Iveco 70 C 18 DoKa/Kipper/Palfinger Kran/Greifer/2xAHK,Company,2018,"54,774 miles",Germany,Dump Trucks,Iveco 70 C 18 DoKa/Kipper/Palfinger Kran/Greifer/2xAHK,https://www.mascus.com/transportation/tipper-trucks/iveco-70-c-18-doka-kipper-palfinger-kran-greifer-2xahk/aphj7lft.html
Volvo FM330 EURO 6 + ZEPRO 2500 Kg.,Company,2015,,Lithuania,Box trucks,Volvo FM330 EURO 6 + ZEPRO 2500 Kg.,https://www.mascus.com/transportation/box-body-trucks/volvo-fm330-euro-6-zepro-2500-kg/6i3k3g5r.html
Volvo FE 6x2 Concrete Truck W/ 7m3 Drum,Company,2012,"109,835 miles",Norway,Concrete Trucks,Volvo FE 6x2 concrete truck w/ 7m3 drum,https://www.mascus.com/transportation/concrete-trucks/volvo-fe-6x2-concrete-truck-w-7m3-drum/fs4f9h9g.html
DAF XF 530,Company,2019,"424,075 miles",Netherlands,Hook lift trucks,DAF XF 530,https://www.mascus.com/transportation/hook-lift-trucks/daf-xf-530/5jaqal6g.html
Mercedes-Benz ACTROS 2646 Hook Lift,Company,2012,"144,371 miles",Hungary,Hook lift trucks,Mercedes-Benz ACTROS 2646 Hook lift,https://www.mascus.com/transportation/hook-lift-trucks/mercedes-benz-actros-2646-hook-lift/im7qhp3r.html
MAN TGL 12 220,Company,2012,"385,581 miles",Poland,Winch trucks,MAN TGL 12 220,https://www.mascus.com/transportation/beavertail-flatbed---winch-trucks/man-tgl-12-220/dmfqcpal.html
Mitsubishi Fuso Fighter FM600,Company,2007,"431,721 miles",Australia,Curtain Side Trucks,Mitsubishi Fuso Fighter FM600,https://www.mascus.com/transportation/curtainsider-trucks/mitsubishi-fuso-fighter-fm600/6m6oatfu.html
MAN TGX 18.400 4x2 Pritsche Kran Atlas 190.2E-A2,Company,2011,"253,222 miles",Germany,Flatbed Trucks,MAN TGX 18.400 4x2 Pritsche Kran Atlas 190.2E-A2,https://www.mascus.com/transportation/flatbed-dropside-trucks/man-tgx-18-400-4x2-pritsche-kran-atlas-190-2e-a2/gl4ihhdf.html
Hino 185,Company,2010,"129,489 miles",Canada,Box trucks,Hino 185,https://www.mascus.com/transportation/box-body-trucks/hino-185/aqcp4mah.html
Isuzu NPR HD,Company,2021,"75,140 miles",United States,Box trucks,Isuzu NPR HD,https://www.mascus.com/transportation/box-body-trucks/isuzu-npr-hd/gngmijff.html
Volvo FH 500 FH 6X4 Full-Air Liftachse HMF 2820K-RCS Cra,Company,2022,"102,028 miles",Netherlands,Flatbed Trucks,Volvo FH 500 FH 6X4 Full-Air Liftachse HMF 2820K-RCS Cra,https://www.mascus.com/transportation/flatbed-dropside-trucks/volvo-fh-500-fh-6x4-full-air-liftachse-hmf-2820k-rcs-cra/hudi9fft.html
DAF XF 530 FAS,Company,2020,"74,565 miles",common.country_,Cab & Chassis Trucks,DAF XF 530 FAS,https://www.mascus.com/transportation/chassis-cab-trucks/daf-xf-530-fas/hkhrik8n.html
Mercedes-Benz Mercedes Antos Korridorbil/Kylbil,Company,2013,"430,299 miles",Sweden,Reefer Trucks,Mercedes-Benz Mercedes Antos Korridorbil/kylbil,https://www.mascus.com/transportation/temperature-controlled-trucks/mercedes-benz-mercedes-antos-korridorbil-kylbil/gmhr6rgs.html
Iveco 70c17 // Med Lad Og Presenning,Company,2016,"108,740 miles",Denmark,Flatbed Trucks,Iveco 70c17 // med lad og presenning,https://www.mascus.com/transportation/flatbed-dropside-trucks/iveco-70c17-med-lad-og-presenning/fn5m7jgg.html
Renault Premium 410 6x2/Getränkewagen/Eu4/LBW,Company,2006,"311,677 miles",Germany,Other Trucks,Renault Premium 410 6x2/Getränkewagen/Eu4/LBW,https://www.mascus.com/transportation/other-trucks/renault-premium-410-6x2-getrankewagen-eu4-lbw/5s3j6r3k.html
International MV607LP,Company,2022,"83,659 miles",United States,Box trucks,International MV607LP,https://www.mascus.com/transportation/box-body-trucks/international-mv607lp/djfm8g9q.html
Scania P230 LOW KLM + CARRIER + LOADLIFT +,Company,2012,"236,445 miles",Netherlands,Reefer Trucks,Scania P230 LOW KLM + CARRIER + LOADLIFT +,https://www.mascus.com/transportation/temperature-controlled-trucks/scania-p230-low-klm-carrier-loadlift/dg4letbi.html
Scania R560 6x2 EURO4 + ASFALT TIPPER + RETARDER,Company,2009,"397,050 miles",Estonia,Dump Trucks,Scania R560 6x2 EURO4 + ASFALT TIPPER + RETARDER,https://www.mascus.com/transportation/tipper-trucks/scania-r560-6x2-euro4-asfalt-tipper-retarder/dm7t9h6m.html
"Mercedes-Benz AXOR 1823 * KIPPER 4,45 M * TOPZUSTAND",Company,2007,"128,624 miles",Poland,Dump Trucks,"Mercedes-Benz AXOR 1823 * KIPPER 4,45 m * TOPZUSTAND",https://www.mascus.com/transportation/tipper-trucks/mercedes-benz-axor-1823-kipper-4-45-m-topzustand/3i4kiqei.html
Mercedes-Benz Actros 2532 6X2 2000kg Ladebordwand Steering Axle,Company,2023,310 miles,Netherlands,Box trucks,Mercedes-Benz Actros 2532 6X2 2000kg Ladebordwand Steering Axle,https://www.mascus.com/transportation/box-body-trucks/mercedes-benz-actros-2532-6x2-2000kg-ladebordwand-steering-axle/9rfp9uhg.html
Mack GU713,Company,2013,"236,000 miles",United States,Dump Trucks,Mack GU713,https://www.mascus.com/transportation/tipper-trucks/mack-gu713/4r3iep3p.html
Hino 268,Company,,,,,,https://www.mascus.com/transportation/box-body-trucks/hino-268/bo8k3u3g.html
MAN TGM 18.290 4X2 BL / Ladebordwand,Company,2017,"190,384 miles",Germany,Box trucks,MAN TGM 18.290 4X2 BL / Ladebordwand,https://www.mascus.com/transportation/box-body-trucks/man-tgm-18-290-4x2-bl-ladebordwand/8hgl4l3n.html
Volvo FM Volvo FM 420 6x2 Stuur-As L.Z.V Uitvoering,Company,2018,"361,017 miles",Netherlands,Box trucks,Volvo FM Volvo FM 420 6x2 Stuur-As L.Z.V uitvoering,https://www.mascus.com/transportation/box-body-trucks/volvo-fm-volvo-fm-420-6x2-stuur-as-l-z-v-uitvoering/asgj3q4f.html
Freightliner M2 106,Company,2019,"2,031 miles",United States,Flatbed Trucks,Freightliner M2 106,https://www.mascus.com/transportation/flatbed-dropside-trucks/freightliner-m2-106/7gbjdk9h.html
Iveco Eurocargo 140E + CARRIER + MANUAL + ATP!! LIFT +,Company,2012,"269,433 miles",Netherlands,Reefer Trucks,Iveco Eurocargo 140E + CARRIER + MANUAL + ATP!! LIFT +,https://www.mascus.com/transportation/temperature-controlled-trucks/iveco-eurocargo-140e-carrier-manual-atp-lift/8lcqflgr.html
Mercedes-Benz ACTROS 2545 / ZESTAW TANDEM 120 M3 / PRZEJAZDOWY /,Company,2021,"439,309 miles",Poland,Curtain Side Trucks,Mercedes-Benz ACTROS 2545 / ZESTAW TANDEM 120 M3 / PRZEJAZDOWY /,https://www.mascus.com/transportation/curtainsider-trucks/mercedes-benz-actros-2545-zestaw-tandem-120-m3-przejazdowy/engocogo.html
International 4200,Company,2003,,United States,Dump Trucks,International 4200,https://www.mascus.com/transportation/tipper-trucks/international-4200/9kfpdhiq.html
"DAF LF 280 4x2, Tele-Absetzer, Schwenkbar",Company,2016,"171,247 miles",Germany,Demountable Trucks,"DAF LF 280 4x2, Tele-Absetzer, schwenkbar",https://www.mascus.com/transportation/demountables-trucks/daf-lf-280-4x2-tele-absetzer-schwenkbar/ig3saf3l.html
CAT W00 725,Company,2023,,United States,Tank Trucks,CAT W00 725,https://www.mascus.com/transportation/tank-trucks/cat-w00-725/fh3s6k4m.html
Mack GU713,Company,2011,"361,000 miles",United States,Dump Trucks,Mack GU713,https://www.mascus.com/transportation/tipper-trucks/mack-gu713/5odu4n8h.html
MAN TGS 41.470 BB 8x8 Allrad Kipper Meiller,Company,2020,"86,518 miles",Germany,Dump Trucks,MAN TGS 41.470 BB 8x8 Allrad Kipper Meiller,https://www.mascus.com/transportation/tipper-trucks/man-tgs-41-470-bb-8x8-allrad-kipper-meiller/al3p7haj.html
MAN TGL 8.210 | 3x Sitze*2x AHK*Tempomat*1.Hand!,Company,2006,"143,251 miles",Germany,Flatbed Trucks,MAN TGL 8.210 | 3x Sitze*2x AHK*Tempomat*1.Hand!,https://www.mascus.com/transportation/flatbed-dropside-trucks/man-tgl-8-210-3x-sitze-2x-ahk-tempomat-1-hand/fkgrfuhl.html
"Thwaites 2,3 TONNE",Company,2013,,Austria,Dump Trucks,"Thwaites 2,3 TONNE",https://www.mascus.com/transportation/tipper-trucks/thwaites-2-3-tonne/fkitak7r.html
MAN TGS 28.400 BL 6x4-4 / PK12002/ PALIFT/Winterdienst,Company,2008,"115,264 miles",Austria,Hook lift trucks,MAN TGS 28.400 BL 6x4-4 / PK12002/ PALIFT/Winterdienst,https://www.mascus.com/transportation/hook-lift-trucks/man-tgs-28-400-bl-6x4-4-pk12002-palift-winterdienst/4n9t7tgi.html
Volvo FM 9 300,Company,2007,"453,601 miles",Portugal,Flatbed Trucks,Volvo FM 9 300,https://www.mascus.com/transportation/flatbed-dropside-trucks/volvo-fm-9-300/du7ffjif.html
Sisu CM16M,Company,2020,"238,588 miles",Finland,Dump Trucks,Sisu CM16M,https://www.mascus.com/transportation/tipper-trucks/sisu-cm16m/amer5fht.html
"Mercedes-Benz ACTROS 2546, EURO6, THERMOKING T 1000R, LBW-BÄR, L",Company,2024,"87,585 miles",Austria,Reefer Trucks,"Mercedes-Benz ACTROS 2546, EURO6, THERMOKING T 1000R, LBW-BÄR, L",https://www.mascus.com/transportation/temperature-controlled-trucks/mercedes-benz-actros-2546-euro6-thermoking-t-1000r-lbw-bar-l/7o4s3rij.html
Scania R 500,Company,2008,"346,588 miles",Finland,Demountable Trucks,Scania R 500,https://www.mascus.com/transportation/demountables-trucks/scania-r-500/9t9i9n7o.html
Mercedes-Benz Arocs 3240 8X4 9m3 Stetter Mixer Full Steel Euro 6,Company,2017,"113,662 miles",Netherlands,Concrete Trucks,Mercedes-Benz Arocs 3240 8X4 9m3 Stetter Mixer Full Steel Euro 6,https://www.mascus.com/transportation/concrete-trucks/mercedes-benz-arocs-3240-8x4-9m3-stetter-mixer-full-steel-euro-6/efdt8gbu.html
MAN TGM 15.290 Do Energetyki + HDS Palfinger PK9002EH,Company,2013,"107,963 miles",Poland,Boom / Crane / Bucket Trucks,MAN TGM 15.290 Do Energetyki + HDS Palfinger PK9002EH,https://www.mascus.com/transportation/crane-trucks/man-tgm-15-290-do-energetyki-hds-palfinger-pk9002eh/hg9s7lan.html
Renault Master,Company,2018,"71,000 miles",France,Dump Trucks,Renault Master,https://www.mascus.com/transportation/tipper-trucks/renault-master/er8g9rgl.html
MAN TGX 18.360 4x2 Camion A Rideaux Coulissants Curtai,Company,2010,"631,581 miles",France,Curtain Side Trucks,MAN TGX 18.360 4x2 Camion A Rideaux Coulissants Curtai,https://www.mascus.com/transportation/curtainsider-trucks/man-tgx-18-360-4x2-camion-a-rideaux-coulissants-curtai/6t8t7g5s.html
Scania T 114 340 6x4 Tipper,Company,2001,"375,308 miles",Netherlands,Dump Trucks,Scania T 114 340 6x4 tipper,https://www.mascus.com/transportation/tipper-trucks/scania-t-114-340-6x4-tipper/fn7i6i6j.html
Scania R450B6X2*4NB Serie 0795,Company,2019,"556,391 miles",Sweden,Reefer Trucks,Scania R450B6X2*4NB serie 0795,https://www.mascus.com/transportation/temperature-controlled-trucks/scania-r450b6x2-4nb-serie-0795/gr7g8iaf.html
"Iveco Daily 70C17K 4x2, EEV, City-Abroller",Company,2011,"120,521 miles",Germany,Hook lift trucks,"Iveco Daily 70C17K 4x2, EEV, City-Abroller",https://www.mascus.com/transportation/hook-lift-trucks/iveco-daily-70c17k-4x2-eev-city-abroller/apcmghgh.html
Freightliner Business Class M2 106,Company,2018,"278,598 miles",United States,Flatbed Trucks,Freightliner Business Class M2 106,https://www.mascus.com/transportation/flatbed-dropside-trucks/freightliner-business-class-m2-106/3f8t7hhu.html
MAN TGX 26.460 6x2/4 XLX Euro 6 - Curtainsider Combi +,Company,2018,"468,378 miles",Netherlands,Box trucks,MAN TGX 26.460 6x2/4 XLX Euro 6 - Curtainsider Combi +,https://www.mascus.com/transportation/box-body-trucks/man-tgx-26-460-6x2-4-xlx-euro-6-curtainsider-combi/cidgfmeu.html
Scania R450 6x4 PALFINGER PK 53002 SH Crane Fly Jib 5t,Company,2017,"179,866 miles",Poland,Boom / Crane / Bucket Trucks,Scania R450 6x4 PALFINGER PK 53002 SH Crane Fly Jib 5t,https://www.mascus.com/transportation/crane-trucks/scania-r450-6x4-palfinger-pk-53002-sh-crane-fly-jib-5t/3gah5k7h.html
Freightliner M2106,Company,2019,"332,488 miles",United States,Box trucks,Freightliner M2106,https://www.mascus.com/transportation/box-body-trucks/freightliner-m2106/5mhn5p9l.html
Mercedes-Benz Actros 4160 S 8x4 Raskaslavettiveturi 2012,Company,2012,"226,800 miles",Finland,Other Trucks,Mercedes-Benz Actros 4160 S 8x4 raskaslavettiveturi 2012,https://www.mascus.com/transportation/other-trucks/mercedes-benz-actros-4160-s-8x4-raskaslavettiveturi-2012/gt7n9pfs.html
Kenworth T880,Company,2018,,Mexico,Other Trucks,Kenworth T880,https://www.mascus.com/transportation/other-trucks/kenworth-t880/6gftbi8s.html
Volvo FMX 460 Kipper * TOPZUSTAND / 8x4 !,Company,2018,"282,102 miles",Poland,Dump Trucks,Volvo FMX 460 Kipper * TOPZUSTAND / 8x4 !,https://www.mascus.com/transportation/tipper-trucks/volvo-fmx-460-kipper-topzustand-8x4/eshkdi9i.html
Scania G 490,Company,2016,"441,173 miles",Finland,Container Trucks,Scania G 490,https://www.mascus.com/transportation/containerframe-trucks/scania-g-490/bper8pcm.html
Hino 268,Company,2020,"194,000 miles",United States,Other Trucks,Hino 268,https://www.mascus.com/transportation/other-trucks/hino-268/4o3n4n6n.html
MAN TGA 35.480 8x6H PALFINGER PK 85002 Crane Winch,Company,2007,"252,557 miles",Poland,Boom / Crane / Bucket Trucks,MAN TGA 35.480 8x6H PALFINGER PK 85002 Crane Winch,https://www.mascus.com/transportation/crane-trucks/man-tga-35-480-8x6h-palfinger-pk-85002-crane-winch/9qdr8fhu.html
DAF LF 280 FA ----R-005,Company,2014,,Spain,Reefer Trucks,DAF LF 280 FA ----R-005,https://www.mascus.com/transportation/temperature-controlled-trucks/daf-lf-280-fa-r-005/7t6s4h4t.html
"Volvo FH WoodPro (Uudet Suuttimet, Kytkin Yms)",Company,2019,"463,232 miles",Finland,Log trucks,"Volvo FH WoodPro (uudet suuttimet, kytkin yms)",https://www.mascus.com/transportation/timber-trucks/volvo-fh-woodpro-uudet-suuttimet-kytkin-yms/andrciei.html
DAF CF 290 + CARRIER + LOADLIFT,Company,2017,"602,527 miles",Netherlands,Reefer Trucks,DAF CF 290 + CARRIER + LOADLIFT,https://www.mascus.com/transportation/temperature-controlled-trucks/daf-cf-290-carrier-loadlift/8hbn5rfi.html
MAN TGS 32.430 8X4 9m3 Stetter Mixer Full Steel Euro 6,Company,2023,"26,874 miles",Netherlands,Concrete Trucks,MAN TGS 32.430 8X4 9m3 Stetter Mixer Full Steel Euro 6,https://www.mascus.com/transportation/concrete-trucks/man-tgs-32-430-8x4-9m3-stetter-mixer-full-steel-euro-6/7n6rfq5f.html
Volvo FMX 500 FMX 8X4 27m3 AJK Pusher 45Tons Payload Min,Company,2021,"3,868 miles",Netherlands,Dump Trucks,Volvo FMX 500 FMX 8X4 27m3 AJK Pusher 45Tons Payload Min,https://www.mascus.com/transportation/tipper-trucks/volvo-fmx-500-fmx-8x4-27m3-ajk-pusher-45tons-payload-min/iq9tbgaf.html
Scania G 490,Company,2015,"181,550 miles",Sweden,Concrete Trucks,Scania G 490,https://www.mascus.com/transportation/concrete-trucks/scania-g-490/dnfh8tbk.html
Scania P420 Abroller Org 357Tkm Meiler 6x2 Eu5Tüv3/27,Company,2010,"221,954 miles",Germany,Hook lift trucks,Scania P420 Abroller org 357Tkm Meiler 6x2 Eu5Tüv3/27,https://www.mascus.com/transportation/hook-lift-trucks/scania-p420-abroller-org-357tkm-meiler-6x2-eu5tuv3-27/3l8ibtan.html
International 9400,Company,1996,"977,097 miles",United States,Other Trucks,International 9400,https://www.mascus.com/transportation/other-trucks/international-9400/8pdgbg8o.html
Freightliner M2106,Company,2009,"188,457 miles",United States,Dump Trucks,Freightliner M2106,https://www.mascus.com/transportation/tipper-trucks/freightliner-m2106/6mfs4fdk.html
Chevrolet Express 3500,Company,2024,"47,520 miles",United States,Reefer Trucks,Chevrolet Express 3500,https://www.mascus.com/transportation/temperature-controlled-trucks/chevrolet-express-3500/eiejegbj.html
Renault MIDLUM 240(12t) DXI+E5+HAYON,Company,2012,"256,595 miles",Belgium,Curtain Side Trucks,Renault MIDLUM 240(12t) DXI+E5+HAYON,https://www.mascus.com/transportation/curtainsider-trucks/renault-midlum-240-12t-dxi-e5-hayon/7k3qbhci.html
Kenworth W900,Company,2005,"254,674 miles",United States,Concrete Trucks,Kenworth W900,https://www.mascus.com/transportation/concrete-trucks/kenworth-w900/ct7kandf.html
Scania / P 420 / 8 X 4 / TRIDEM / SKRZYNIOWY + HDS,Company,2011,"254,762 miles",Poland,Boom / Crane / Bucket Trucks,Scania / P 420 / 8 X 4 / TRIDEM / SKRZYNIOWY + HDS,https://www.mascus.com/transportation/crane-trucks/scania-p-420-8-x-4-tridem-skrzyniowy-hds/7kemdn5m.html
Volvo FM 460 8X2 NEW OVERMAT MSA 13.6.3 TWIN PTO Dry + L,Company,2024,58 miles,Netherlands,Concrete Trucks,Volvo FM 460 8X2 NEW OVERMAT MSA 13.6.3 TWIN PTO Dry + L,https://www.mascus.com/transportation/concrete-trucks/volvo-fm-460-8x2-new-overmat-msa-13-6-3-twin-pto-dry-l/4f9mdkbi.html
"DAF XF 480 6x2, EURO 6, Jumbo, Combi, Retarder",Company,2019,"470,689 miles",Netherlands,Flatbed Trucks,"DAF XF 480 6x2, EURO 6, Jumbo, Combi, Retarder",https://www.mascus.com/transportation/flatbed-dropside-trucks/daf-xf-480-6x2-euro-6-jumbo-combi-retarder/3rgoildm.html
"Renault Premium 430 Dxi 6x2, EURO 5, PTO, Livestock Traile",Company,2010,"517,291 miles",Netherlands,Animal transport trucks,"Renault Premium 430 Dxi 6x2, EURO 5, PTO, livestock traile",https://www.mascus.com/transportation/animal-transport-trucks/renault-premium-430-dxi-6x2-euro-5-pto-livestock-traile/ah4i8h8r.html
Iveco EuroCargo 130 E25 Doka / 7Pl. Container,Company,2010,"83,761 miles",Belgium,Hook lift trucks,Iveco EuroCargo 130 E25 Doka / 7Pl. Container,https://www.mascus.com/transportation/hook-lift-trucks/iveco-eurocargo-130-e25-doka-7pl-container/4jgobogl.html
MAN TGA 26.390,Company,,"447,387 miles",Hungary,Flatbed Trucks,MAN TGA 26.390,https://www.mascus.com/transportation/flatbed-dropside-trucks/man-tga-26-390/hiimgt5s.html
"Volvo FM450 Box Truck 6x2 W/ Full Side Opening, 2 Zone U",Company,2016,"323,113 miles",Norway,Reefer Trucks,"Volvo FM450 box truck 6x2 w/ full side opening, 2 zone u",https://www.mascus.com/transportation/temperature-controlled-trucks/volvo-fm450-box-truck-6x2-w-full-side-opening-2-zone-u/6u8u4mbk.html
Cart-Away 10,Company,2000,,United States,Other Trucks,Cart-Away 10,https://www.mascus.com/transportation/other-trucks/cart-away-10/anek5f7l.html
Volvo FMX 500 FMX 8X4 22m3 Mining Tipper 52tons GVW Stee,Company,,1 miles,Netherlands,Dump Trucks,Volvo FMX 500 FMX 8X4 22m3 Mining tipper 52tons GVW Stee,https://www.mascus.com/transportation/tipper-trucks/volvo-fmx-500-fmx-8x4-22m3-mining-tipper-52tons-gvw-stee/bngu5mhq.html
Iveco DAILY 60C15,Company,2018,"192,376 miles",Czech Republic,Box trucks,Iveco DAILY 60C15,https://www.mascus.com/transportation/box-body-trucks/iveco-daily-60c15/enifbjfm.html
MAN TGX 18.540,Company,2012,"590,302 miles",Latvia,Dump Trucks,MAN TGX 18.540,https://www.mascus.com/transportation/tipper-trucks/man-tgx-18-540/8ickfrcr.html
Iveco DAILY 72C18 REGRIGERATOR BOX -10*C LIFT 9,Company,2019,"131,296 miles",Germany,Reefer Trucks,Iveco DAILY 72C18 REGRIGERATOR BOX -10*C LIFT 9,https://www.mascus.com/transportation/temperature-controlled-trucks/iveco-daily-72c18-regrigerator-box-10-c-lift-9/aidn5kff.html
Isuzu NRR-3U454,Company,2026,,United States,Cab & Chassis Trucks,Isuzu NRR-3U454,https://www.mascus.com/transportation/chassis-cab-trucks/isuzu-nrr-3u454/crhkbjgp.html
Sterling,Company,2005,,United States,Tank Trucks,Sterling,https://www.mascus.com/transportation/tank-trucks/sterling/5i7t9reh.html
Mack CV713,Company,2005,,United States,Concrete Trucks,Mack CV713,https://www.mascus.com/transportation/concrete-trucks/mack-cv713/eneidq6u.html
Freightliner MT45,Company,2004,"210,020 miles",United States,Other Trucks,Freightliner MT45,https://www.mascus.com/transportation/other-trucks/freightliner-mt45/er7p4jdm.html
Nissan 3500,Company,2025,,Spain,Dump Trucks,Nissan 3500,https://www.mascus.com/transportation/tipper-trucks/nissan-3500/4t4tbf6t.html
"Mercedes-Benz 1833 Axor Mit Terex 75,2 Kran 5 Hydr.Aus-Schub",Company,2010,"246,548 miles",Germany,Boom / Crane / Bucket Trucks,"Mercedes-Benz 1833 Axor mit Terex 75,2 Kran 5 Hydr.Aus-Schub",https://www.mascus.com/transportation/crane-trucks/mercedes-benz-1833-axor-mit-terex-75-2-kran-5-hydr-aus-schub/itcn8m8s.html
Ford F-450,Company,2014,"114,078 miles",Canada,Flatbed Trucks,Ford F-450,https://www.mascus.com/transportation/flatbed-dropside-trucks/ford-f-450/dlhuapcm.html
Mitsubishi Canter 7/800,Company,2018,"101,488 miles",Australia,Reefer Trucks,Mitsubishi Canter 7/800,https://www.mascus.com/transportation/temperature-controlled-trucks/mitsubishi-canter-7-800/cj3l9f5p.html
National 800D,Company,2014,,United States,Boom / Crane / Bucket Trucks,National 800D,https://www.mascus.com/transportation/crane-trucks/national-800d/ir6kan5j.html
MAN TGS 33.520 MAN TGS 33.520 6X4 Euro6e Abrollkipper,Company,2024,,Germany,Hook lift trucks,MAN TGS 33.520 MAN TGS 33.520 6X4 Euro6e Abrollkipper,https://www.mascus.com/transportation/hook-lift-trucks/man-tgs-33-520-man-tgs-33-520-6x4-euro6e-abrollkipper/is8j5man.html
Mercedes-Benz ACTROS 3336 K-E5-HMF 2220 K3,Company,2008,"419,035 miles",Belgium,Dump Trucks,Mercedes-Benz ACTROS 3336 K-E5-HMF 2220 K3,https://www.mascus.com/transportation/tipper-trucks/mercedes-benz-actros-3336-k-e5-hmf-2220-k3/8hij9sip.html
"Ford F650 24' Box Truck, 3,000 Lbs. Capcity Liftgate",Company,2023,"31,940 miles",United States,Box trucks,"Ford F650 24' Box Truck, 3,000 Lbs. Capcity Liftgate",https://www.mascus.com/transportation/box-body-trucks/ford-f650-24-box-truck-3-000-lbs-capcity-liftgate/dqeu8r9t.html
Scania P 250,Company,2014,,Estonia,Dump Trucks,Scania P 250,https://www.mascus.com/transportation/tipper-trucks/scania-p-250/eqbr8gds.html
Iveco Daily Iveco Daily -2018- Commercial Vehicle - Chas,Company,2018,,Netherlands,Cab & Chassis Trucks,Iveco Daily Iveco Daily -2018- Commercial Vehicle - Chas,https://www.mascus.com/transportation/chassis-cab-trucks/iveco-daily-iveco-daily-2018-commercial-vehicle-chas/fh7u9kiq.html
Mack GRANITE 64FR,Company,2026,984 miles,United States,Dump Trucks,Mack GRANITE 64FR,https://www.mascus.com/transportation/tipper-trucks/mack-granite-64fr/is9l3sgr.html
Peterbilt 567,Company,2026,381 miles,United States,Dump Trucks,Peterbilt 567,https://www.mascus.com/transportation/tipper-trucks/peterbilt-567/7o9i6piu.html
MAN TG-M 18.280 / 4x4 / Crane,Company,,"129,066 miles",Hungary,Flatbed Trucks,MAN TG-M 18.280 / 4x4 / Crane,https://www.mascus.com/transportation/flatbed-dropside-trucks/man-tg-m-18-280-4x4-crane/3m3p9m7m.html
Volvo FM12-420,Company,2004,,Lithuania,Dump Trucks,Volvo FM12-420,https://www.mascus.com/transportation/tipper-trucks/volvo-fm12-420/6fhkdf6f.html
Freightliner M2 106,Company,,,,,,https://www.mascus.com/transportation/box-body-trucks/freightliner-m2-106/fhbfcu7h.html
Mercedes-Benz Actros L 2542 BDF|Giga-Space*Nur700KM*Fahrschule,Company,2025,435 miles,Germany,Cab & Chassis Trucks,Mercedes-Benz Actros L 2542 BDF|Giga-Space*nur700KM*Fahrschule,https://www.mascus.com/transportation/chassis-cab-trucks/mercedes-benz-actros-l-2542-bdf-giga-space-nur700km-fahrschule/hmhj9qdt.html
Renault Midlum 270 DCI,Company,2003,"225,314 miles",Germany,Tank Trucks,Renault Midlum 270 DCI,https://www.mascus.com/transportation/tank-trucks/renault-midlum-270-dci/9s6ierhn.html
Mercedes-Benz Atego 1224 3 Way Tipper + Crane HIAB XDUO 079 BS-2,Company,,"53,258 miles",Hungary,Dump Trucks,Mercedes-Benz Atego 1224 3 Way Tipper + Crane HIAB XDUO 079 BS-2,https://www.mascus.com/transportation/tipper-trucks/mercedes-benz-atego-1224-3-way-tipper-crane-hiab-xduo-079-bs-2/fmfp9oap.html
Ford F-550,Company,,,,,,https://www.mascus.com/transportation/flatbed-dropside-trucks/ford-f-550/fofueogq.html
Iveco EUROCARGO 180-280 4x2,Company,2016,"182,714 miles",Italy,Other Trucks,Iveco EUROCARGO 180-280 4x2,https://www.mascus.com/transportation/other-trucks/iveco-eurocargo-180-280-4x2/hhcocofn.html
Sterling L7500,Company,2004,,United States,Dump Trucks,Sterling L7500,https://www.mascus.com/transportation/tipper-trucks/sterling-l7500/7ihobqdo.html
Scania R 560 LB6*2,Company,2008,"617,099 miles",Sweden,Hook lift trucks,Scania R 560 LB6*2,https://www.mascus.com/transportation/hook-lift-trucks/scania-r-560-lb6-2/5pdu3n5n.html
Isuzu NRR-3V454,Company,2026,,United States,Cab & Chassis Trucks,Isuzu NRR-3V454,https://www.mascus.com/transportation/chassis-cab-trucks/isuzu-nrr-3v454/dqcnfm8u.html
Mercedes-Benz Antos 1830 L Kühlkoffer Thermo King LBW,Company,2017,"181,440 miles",Germany,Reefer Trucks,Mercedes-Benz Antos 1830 L Kühlkoffer Thermo King LBW,https://www.mascus.com/transportation/temperature-controlled-trucks/mercedes-benz-antos-1830-l-kuhlkoffer-thermo-king-lbw/dkbg4fal.html
Mercedes-Benz MB ACTROS 2645LS/33,Company,2022,"357,254 miles",South Africa,Other Trucks,Mercedes-Benz MB ACTROS 2645LS/33,https://www.mascus.com/transportation/other-trucks/mercedes-benz-mb-actros-2645ls-33/dibpim7s.html
Peterbilt 567,Company,2019,"6,301 miles",United States,Dump Trucks,Peterbilt 567,https://www.mascus.com/transportation/tipper-trucks/peterbilt-567/5u9nihhp.html
Kenworth T880,Company,2020,"266,399 miles",United States,Dump Trucks,Kenworth T880,https://www.mascus.com/transportation/tipper-trucks/kenworth-t880/em8uaf4f.html
MAN TGS 26.360,Company,2008,"118,682 miles",Poland,Dump Trucks,MAN TGS 26.360,https://www.mascus.com/transportation/tipper-trucks/man-tgs-26-360/fs8hifci.html
Mercedes-Benz Actros 1824 Actros 4X2 18tonner Air Suspension 200,Company,2017,"303,251 miles",Netherlands,Box trucks,Mercedes-Benz Actros 1824 Actros 4X2 18tonner Air suspension 200,https://www.mascus.com/transportation/box-body-trucks/mercedes-benz-actros-1824-actros-4x2-18tonner-air-suspension-200/dgdt5k9h.html
International 4300,Company,2006,"524,793 miles",United States,Box trucks,International 4300,https://www.mascus.com/transportation/box-body-trucks/international-4300/8q8ngl9u.html
Mercedes-Benz Sprinter II 516 / Doka / 4x4 /,Company,,"132,411 miles",Hungary,Winch trucks,Mercedes-Benz Sprinter II 516 / Doka / 4x4 /,https://www.mascus.com/transportation/beavertail-flatbed---winch-trucks/mercedes-benz-sprinter-ii-516-doka-4x4/9qdheg3s.html
MAN TGS 28.460 Euro 6 Marrel 20 Ton Haakarmsysteem,Company,2019,"280,519 miles",Netherlands,Hook lift trucks,MAN TGS 28.460 Euro 6 Marrel 20 Ton haakarmsysteem,https://www.mascus.com/transportation/hook-lift-trucks/man-tgs-28-460-euro-6-marrel-20-ton-haakarmsysteem/hhdghi7t.html
MAN TGS 26.500 6X2-4,Company,2016,"248,548 miles",Denmark,Container Trucks,MAN TGS 26.500 6X2-4,https://www.mascus.com/transportation/containerframe-trucks/man-tgs-26-500-6x2-4/5qdh3n4p.html
International 4300,Company,2018,"321,033 miles",United States,Box trucks,International 4300,https://www.mascus.com/transportation/box-body-trucks/international-4300/bodibkeh.html
Freightliner Asphalt Distributor Truck,Company,1998,,United States,Tank Trucks,Freightliner Asphalt Distributor Truck,https://www.mascus.com/transportation/tank-trucks/freightliner-asphalt-distributor-truck/3g9rfigh.html
Iveco Daily 70C18 H 3.0L *R3.750mm*AHK*Sperre*Standh*,Company,,31 miles,Germany,Dump Trucks,Iveco Daily 70C18 H 3.0L *R3.750mm*AHK*Sperre*Standh*,https://www.mascus.com/transportation/tipper-trucks/iveco-daily-70c18-h-3-0l-r3-750mm-ahk-sperre-standh/iu3h5rir.html
Freightliner M2 106,Company,2020,"103,866 miles",United States,Flatbed Trucks,Freightliner M2 106,https://www.mascus.com/transportation/flatbed-dropside-trucks/freightliner-m2-106/bg5u5gek.html
Iveco ML100E18 3-Way Tipper Crane HMF 503k2,Company,2008,"139,808 miles",Hungary,Dump Trucks,Iveco ML100E18 3-Way Tipper Crane HMF 503k2,https://www.mascus.com/transportation/tipper-trucks/iveco-ml100e18-3-way-tipper-crane-hmf-503k2/eg9n4k6r.html
Isuzu NPR,Company,2021,"92,168 miles",United States,Box trucks,Isuzu NPR,https://www.mascus.com/transportation/box-body-trucks/isuzu-npr/fl5s3mio.html
Isuzu NQR,Company,,,,,,https://www.mascus.com/transportation/temperature-controlled-trucks/isuzu-nqr/9qdsdjgr.html
Iveco Daily 50C18 Plandeka 12ep Bliźniaki Salon PL,Company,2020,"311,307 miles",Hungary,Other Trucks,Iveco Daily 50C18 Plandeka 12ep Bliźniaki Salon PL,https://www.mascus.com/transportation/other-trucks/iveco-daily-50c18-plandeka-12ep-blizniaki-salon-pl/9jdh6tgp.html
Peterbilt 567,Company,2026,"1,360 miles",United States,Cab & Chassis Trucks,Peterbilt 567,https://www.mascus.com/transportation/chassis-cab-trucks/peterbilt-567/fj6t6qdp.html
Ford F-650,Company,2015,"356,950 miles",United States,Flatbed Trucks,Ford F-650,https://www.mascus.com/transportation/flatbed-dropside-trucks/ford-f-650/3tff6sfj.html
Howo 371 6x4,Company,2024,"4,660 miles",China,Dump Trucks,Howo 371 6x4,https://www.mascus.com/transportation/tipper-trucks/howo-371-6x4/fn7t6q6j.html
"Iveco Eurocargo ML120EL18 EURO 5 EEV, Steel Suspension",Company,2010,"75,251 miles",Netherlands,Box trucks,"Iveco Eurocargo ML120EL18 EURO 5 EEV, Steel suspension",https://www.mascus.com/transportation/box-body-trucks/iveco-eurocargo-ml120el18-euro-5-eev-steel-suspension/8kdrho6j.html
Mercedes-Benz ATEGO 1524 L,Company,2023,"55,364 miles",Finland,Box trucks,Mercedes-Benz ATEGO 1524 L,https://www.mascus.com/transportation/box-body-trucks/mercedes-benz-atego-1524-l/5ohpgh3j.html
Scania R420 8x2/6 // Knæklad Med Venderampe // Nysynet,Company,2008,"463,543 miles",Denmark,Car Haulers,Scania R420 8x2/6 // Knæklad med venderampe // Nysynet,https://www.mascus.com/transportation/vehicle-transporters/scania-r420-8x2-6-knaklad-med-venderampe-nysynet/ajefbmbr.html
Scania G 490,Company,,,,,,https://www.mascus.com/transportation/containerframe-trucks/scania-g-490/7kcgarhf.html
MAN TGL 12.250,Company,2021,"127,381 miles",Poland,Box trucks,MAN TGL 12.250,https://www.mascus.com/transportation/box-body-trucks/man-tgl-12-250/es5t9ggq.html
Chevrolet FVZ-217,Company,2017,,Colombia,Dump Trucks,Chevrolet FVZ-217,https://www.mascus.com/transportation/tipper-trucks/chevrolet-fvz-217/as8rffbt.html
International Durastar 4300,Company,2018,"337,094 miles",United States,Box trucks,International Durastar 4300,https://www.mascus.com/transportation/box-body-trucks/international-durastar-4300/6l4j7n3q.html
Scania R 650 6x4 FOR SALE AS CHASSIS / RETARDER / CHASSIS,Company,2019,"312,524 miles",Estonia,Cab & Chassis Trucks,Scania R 650 6x4 FOR SALE AS CHASSIS / RETARDER / CHASSIS,https://www.mascus.com/transportation/chassis-cab-trucks/scania-r-650-6x4-for-sale-as-chassis-retarder-chassis/eiatgsdq.html
Sterling L9500,Company,2007,"242,224 miles",United States,Flatbed Trucks,Sterling L9500,https://www.mascus.com/transportation/flatbed-dropside-trucks/sterling-l9500/igfm6r6s.html
DAF FAX CF 480 Euro 6 HMF 26 Tonmeter Laadkraan,Company,2020,"143,624 miles",Netherlands,Hook lift trucks,DAF FAX CF 480 Euro 6 HMF 26 Tonmeter laadkraan,https://www.mascus.com/transportation/hook-lift-trucks/daf-fax-cf-480-euro-6-hmf-26-tonmeter-laadkraan/7n9ictft.html
Iveco Daily 35-160,Company,2020,"47,143 miles",Netherlands,Flatbed Trucks,Iveco Daily 35-160,https://www.mascus.com/transportation/flatbed-dropside-trucks/iveco-daily-35-160/gtir7t4r.html
MAN TGA 18.350 * ESTERER * OBEN UND UNTEN * BENZIN,Company,2005,"267,190 miles",Germany,Tank Trucks,MAN TGA 18.350 * ESTERER * OBEN UND UNTEN * BENZIN,https://www.mascus.com/transportation/tank-trucks/man-tga-18-350-esterer-oben-und-unten-benzin/ekafbofj.html
Mack GRANITE F,Company,2022,30 miles,United States,Dump Trucks,Mack GRANITE F,https://www.mascus.com/transportation/tipper-trucks/mack-granite-f/alaigj8j.html
MAN 4x2 Asphalt Distributor Truck,Company,2016,"182,250 miles",United Kingdom,Tank Trucks,MAN 4x2 Asphalt Distributor Truck,https://www.mascus.com/transportation/tank-trucks/man-4x2-asphalt-distributor-truck/ig3kckem.html
"International 4300, 3,000 Gallon Aviation Refueler",Company,2018,"2,051 miles",United States,Tank Trucks,"International 4300, 3,000 Gallon Aviation Refueler",https://www.mascus.com/transportation/tank-trucks/international-4300-3-000-gallon-aviation-refueler/fgis5ffr.html
Mercedes-Benz Atego 818 / Meiller/ 2xAHK/ AC/ 3 Sitze/ 23 Tkm,Company,2022,"14,657 miles",Germany,Dump Trucks,Mercedes-Benz Atego 818 / Meiller/ 2xAHK/ AC/ 3 Sitze/ 23 Tkm,https://www.mascus.com/transportation/tipper-trucks/mercedes-benz-atego-818-meiller-2xahk-ac-3-sitze-23-tkm/hqbsbh5k.html
MAN TGS 41.480,Company,2025,,Germany,Dump Trucks,MAN TGS 41.480,https://www.mascus.com/transportation/tipper-trucks/man-tgs-41-480/4sithocr.html
Renault Gamme T 380,Company,2017,"256,005 miles",France,Box trucks,Renault Gamme T 380,https://www.mascus.com/transportation/box-body-trucks/renault-gamme-t-380/ci4o4p4i.html
Isuzu NPR EFI,Company,,,,,,https://www.mascus.com/transportation/box-body-trucks/isuzu-npr-efi/8kil8riu.html
"Mercedes-Benz Actros 1840 4x2 Groenewold Auto-Transporter, 9 Car",Company,2018,"419,159 miles",Netherlands,Car Haulers,"Mercedes-Benz Actros 1840 4x2 Groenewold auto-transporter, 9 car",https://www.mascus.com/transportation/vehicle-transporters/mercedes-benz-actros-1840-4x2-groenewold-auto-transporter-9-car/gu5h6i3s.html
Iveco Eurocargo 180E320 4X2 NEW! 16T Chassis 2017 Produc,Company,2017,7 miles,Netherlands,Cab & Chassis Trucks,Iveco Eurocargo 180E320 4X2 NEW! 16T chassis 2017 produc,https://www.mascus.com/transportation/chassis-cab-trucks/iveco-eurocargo-180e320-4x2-new-16t-chassis-2017-produc/ijgqigej.html
Mercedes-Benz Actros 2548 L MP5 6x2 Abrollkipper Meiller Funk,Company,2021,"137,552 miles",Germany,Hook lift trucks,Mercedes-Benz Actros 2548 L MP5 6x2 Abrollkipper Meiller Funk,https://www.mascus.com/transportation/hook-lift-trucks/mercedes-benz-actros-2548-l-mp5-6x2-abrollkipper-meiller-funk/fuei9t8i.html
Hino 268,Company,,,,,,https://www.mascus.com/transportation/box-body-trucks/hino-268/dqhu3icj.html
International 4300 SBA,Company,2018,,United States,Other Trucks,International 4300 SBA,https://www.mascus.com/transportation/other-trucks/international-4300-sba/7ngmejir.html
Volvo FM500 8X4,Company,2012,"477,524 miles",Denmark,Demountable Trucks,Volvo FM500 8X4,https://www.mascus.com/transportation/demountables-trucks/volvo-fm500-8x4/gtaoas8s.html
Scania P410 8X4 EURO 6 LIEBHERR + LIEBHERR LTB 12+4 BELT,Company,2018,"174,201 miles",Netherlands,Concrete Trucks,Scania P410 8X4 EURO 6 LIEBHERR + LIEBHERR LTB 12+4 BELT,https://www.mascus.com/transportation/concrete-trucks/scania-p410-8x4-euro-6-liebherr-liebherr-ltb-12-4-belt/4neg6ucs.html
Mercedes-Benz / SPRINTER 516 BLUETEC / 299 000 Km / SPROWADZONY,Company,2015,"185,790 miles",Hungary,Other Trucks,Mercedes-Benz / SPRINTER 516 BLUETEC / 299 000 km / SPROWADZONY,https://www.mascus.com/transportation/other-trucks/mercedes-benz-sprinter-516-bluetec-299-000-km-sprowadzony/5o9qbjgq.html
Sterling L9500,Company,2009,"79,200 miles",United States,Concrete Trucks,Sterling L9500,https://www.mascus.com/transportation/concrete-trucks/sterling-l9500/8rdh9gbj.html
Ford F 450 SD *BUCKET TRUCK* F450 ALTEC *BUCKET BOOM TR,Company,2014,"143,325 miles",United States,Cab & Chassis Trucks,Ford F 450 SD *BUCKET TRUCK* F450 ALTEC *BUCKET BOOM TR,https://www.mascus.com/transportation/chassis-cab-trucks/ford-f-450-sd-bucket-truck-f450-altec-bucket-boom-tr/dmgift5f.html
Volvo FH 540 8x4*4 RETARDER / BOX L=5505 Mm,Company,2017,"188,088 miles",Estonia,Dump Trucks,Volvo FH 540 8x4*4 RETARDER / BOX L=5505 mm,https://www.mascus.com/transportation/tipper-trucks/volvo-fh-540-8x4-4-retarder-box-l-5505-mm/9rfh9ueg.html
International 4300 SBA,Company,2019,"303,083 miles",United States,Box trucks,International 4300 SBA,https://www.mascus.com/transportation/box-body-trucks/international-4300-sba/hjbtbs6n.html
"Mercedes-Benz Arocs 3348 K 6x4, Kran Fassi F255A.2.24,",Company,,,Germany,Dump Trucks,"Mercedes-Benz Arocs 3348 K 6x4, Kran Fassi F255A.2.24,",https://www.mascus.com/transportation/tipper-trucks/mercedes-benz-arocs-3348-k-6x4-kran-fassi-f255a-2-24/cnhldl9r.html
Freightliner M2,Company,2018,"69,000 miles",United States,Beverage Trucks,Freightliner M2,https://www.mascus.com/transportation/beverage-delivery-trucks/freightliner-m2/5hbg4hgp.html
International HX615,Company,2018,,United States,Dump Trucks,International HX615,https://www.mascus.com/transportation/tipper-trucks/international-hx615/9ldodqio.html
Mercedes-Benz Arocs,Company,2014,"161,556 miles",Norway,Dump Trucks,Mercedes-Benz Arocs,https://www.mascus.com/transportation/tipper-trucks/mercedes-benz-arocs/ffbnhfbq.html
MAN TGM 18.290 * HIAB 099 BS-3 + FUNK + Anhänger*4x4,Company,2018,"48,467 miles",Poland,Boom / Crane / Bucket Trucks,MAN TGM 18.290 * HIAB 099 BS-3 + FUNK + Anhänger*4x4,https://www.mascus.com/transportation/crane-trucks/man-tgm-18-290-hiab-099-bs-3-funk-anhanger-4x4/4l3kdg3k.html
MAN TGA 33.360,Company,2007,"339,890 miles",Germany,Dump Trucks,MAN TGA 33.360,https://www.mascus.com/transportation/tipper-trucks/man-tga-33-360/gj8ndf5o.html
GMC W 5500,Company,2005,"152,953 miles",United States,Box trucks,GMC W 5500,https://www.mascus.com/transportation/box-body-trucks/gmc-w-5500/8shogqek.html
DAF LF 180 3 KANT KIPPER EURO6 NIEUWSTAAT!,Company,2017,"180,198 miles",Belgium,Dump Trucks,DAF LF 180 3 KANT KIPPER EURO6 NIEUWSTAAT!,https://www.mascus.com/transportation/tipper-trucks/daf-lf-180-3-kant-kipper-euro6-nieuwstaat/ao5jfp4i.html
Peterbilt 567,Company,2026,,United States,Cab & Chassis Trucks,Peterbilt 567,https://www.mascus.com/transportation/chassis-cab-trucks/peterbilt-567/bn5o7oin.html
Mack GR64B,Company,2027,,United States,Other Trucks,Mack GR64B,https://www.mascus.com/transportation/other-trucks/mack-gr64b/8r6j5h4j.html
Kylkipressut + Takaovet,Company,,,Finland,Other Trucks,Kylkipressut + takaovet,https://www.mascus.com/transportation/other-trucks/kylkipressut-takaovet/7tgf7p5s.html
Peterbilt 337,Company,2019,"245,652 miles",United States,Curtain Side Trucks,Peterbilt 337,https://www.mascus.com/transportation/curtainsider-trucks/peterbilt-337/8ofmef8t.html
Volvo FH 16 650 8x4 HIAB 855E-7 / PLATFORM L=6454 Mm,Company,2015,"244,226 miles",Estonia,Boom / Crane / Bucket Trucks,Volvo FH 16 650 8x4 HIAB 855E-7 / PLATFORM L=6454 mm,https://www.mascus.com/transportation/crane-trucks/volvo-fh-16-650-8x4-hiab-855e-7-platform-l-6454-mm/9r5l8maq.html
Renault C 460 Euro 6 8x4 Palfinger 19 Tonmeter Laadkraan,Company,2017,"334,811 miles",Netherlands,Hook lift trucks,Renault C 460 Euro 6 8x4 Palfinger 19 Tonmeter laadkraan,https://www.mascus.com/transportation/hook-lift-trucks/renault-c-460-euro-6-8x4-palfinger-19-tonmeter-laadkraan/6ogh6t5h.html
Mercedes-Benz Actros 2541 MP3 V6 Box Truck 6x2 Airconditioning 3,Company,2013,"245,586 miles",Netherlands,Box trucks,Mercedes-Benz Actros 2541 MP3 V6 Box Truck 6x2 Airconditioning 3,https://www.mascus.com/transportation/box-body-trucks/mercedes-benz-actros-2541-mp3-v6-box-truck-6x2-airconditioning-3/cj3gdj5l.html
Freightliner M2106,Company,2016,,United States,Box trucks,Freightliner M2106,https://www.mascus.com/transportation/box-body-trucks/freightliner-m2106/8t8kbn3l.html
Mack GR,Company,2015,"271,915 miles",United States,Dump Trucks,Mack GR,https://www.mascus.com/transportation/tipper-trucks/mack-gr/5g9tcmdr.html
"Mercedes-Benz Arocs 3248 K 8x4/4, Retarder, Navi, Multimedia",Company,2021,"74,561 miles",Germany,Dump Trucks,"Mercedes-Benz Arocs 3248 K 8x4/4, Retarder, Navi, Multimedia",https://www.mascus.com/transportation/tipper-trucks/mercedes-benz-arocs-3248-k-8x4-4-retarder-navi-multimedia/arit7u8u.html
Mack TE64,Company,2026,,United States,Other Trucks,Mack TE64,https://www.mascus.com/transportation/other-trucks/mack-te64/cucfbs4i.html
DAF XD,Company,2026,,United Kingdom,Boom / Crane / Bucket Trucks,DAF XD,https://www.mascus.com/transportation/crane-trucks/daf-xd/8s9taj7p.html
Mercedes-Benz Sprinter CDI,Company,2002,"217,480 miles",Italy,Box trucks,Mercedes-Benz Sprinter CDI,https://www.mascus.com/transportation/box-body-trucks/mercedes-benz-sprinter-cdi/7f5sblgq.html
Scania P 280 DB4x2HNA,Company,2014,"318,763 miles",France,Cab & Chassis Trucks,Scania P 280 DB4x2HNA,https://www.mascus.com/transportation/chassis-cab-trucks/scania-p-280-db4x2hna/4g8n8f5m.html
Iveco Eurocargo 4x2 Box - 250 PS - Zepro Loadlift - Low,Company,2017,"135,151 miles",Netherlands,Box trucks,Iveco Eurocargo 4x2 Box - 250 PS - Zepro Loadlift - Low,https://www.mascus.com/transportation/box-body-trucks/iveco-eurocargo-4x2-box-250-ps-zepro-loadlift-low/crar5jcr.html
Mercedes-Benz Arocs 4851 8X4 NEW!! 26m3 Tipper Full Steel Big-Ax,Company,2025,7 miles,Netherlands,Dump Trucks,Mercedes-Benz Arocs 4851 8X4 NEW!! 26m3 Tipper Full Steel Big-Ax,https://www.mascus.com/transportation/tipper-trucks/mercedes-benz-arocs-4851-8x4-new-26m3-tipper-full-steel-big-ax/7i4tio5s.html
MAN TGM 18.290,Company,2011,"183,926 miles",Belgium,Tank Trucks,MAN TGM 18.290,https://www.mascus.com/transportation/tank-trucks/man-tgm-18-290/gq9o3jgt.html
Volvo FM 380,Company,2019,"127,381 miles",Ireland,Boom / Crane / Bucket Trucks,Volvo FM 380,https://www.mascus.com/transportation/crane-trucks/volvo-fm-380/4pchcncn.html
Volvo TRUCK VNL64T300,Company,2020,"196,401 miles",United States,Other Trucks,Volvo TRUCK VNL64T300,https://www.mascus.com/transportation/other-trucks/volvo-truck-vnl64t300/cgctaogh.html
Mercedes-Benz ATEGO 1224 REFRIGERATOR CARRIER SUPRA 550 SILENT R,Company,2018,"302,919 miles",Hungary,Reefer Trucks,Mercedes-Benz ATEGO 1224 REFRIGERATOR CARRIER SUPRA 550 SILENT R,https://www.mascus.com/transportation/temperature-controlled-trucks/mercedes-benz-atego-1224-refrigerator-carrier-supra-550-silent-r/ht6rfo4u.html
MAN TGS 26.480 6X4H Kran Fassi F310AXP.25,Company,2009,"167,397 miles",Germany,Boom / Crane / Bucket Trucks,MAN TGS 26.480 6X4H Kran Fassi F310AXP.25,https://www.mascus.com/transportation/crane-trucks/man-tgs-26-480-6x4h-kran-fassi-f310axp-25/iq5qcqam.html
Sterling LT9517,Company,2003,"264,560 miles",United States,Dump Trucks,Sterling LT9517,https://www.mascus.com/transportation/tipper-trucks/sterling-lt9517/4udq8qfp.html
Chevrolet C8500,Company,,,,,,https://www.mascus.com/transportation/skip-loader-trucks/chevrolet-c8500/dm8g3leh.html
Iveco Eurocargo 80E18 Doka,Company,2008,"128,739 miles",Germany,Dump Trucks,Iveco Eurocargo 80E18 Doka,https://www.mascus.com/transportation/tipper-trucks/iveco-eurocargo-80e18-doka/9gcugofp.html
Iveco 70C18 Thermoking V-600X*NEUWERTIG*Nur56tkm*NL 3t,Company,2024,"34,990 miles",Germany,Reefer Trucks,Iveco 70C18 Thermoking V-600X*NEUWERTIG*nur56tkm*NL 3t,https://www.mascus.com/transportation/temperature-controlled-trucks/iveco-70c18-thermoking-v-600x-neuwertig-nur56tkm-nl-3t/bo7m5rdj.html
Volvo FH 540 6x2 Tankbil - HMK Bilcon - Lav Km,Company,2018,"236,066 miles",Norway,Other Trucks,Volvo FH 540 6x2 tankbil - HMK Bilcon - Lav km,https://www.mascus.com/transportation/other-trucks/volvo-fh-540-6x2-tankbil-hmk-bilcon-lav-km/ij7j7ueg.html
Volvo FMX 500 8x4/4-3700 Koukkuauto Euro-6,Company,2018,"231,771 miles",Finland,Hook lift trucks,Volvo FMX 500 8x4/4-3700 koukkuauto Euro-6,https://www.mascus.com/transportation/hook-lift-trucks/volvo-fmx-500-8x4-4-3700-koukkuauto-euro-6/efeqhocq.html
Renault T 480 6X2,Company,2021,"252,779 miles",Netherlands,Other Trucks,Renault T 480 6X2,https://www.mascus.com/transportation/other-trucks/renault-t-480-6x2/gj5iinbt.html
DAF CF 75.310 6X2 EURO 5 HMF 1244 Z2 + REMOTE + HIAB 1,Company,2008,"268,851 miles",Netherlands,Hook lift trucks,DAF CF 75.310 6X2 EURO 5 HMF 1244 Z2 + REMOTE + HIAB 1,https://www.mascus.com/transportation/hook-lift-trucks/daf-cf-75-310-6x2-euro-5-hmf-1244-z2-remote-hiab-1/cnbndnes.html
Volvo FMX 500 Volvo FMX 500 8x4 Abrollkipper + Kran Hiab,Company,2024,,Germany,Hook lift trucks,Volvo FMX 500 Volvo FMX 500 8x4 Abrollkipper + Kran Hiab,https://www.mascus.com/transportation/hook-lift-trucks/volvo-fmx-500-volvo-fmx-500-8x4-abrollkipper-kran-hiab/ir4h9l3s.html
Mercedes-Benz 963-0-C,Company,2014,"621,371 miles",Sweden,Box trucks,Mercedes-Benz 963-0-C,https://www.mascus.com/transportation/box-body-trucks/mercedes-benz-963-0-c/8fasbp5m.html
Peterbilt 337,Company,2016,,United States,Reefer Trucks,Peterbilt 337,https://www.mascus.com/transportation/temperature-controlled-trucks/peterbilt-337/5nci4mcp.html
"MAN TGS 35.400 , Pompogruszka Schwing 24-125",Company,2009,"232,393 miles",Poland,Concrete Trucks,"MAN TGS 35.400 , Pompogruszka Schwing 24-125",https://www.mascus.com/transportation/concrete-trucks/man-tgs-35-400-pompogruszka-schwing-24-125/cnfkdjhu.html
Mercedes-Benz Actros2540/6x2/Fahrschule/5-Sitze/TÜV/ExBundeweh,Company,2017,"65,244 miles",Germany,Cab & Chassis Trucks,Mercedes-Benz Actros2540/6x2/Fahrschule/5-Sitze/TÜV/exBundeweh,https://www.mascus.com/transportation/chassis-cab-trucks/mercedes-benz-actros2540-6x2-fahrschule-5-sitze-tuv-exbundeweh/3q8o9igq.html
Howo 375 8x4,Company,2024,"5,282 miles",China,Dump Trucks,Howo 375 8x4,https://www.mascus.com/transportation/tipper-trucks/howo-375-8x4/7n9oel5t.html
"DAF CF450 FA, BDF Rahmen, Jost Hubschwing, 2 X Talson",Company,2018,"365,297 miles",Netherlands,Demountable Trucks,"DAF CF450 FA, BDF Rahmen, Jost Hubschwing, 2 x Talson",https://www.mascus.com/transportation/demountables-trucks/daf-cf450-fa-bdf-rahmen-jost-hubschwing-2-x-talson/9nhshjgk.html
International MV,Company,2027,186 miles,Canada,Cab & Chassis Trucks,International MV,https://www.mascus.com/transportation/chassis-cab-trucks/international-mv/gs3u3q9r.html
Volvo FMX 500 8X4 NEW! Crane + Hooklift Palfinger PK3300,Company,2026,7 miles,Netherlands,Hook lift trucks,Volvo FMX 500 8X4 NEW! Crane + Hooklift Palfinger PK3300,https://www.mascus.com/transportation/hook-lift-trucks/volvo-fmx-500-8x4-new-crane-hooklift-palfinger-pk3300/7phudqej.html
"Mercedes-Benz 4140 AK Actros 8x8, Meiler, Allrad, 4x Am Lager",Company,2000,,Germany,Dump Trucks,"Mercedes-Benz 4140 AK Actros 8x8, Meiler, Allrad, 4x am Lager",https://www.mascus.com/transportation/tipper-trucks/mercedes-benz-4140-ak-actros-8x8-meiler-allrad-4x-am-lager/7l6pambf.html
MAN TGS 35.520 MAN TGS 37.520 8x4 Euro6e Hyva 26-55 Ab,Company,2025,,Germany,Hook lift trucks,MAN TGS 35.520 MAN TGS 37.520 8x4 Euro6e Hyva 26-55 Ab,https://www.mascus.com/transportation/hook-lift-trucks/man-tgs-35-520-man-tgs-37-520-8x4-euro6e-hyva-26-55-ab/hg8idk9s.html
Freightliner M2 106,Company,2016,"164,666 miles",United States,Reefer Trucks,Freightliner M2 106,https://www.mascus.com/transportation/temperature-controlled-trucks/freightliner-m2-106/4mhjdfgt.html
Volvo Motvikt L180g 11154152,Company,,,Sweden,Other Trucks,Volvo motvikt L180g 11154152,https://www.mascus.com/transportation/other-trucks/volvo-motvikt-l180g-11154152/3pdoalaj.html
International HV,Company,2027,"1,273 miles",Canada,Cab & Chassis Trucks,International HV,https://www.mascus.com/transportation/chassis-cab-trucks/international-hv/9i5icsbf.html
Scania R500,Company,2019,"114,954 miles",Norway,Dump Trucks,Scania R500,https://www.mascus.com/transportation/tipper-trucks/scania-r500/9fcudoef.html
MAN 8.190 Meiller Dreiseitenkipper,Company,2018,"45,741 miles",Germany,Dump Trucks,MAN 8.190 Meiller Dreiseitenkipper,https://www.mascus.com/transportation/tipper-trucks/man-8-190-meiller-dreiseitenkipper/8oblgi6k.html
MAN TGX 26.480 Hydr.Konttilaite,Company,2015,"466,028 miles",Finland,Container Trucks,MAN TGX 26.480 hydr.konttilaite,https://www.mascus.com/transportation/containerframe-trucks/man-tgx-26-480-hydr-konttilaite/ek7sch5g.html
Mercedes-Benz Actros 2124 EURO6,Company,2016,"298,258 miles",Belgium,Box trucks,Mercedes-Benz Actros 2124 EURO6,https://www.mascus.com/transportation/box-body-trucks/mercedes-benz-actros-2124-euro6/asbm3rhq.html
Sisu R500 10x4,Company,2007,"304,348 miles",Finland,Cab & Chassis Trucks,Sisu R500 10x4,https://www.mascus.com/transportation/chassis-cab-trucks/sisu-r500-10x4/8hhleqhu.html
Mercedes-Benz Sprinter 316 Hebebühne,Company,2010,"109,361 miles",Switzerland,Curtain Side Trucks,Mercedes-Benz Sprinter 316 Hebebühne,https://www.mascus.com/transportation/curtainsider-trucks/mercedes-benz-sprinter-316-hebebuhne/9fbqbgho.html
Mercedes-Benz Arocs 2545 L / 6x4 /Palfinger PK19.001,Company,,"95,691 miles",Hungary,Dump Trucks,Mercedes-Benz Arocs 2545 L / 6x4 /Palfinger PK19.001,https://www.mascus.com/transportation/tipper-trucks/mercedes-benz-arocs-2545-l-6x4-palfinger-pk19-001/3phtan6n.html
Renault Midlum 220 + Euro 5 + MANUAL + Lift + 12T,Company,2009,"470,004 miles",Netherlands,Box trucks,Renault Midlum 220 + euro 5 + MANUAL + lift + 12T,https://www.mascus.com/transportation/box-body-trucks/renault-midlum-220-euro-5-manual-lift-12t/hr5p8sal.html
International MV607,Company,2020,"220,772 miles",United States,Reefer Trucks,International MV607,https://www.mascus.com/transportation/temperature-controlled-trucks/international-mv607/6fcndf9s.html
"Kenworth T270 10ft Dump Truck, PX7, Allison Auto, Tarp",Company,2022,"5,588 miles",United States,Dump Trucks,"Kenworth T270 10ft Dump Truck, PX7, Allison Auto, Tarp",https://www.mascus.com/transportation/tipper-trucks/kenworth-t270-10ft-dump-truck-px7-allison-auto-tarp/ef7sdqaq.html
MAN TGX 26.440 6x2|Fassi F185AS22*XLX-Kabine*Manuell,Company,2009,"389,233 miles",Germany,Flatbed Trucks,MAN TGX 26.440 6x2|Fassi F185AS22*XLX-Kabine*manuell,https://www.mascus.com/transportation/flatbed-dropside-trucks/man-tgx-26-440-6x2-fassi-f185as22-xlx-kabine-manuell/7j5majgl.html
International MV607,Company,2020,"177,523 miles",United States,Reefer Trucks,International MV607,https://www.mascus.com/transportation/temperature-controlled-trucks/international-mv607/8odp7kbn.html
Mack GU813 Granite,Company,2013,"344,304 miles",United States,Dump Trucks,Mack GU813 Granite,https://www.mascus.com/transportation/tipper-trucks/mack-gu813-granite/5leudpeh.html
Ford F350 Service/Utility Truck,Company,2019,"133,493 miles",United States,Other Trucks,Ford F350 Service/Utility Truck,https://www.mascus.com/transportation/other-trucks/ford-f350-service-utility-truck/ep5i4t9j.html
DAF XF 510 FAN,Company,2017,"357,910 miles",Denmark,Demountable Trucks,DAF XF 510 FAN,https://www.mascus.com/transportation/demountables-trucks/daf-xf-510-fan/6fat4qhu.html
Isuzu NPRXD,Company,2021,"135,674 miles",United States,Reefer Trucks,Isuzu NPRXD,https://www.mascus.com/transportation/temperature-controlled-trucks/isuzu-nprxd/5m5lesif.html
Mercedes-Benz 2541 6X2 LKW FAHRGESTELL NUR OHNE SILO AUFBAU,Company,2015,"432,164 miles",Austria,Cab & Chassis Trucks,Mercedes-Benz 2541 6X2 LKW FAHRGESTELL NUR OHNE SILO AUFBAU,https://www.mascus.com/transportation/chassis-cab-trucks/mercedes-benz-2541-6x2-lkw-fahrgestell-nur-ohne-silo-aufbau/ef3tfgfm.html
DAF CF 480 +Hooklift,Company,2018,"155,343 miles",Belgium,Hook lift trucks,DAF CF 480 +Hooklift,https://www.mascus.com/transportation/hook-lift-trucks/daf-cf-480-hooklift/9kff9p3t.html
Daewoo AVIA / Maxi Pritsche,Company,2002,"151,717 miles",Germany,Flatbed Trucks,Daewoo AVIA / Maxi Pritsche,https://www.mascus.com/transportation/flatbed-dropside-trucks/daewoo-avia-maxi-pritsche/7hgo4qbm.html
Volvo FM440 6x2 Koukkuauto,Company,2007,"438,688 miles",Finland,Hook lift trucks,Volvo FM440 6x2 koukkuauto,https://www.mascus.com/transportation/hook-lift-trucks/volvo-fm440-6x2-koukkuauto/iuft4rbl.html
Volvo FM 330 6X2 HIAB X-HIPRO 192 E-3 Kran Crane Transco,Company,2014,"164,838 miles",Netherlands,Other Trucks,Volvo FM 330 6X2 HIAB X-HIPRO 192 E-3 Kran Crane Transco,https://www.mascus.com/transportation/other-trucks/volvo-fm-330-6x2-hiab-x-hipro-192-e-3-kran-crane-transco/6ugk3j3u.html
Scania R 580 Kasettekipage,Company,2015,"457,942 miles",Sweden,Dump Trucks,Scania R 580 kasettekipage,https://www.mascus.com/transportation/tipper-trucks/scania-r-580-kasettekipage/eodg4p7m.html
Peterbilt 357,Company,2006,,United States,Other Trucks,Peterbilt 357,https://www.mascus.com/transportation/other-trucks/peterbilt-357/dl8oer6h.html
Ford ECONOLINE DRW E350 16 FT BOX TRUCK CUTAWAY,Company,2019,"162,746 miles",United States,Box trucks,Ford ECONOLINE DRW E350 16 FT BOX TRUCK CUTAWAY,https://www.mascus.com/transportation/box-body-trucks/ford-econoline-drw-e350-16-ft-box-truck-cutaway/4fel8lfp.html
Mercedes-Benz Atego 818 3-Way Tipper,Company,2014,"112,468 miles",Hungary,Dump Trucks,Mercedes-Benz Atego 818 3-Way Tipper,https://www.mascus.com/transportation/tipper-trucks/mercedes-benz-atego-818-3-way-tipper/fsffgkeu.html
Scania P 450 XT  / 8x6 / WYWROTKA TYLNOZSYPOWA / OPTICRUI,Company,2020,"118,060 miles",Hungary,Dump Trucks,Scania P 450 XT  / 8x6 / WYWROTKA TYLNOZSYPOWA / OPTICRUI,https://www.mascus.com/transportation/tipper-trucks/scania-p-450-xt-8x6-wywrotka-tylnozsypowa-opticrui/alel7p9i.html
International 7600,Company,2013,,United States,Dump Trucks,International 7600,https://www.mascus.com/transportation/tipper-trucks/international-7600/4lfp4sen.html
Howo 371 6x4,Company,2025,"4,039 miles",China,Dump Trucks,Howo 371 6x4,https://www.mascus.com/transportation/tipper-trucks/howo-371-6x4/8qemdj9k.html
Volvo FMX 460 * Abrollkipper + EPSILON 150Z79 * 6x4,Company,2015,"198,217 miles",Poland,Hook lift trucks,Volvo FMX 460 * Abrollkipper + EPSILON 150Z79 * 6x4,https://www.mascus.com/transportation/hook-lift-trucks/volvo-fmx-460-abrollkipper-epsilon-150z79-6x4/cnhkfudt.html
Kenworth W900,Company,2024,,United States,Log trucks,Kenworth W900,https://www.mascus.com/transportation/timber-trucks/kenworth-w900/hi9k8tet.html
Volvo FH16 610 8x4*4,Company,2005,"528,787 miles",Finland,Hook lift trucks,Volvo FH16 610 8x4*4,https://www.mascus.com/transportation/hook-lift-trucks/volvo-fh16-610-8x4-4/fqem4tgq.html
"Mercedes-Benz Scania, Man, Volvo",Company,2005,,Lithuania,Cab & Chassis Trucks,"Mercedes-Benz Scania, Man, Volvo",https://www.mascus.com/transportation/chassis-cab-trucks/mercedes-benz-scania-man-volvo/em9p4n5t.html
Mercedes-Benz Arocs 3258 8x4 PK 78002 + JIB + WINCH / PLATFORM L,Company,2016,"247,514 miles",Estonia,Boom / Crane / Bucket Trucks,Mercedes-Benz Arocs 3258 8x4 PK 78002 + JIB + WINCH / PLATFORM L,https://www.mascus.com/transportation/crane-trucks/mercedes-benz-arocs-3258-8x4-pk-78002-jib-winch-platform-l/3fcfgg8s.html
Nissan ATLAS,Company,2015,"112,225 miles",Japan,Flatbed Trucks,Nissan ATLAS,https://www.mascus.com/transportation/flatbed-dropside-trucks/nissan-atlas/3k8hef6g.html
Mercedes-Benz Arocs 2658 6x4 BL Istrail Kipper/ Retarder/Klima,Company,2019,"199,460 miles",Germany,Dump Trucks,Mercedes-Benz Arocs 2658 6x4 BL Istrail Kipper/ Retarder/Klima,https://www.mascus.com/transportation/tipper-trucks/mercedes-benz-arocs-2658-6x4-bl-istrail-kipper-retarder-klima/8s4shlgs.html
Volvo FM 16.240,Company,2026,311 miles,Denmark,Boom / Crane / Bucket Trucks,Volvo FM 16.240,https://www.mascus.com/transportation/crane-trucks/volvo-fm-16-240/4f5heidu.html
Mercedes-Benz Atego 818 / Meiller/ 2xAHK/ AC/ 3 Sitze/ 23 Tkm,Company,2022,"14,657 miles",Germany,Dump Trucks,Mercedes-Benz Atego 818 / Meiller/ 2xAHK/ AC/ 3 Sitze/ 23 Tkm,https://www.mascus.com/transportation/tipper-trucks/mercedes-benz-atego-818-meiller-2xahk-ac-3-sitze-23-tkm/goglfjbj.html
Kenworth T880,Company,2023,,United States,Other Trucks,Kenworth T880,https://www.mascus.com/transportation/other-trucks/kenworth-t880/cfbpij5g.html
Mercedes-Benz Actros 3236,Company,2007,"311,562 miles",France,Concrete Trucks,Mercedes-Benz Actros 3236,https://www.mascus.com/transportation/concrete-trucks/mercedes-benz-actros-3236/6uhn5i6t.html
Iveco Eurocargo 80.18 80E18,Company,2011,"80,778 miles",Netherlands,Dump Trucks,Iveco Eurocargo 80.18 80E18,https://www.mascus.com/transportation/tipper-trucks/iveco-eurocargo-80-18-80e18/grghak6g.html
Volvo FH 500 6x2 E6 / Schmitz 19 EPAL / Steered Axle,Company,2018,"217,480 miles",Poland,Reefer Trucks,Volvo FH 500 6x2 E6 / Schmitz 19 EPAL / steered axle,https://www.mascus.com/transportation/temperature-controlled-trucks/volvo-fh-500-6x2-e6-schmitz-19-epal-steered-axle/7m3ibffq.html
CAT 777C,Company,1994,,United States,Tank Trucks,CAT 777C,https://www.mascus.com/transportation/tank-trucks/cat-777c/anbu9h3j.html
Freightliner M2 106,Company,2018,"218,940 miles",United States,Reefer Trucks,Freightliner M2 106,https://www.mascus.com/transportation/temperature-controlled-trucks/freightliner-m2-106/4s6jcnht.html
Peterbilt 340,Company,2007,"109,353 miles",Canada,Concrete Trucks,Peterbilt 340,https://www.mascus.com/transportation/concrete-trucks/peterbilt-340/ipdh6gck.html
Mercedes-Benz Actros 2548 L MP5 6x2 Abrollkipper Meiller Funk,Company,2021,"128,847 miles",Germany,Hook lift trucks,Mercedes-Benz Actros 2548 L MP5 6x2 Abrollkipper Meiller Funk,https://www.mascus.com/transportation/hook-lift-trucks/mercedes-benz-actros-2548-l-mp5-6x2-abrollkipper-meiller-funk/hqaiihgi.html
Volvo FH 460,Company,2021,"390,842 miles",Hungary,Curtain Side Trucks,Volvo FH 460,https://www.mascus.com/transportation/curtainsider-trucks/volvo-fh-460/9t7iim4f.html
Mercedes-Benz AROCS 2658,Company,2017,"347,968 miles",Poland,Dump Trucks,Mercedes-Benz AROCS 2658,https://www.mascus.com/transportation/tipper-trucks/mercedes-benz-arocs-2658/5l8gip3m.html
Volvo FM420,Company,2015,"244,820 miles",Denmark,Demountable Trucks,Volvo FM420,https://www.mascus.com/transportation/demountables-trucks/volvo-fm420/iq7ngg6q.html
Isuzu NPR-3Y454,Company,2026,,United States,Cab & Chassis Trucks,Isuzu NPR-3Y454,https://www.mascus.com/transportation/chassis-cab-trucks/isuzu-npr-3y454/5j3t4hdj.html
Scania G 490 8x4 Euro 6 Hiab 24 Tonmeter Laadkraan,Company,2016,"222,579 miles",Netherlands,Hook lift trucks,Scania G 490 8x4 Euro 6 Hiab 24 Tonmeter laadkraan,https://www.mascus.com/transportation/hook-lift-trucks/scania-g-490-8x4-euro-6-hiab-24-tonmeter-laadkraan/3qdm4ihr.html
"MAN TGS 35.500 8x4 BB, Pritarder, Meiller RK 30.65",Company,2019,"75,866 miles",Germany,Hook lift trucks,"MAN TGS 35.500 8x4 BB, Pritarder, Meiller RK 30.65",https://www.mascus.com/transportation/hook-lift-trucks/man-tgs-35-500-8x4-bb-pritarder-meiller-rk-30-65/ds8iflfr.html
Iveco ML120E18 4x2,Company,2011,"146,109 miles",Italy,Other Trucks,Iveco ML120E18 4x2,https://www.mascus.com/transportation/other-trucks/iveco-ml120e18-4x2/ipgobt3h.html
"Mercedes-Benz ACTROS 2545L Towtruck 6x2, EURO 6 Vin 995 - NEW TA",Company,2014,"334,299 miles",Slovak Republic,Car Haulers,"Mercedes-Benz ACTROS 2545L towtruck 6x2, EURO 6 vin 995 - NEW TA",https://www.mascus.com/transportation/vehicle-transporters/mercedes-benz-actros-2545l-towtruck-6x2-euro-6-vin-995-new-ta/if9uetbg.html
Mercedes-Benz AROCS 3240 HIAB 211EP5,Company,2017,"213,578 miles",Netherlands,Flatbed Trucks,Mercedes-Benz AROCS 3240 HIAB 211EP5,https://www.mascus.com/transportation/flatbed-dropside-trucks/mercedes-benz-arocs-3240-hiab-211ep5/dmhg6n5t.html
Market Cart,Company,,,Hungary,Beverage Trucks,Market cart,https://www.mascus.com/transportation/beverage-delivery-trucks/market-cart/drbg4n5i.html
Iveco X-Way 420 X-Way 6X2 NEW! Meiller AK16MT Skiploader,Company,2026,106 miles,Netherlands,Skip loader trucks,Iveco X-Way 420 X-Way 6X2 NEW! Meiller AK16MT skiploader,https://www.mascus.com/transportation/skip-loader-trucks/iveco-x-way-420-x-way-6x2-new-meiller-ak16mt-skiploader/dqfk9ugs.html
Mercedes-Benz Atego 821 K Dreiseitenkipper,Company,2022,"23,053 miles",Germany,Other Trucks,Mercedes-Benz Atego 821 K Dreiseitenkipper,https://www.mascus.com/transportation/other-trucks/mercedes-benz-atego-821-k-dreiseitenkipper/an5sap7p.html
Mercedes-Benz Arocs 3246,Company,2018,"94,775 miles",France,Concrete Trucks,Mercedes-Benz Arocs 3246,https://www.mascus.com/transportation/concrete-trucks/mercedes-benz-arocs-3246/gh6gcrfp.html
DAF CF 480,Company,2019,"78,221 miles",Netherlands,Hook lift trucks,DAF CF 480,https://www.mascus.com/transportation/hook-lift-trucks/daf-cf-480/8kehaq3l.html
Freightliner M2106,Company,2021,"411,205 miles",United States,Box trucks,Freightliner M2106,https://www.mascus.com/transportation/box-body-trucks/freightliner-m2106/ejeheu4p.html
Renault C 320 4X2 Fassi F125.A.1.23 XE Kran Crane Tipper A,Company,2024,149 miles,Netherlands,Dump Trucks,Renault C 320 4X2 Fassi F125.A.1.23 XE Kran Crane Tipper A,https://www.mascus.com/transportation/tipper-trucks/renault-c-320-4x2-fassi-f125-a-1-23-xe-kran-crane-tipper-a/hpafascl.html
MAN TGS 18.320,Company,2015,"127,381 miles",Denmark,Car Haulers,MAN TGS 18.320,https://www.mascus.com/transportation/vehicle-transporters/man-tgs-18-320/8o5pdkco.html
Mercedes-Benz U 427,Company,1993,,Latvia,Dump Trucks,Mercedes-Benz U 427,https://www.mascus.com/transportation/tipper-trucks/mercedes-benz-u-427/ipaq9m7n.html
Howo 371 8x4,Company,2024,"5,313 miles",China,Dump Trucks,Howo 371 8x4,https://www.mascus.com/transportation/tipper-trucks/howo-371-8x4/3l3l5rag.html
International HV,Company,2027,,Canada,Cab & Chassis Trucks,International HV,https://www.mascus.com/transportation/chassis-cab-trucks/international-hv/fqeuelat.html
Mercedes-Benz ACTROS 1832-MP3+DHOLLANDIA 2.5T.,Company,2012,"414,630 miles",Belgium,Box trucks,Mercedes-Benz ACTROS 1832-MP3+DHOLLANDIA 2.5T.,https://www.mascus.com/transportation/box-body-trucks/mercedes-benz-actros-1832-mp3-dhollandia-2-5t/aqek8g8s.html
Mack GU813,Company,2017,"296,804 miles",United States,Other Trucks,Mack GU813,https://www.mascus.com/transportation/other-trucks/mack-gu813/5j8pdm6n.html
Mack GU713,Company,2015,"399,000 miles",United States,Dump Trucks,Mack GU713,https://www.mascus.com/transportation/tipper-trucks/mack-gu713/hfaj5qbt.html
Renault C 460 Retarder,Company,2018,"88,235 miles",Portugal,Cab & Chassis Trucks,Renault C 460 Retarder,https://www.mascus.com/transportation/chassis-cab-trucks/renault-c-460-retarder/4n5qegar.html
Freightliner M2 112,Company,2013,,United States,Other Trucks,Freightliner M2 112,https://www.mascus.com/transportation/other-trucks/freightliner-m2-112/bg5gbtdn.html
Volkswagen Crafter 2.5 TDI - 68 TKm - 1. Hand - Spriegel/Pl,Company,2011,"42,589 miles",Germany,Curtain Side Trucks,Volkswagen Crafter 2.5 TDI - 68 TKm - 1. Hand - Spriegel/Pl,https://www.mascus.com/transportation/curtainsider-trucks/volkswagen-crafter-2-5-tdi-68-tkm-1-hand-spriegel-pl/4jdjbmbr.html
Freightliner M2106,Company,2005,"140,848 miles",United States,Dump Trucks,Freightliner M2106,https://www.mascus.com/transportation/tipper-trucks/freightliner-m2106/7f7sdnag.html
Freightliner M2106,Company,2020,"356,870 miles",United States,Box trucks,Freightliner M2106,https://www.mascus.com/transportation/box-body-trucks/freightliner-m2106/epbh4h4m.html
Volvo FH 460 4X2 | GS MEPPEL | TRUCK TRANSPORTER LKW TRA,Company,2016,"684,254 miles",Netherlands,Car Haulers,Volvo FH 460 4X2 | GS MEPPEL | TRUCK TRANSPORTER LKW TRA,https://www.mascus.com/transportation/vehicle-transporters/volvo-fh-460-4x2-gs-meppel-truck-transporter-lkw-tra/8fagin9p.html
MAN TGX 25.500,Company,2017,,Sweden,Hook lift trucks,MAN TGX 25.500,https://www.mascus.com/transportation/hook-lift-trucks/man-tgx-25-500/7r5ubfbk.html
Freightliner M2106,Company,2019,"332,255 miles",United States,Box trucks,Freightliner M2106,https://www.mascus.com/transportation/box-body-trucks/freightliner-m2106/4odl9igt.html
Sterling L9500,Company,2006,"213,477 miles",United States,Boom / Crane / Bucket Trucks,Sterling L9500,https://www.mascus.com/transportation/crane-trucks/sterling-l9500/4rflak4o.html
Mercedes-Benz 2024 MB ACTROS 2645LS/33 FS 82487kms R2020000 + VA,Company,2024,"51,255 miles",South Africa,Other Trucks,Mercedes-Benz 2024 MB ACTROS 2645LS/33 FS 82487kms R2020000 + VA,https://www.mascus.com/transportation/other-trucks/mercedes-benz-2024-mb-actros-2645ls-33-fs-82487kms-r2020000-va/5icqdgbg.html
Mercedes-Benz MERCEDES BENZ Arocs 3251 8x4 Fassi F 485A.2.26 C,Company,2016,"454,822 miles",Poland,Boom / Crane / Bucket Trucks,Mercedes-Benz MERCEDES BENZ Arocs 3251 8x4 Fassi F 485A.2.26 C,https://www.mascus.com/transportation/crane-trucks/mercedes-benz-mercedes-benz-arocs-3251-8x4-fassi-f-485a-2-26-c/5gcheo9j.html
Ford F-450,Company,2014,"73,976 miles",United States,Dump Trucks,Ford F-450,https://www.mascus.com/transportation/tipper-trucks/ford-f-450/7n6keifr.html
Scania R500 Komplettzug*Retarder*Edscha*Voll-Luft*SAF,Company,2018,"530,625 miles",Germany,Curtain Side Trucks,Scania R500 Komplettzug*Retarder*Edscha*Voll-Luft*SAF,https://www.mascus.com/transportation/curtainsider-trucks/scania-r500-komplettzug-retarder-edscha-voll-luft-saf/co4g5rhs.html
Ford F 550 SD Lariat,Company,2024,"51,390 miles",United States,Flatbed Trucks,Ford F 550 SD Lariat,https://www.mascus.com/transportation/flatbed-dropside-trucks/ford-f-550-sd-lariat/cobr3n7f.html
International 4400,Company,2011,"95,897 miles",United States,Dump Trucks,International 4400,https://www.mascus.com/transportation/tipper-trucks/international-4400/7u6ufngm.html
Renault Premium DXi450 / 6x2 / + Palfinger Crane,Company,2009,"264,083 miles",Hungary,Flatbed Trucks,Renault Premium DXi450 / 6x2 / + Palfinger Crane,https://www.mascus.com/transportation/flatbed-dropside-trucks/renault-premium-dxi450-6x2-palfinger-crane/5nekeohg.html
Mack MD,Company,2023,"433,563 miles",United States,Box trucks,Mack MD,https://www.mascus.com/transportation/box-body-trucks/mack-md/gfdm7j7r.html
Kenworth T680,Company,2021,"307,897 miles",United States,Other Trucks,Kenworth T680,https://www.mascus.com/transportation/other-trucks/kenworth-t680/ao6i4s8f.html
Mitsubishi Canter 7/800,Company,2014,"85,163 miles",Australia,Reefer Trucks,Mitsubishi Canter 7/800,https://www.mascus.com/transportation/temperature-controlled-trucks/mitsubishi-canter-7-800/cpbuii5t.html
Renault C430 8x4,Company,2018,"78,548 miles",Italy,Concrete Trucks,Renault C430 8x4,https://www.mascus.com/transportation/concrete-trucks/renault-c430-8x4/6k4sdobp.html
Renault MASTER DCI 125,Company,2012,"144,551 miles",France,Dump Trucks,Renault MASTER DCI 125,https://www.mascus.com/transportation/tipper-trucks/renault-master-dci-125/bsfqcift.html
International 4300,Company,2019,"226,869 miles",United States,Box trucks,International 4300,https://www.mascus.com/transportation/box-body-trucks/international-4300/8ieo9gel.html
Mack GR64BR,Company,2027,,United States,Other Trucks,Mack GR64BR,https://www.mascus.com/transportation/other-trucks/mack-gr64br/ik4qhu5g.html
THIEMAN MDC LB 25ET,Company,2025,,United States,Other Trucks,THIEMAN MDC LB 25ET,https://www.mascus.com/transportation/other-trucks/thieman-mdc-lb-25et/8hbkimgk.html
Mercedes-Benz Atego 1224L 6-Zyl*LBW*Bordwände*Kamera*Klima*TOP,Company,2020,"146,448 miles",Germany,Curtain Side Trucks,Mercedes-Benz Atego 1224L 6-Zyl*LBW*Bordwände*Kamera*Klima*TOP,https://www.mascus.com/transportation/curtainsider-trucks/mercedes-benz-atego-1224l-6-zyl-lbw-bordwande-kamera-klima-top/hm5lbt7h.html
Oshkosh F-2146,Company,2004,"153,709 miles",United States,Concrete Trucks,Oshkosh F-2146,https://www.mascus.com/transportation/concrete-trucks/oshkosh-f-2146/7thf5k9l.html
Mercedes-Benz Actros 2551 L Fokor Umpikori 10m FRC 10/2027,Company,2021,"276,510 miles",Finland,Reefer Trucks,Mercedes-Benz Actros 2551 L Fokor umpikori 10m FRC 10/2027,https://www.mascus.com/transportation/temperature-controlled-trucks/mercedes-benz-actros-2551-l-fokor-umpikori-10m-frc-10-2027/8s9i9fgg.html
Mercedes-Benz MB ACTROS 2645LS/33 FS,Company,2024,"48,888 miles",South Africa,Other Trucks,Mercedes-Benz MB ACTROS 2645LS/33 FS,https://www.mascus.com/transportation/other-trucks/mercedes-benz-mb-actros-2645ls-33-fs/ap5ndift.html
Volvo FH16 650 8x4,Company,2014,,Finland,Concrete Trucks,Volvo FH16 650 8x4,https://www.mascus.com/transportation/concrete-trucks/volvo-fh16-650-8x4/7khrikds.html
Iveco Daily 35C14 A8 *R3.450mm*Automatik*,Company,,31 miles,Germany,Dump Trucks,Iveco Daily 35C14 A8 *R3.450mm*Automatik*,https://www.mascus.com/transportation/tipper-trucks/iveco-daily-35c14-a8-r3-450mm-automatik/do8m6l6j.html
Renault C 440 K 8X4 Retarder Full Steel Big Axle Retarder,Company,2020,"213,776 miles",Netherlands,Dump Trucks,Renault C 440 K 8X4 Retarder Full Steel Big Axle Retarder,https://www.mascus.com/transportation/tipper-trucks/renault-c-440-k-8x4-retarder-full-steel-big-axle-retarder/8g7qas4o.html
"Iveco 460 X-WAY Stralis 6x2, Hiab XR21S59, Lenk-Lift",Company,2019,,Germany,Hook lift trucks,"Iveco 460 X-WAY Stralis 6x2, Hiab XR21S59, Lenk-Lift",https://www.mascus.com/transportation/hook-lift-trucks/iveco-460-x-way-stralis-6x2-hiab-xr21s59-lenk-lift/9iehgphj.html
Scania G 500 B6x2NB,Company,2023,"181,192 miles",Norway,Container Trucks,Scania G 500 B6x2NB,https://www.mascus.com/transportation/containerframe-trucks/scania-g-500-b6x2nb/ggghdudh.html
MAN TGS 35.510 8x4 Concrete Mixer Truck,Company,2021,"64,623 miles",Norway,Concrete Trucks,MAN TGS 35.510 8x4 Concrete Mixer Truck,https://www.mascus.com/transportation/concrete-trucks/man-tgs-35-510-8x4-concrete-mixer-truck/cmdf9i3q.html
Iveco HI-WAY AS 260S46,Company,2017,"434,960 miles",Italy,Dump Trucks,Iveco HI-WAY AS 260S46,https://www.mascus.com/transportation/tipper-trucks/iveco-hi-way-as-260s46/7ofo6lii.html
International MV607,Company,2020,"220,515 miles",United States,Box trucks,International MV607,https://www.mascus.com/transportation/box-body-trucks/international-mv607/8sipetgt.html
Scania R580 V8 8x2 + Crane HMF 8520 K6+K6,Company,,"195,110 miles",Hungary,Flatbed Trucks,Scania R580 V8 8x2 + Crane HMF 8520 K6+K6,https://www.mascus.com/transportation/flatbed-dropside-trucks/scania-r580-v8-8x2-crane-hmf-8520-k6-k6/6nbm3fcn.html
Freightliner M2 112,Company,2019,"255,197 miles",United States,Box trucks,Freightliner M2 112,https://www.mascus.com/transportation/box-body-trucks/freightliner-m2-112/8r8q7hah.html
International 4300,Company,2016,"237,235 miles",United States,Box trucks,International 4300,https://www.mascus.com/transportation/box-body-trucks/international-4300/atgsipgn.html
Mercedes-Benz Actros 2563 / Kaba 3 X Stock 50 M²,Company,2018,"462,921 miles",Germany,Animal transport trucks,Mercedes-Benz Actros 2563 / Kaba 3 x Stock 50 m²,https://www.mascus.com/transportation/animal-transport-trucks/mercedes-benz-actros-2563-kaba-3-x-stock-50-m2/ghdp4rbs.html
Howo 375 6x4,Company,2023,"7,767 miles",China,Dump Trucks,Howo 375 6x4,https://www.mascus.com/transportation/tipper-trucks/howo-375-6x4/dugofgak.html
DAF XF 530 8x4*4 FAW - EX 302 Hipro EP-5,Company,2025,497 miles,Denmark,Demountable Trucks,DAF XF 530 8x4*4 FAW - eX 302 Hipro EP-5,https://www.mascus.com/transportation/demountables-trucks/daf-xf-530-8x4-4-faw-ex-302-hipro-ep-5/gg9shgcf.html
Mercedes-Benz Actros 1827 L 4x2 Transportskåp Med ÖBS,Company,2021,"130,488 miles",Sweden,Box trucks,Mercedes-Benz Actros 1827 L 4x2 transportskåp med ÖBS,https://www.mascus.com/transportation/box-body-trucks/mercedes-benz-actros-1827-l-4x2-transportskap-med-obs/en7h9t9p.html
Iveco EUROCARGO 160 E22,Company,2013,"225,558 miles",Poland,Dump Trucks,Iveco EUROCARGO 160 E22,https://www.mascus.com/transportation/tipper-trucks/iveco-eurocargo-160-e22/7lfohj9g.html
GMC Savana 3500,Company,2016,,United States,Box trucks,GMC Savana 3500,https://www.mascus.com/transportation/box-body-trucks/gmc-savana-3500/4iaj9php.html
Renault D12,Company,2018,"114,352 miles",France,Reefer Trucks,Renault D12,https://www.mascus.com/transportation/temperature-controlled-trucks/renault-d12/gr5lhsak.html
Nissan NT400 35.13 CAJA ABIERTA ¡¡SOLO 37.000 KMS!!,Company,2019,"22,991 miles",Spain,Curtain Side Trucks,Nissan NT400 35.13 CAJA ABIERTA ¡¡SOLO 37.000 KMS!!,https://www.mascus.com/transportation/curtainsider-trucks/nissan-nt400-35-13-caja-abierta-solo-37-000-kms/dj9h7udu.html
Volvo FMX 370 8X4 9m3 Mixer Full Steel Euro 6,Company,2014,"282,572 miles",Netherlands,Concrete Trucks,Volvo FMX 370 8X4 9m3 Mixer Full Steel Euro 6,https://www.mascus.com/transportation/concrete-trucks/volvo-fmx-370-8x4-9m3-mixer-full-steel-euro-6/bnfrhget.html
Volvo FH650 8x4*4 Tridem 7m Koukkulaite,Company,2016,"356,046 miles",Finland,Hook lift trucks,Volvo FH650 8x4*4 Tridem 7m koukkulaite,https://www.mascus.com/transportation/hook-lift-trucks/volvo-fh650-8x4-4-tridem-7m-koukkulaite/6qgq4u8p.html
Iveco EUROCARGO FRC-X,Company,2019,"202,567 miles",Spain,Reefer Trucks,Iveco EUROCARGO FRC-X,https://www.mascus.com/transportation/temperature-controlled-trucks/iveco-eurocargo-frc-x/7g3hindn.html
Volvo FH540 6x4 + RETARDER + LIFTING AXLE + EURO 6,Company,2019,"243,313 miles",Estonia,Dump Trucks,Volvo FH540 6x4 + RETARDER + LIFTING AXLE + EURO 6,https://www.mascus.com/transportation/tipper-trucks/volvo-fh540-6x4-retarder-lifting-axle-euro-6/3i7ubnil.html
Volvo FM 400 8x4 Concrete Truck W/ Intermix Body. WATCH,Company,2008,"190,761 miles",Norway,Concrete Trucks,Volvo FM 400 8x4 concrete truck w/ intermix body. WATCH,https://www.mascus.com/transportation/concrete-trucks/volvo-fm-400-8x4-concrete-truck-w-intermix-body-watch/9jen6nhp.html
Renault Serviroute On Renault Midlum 220 Dci 4x2 Bi-Repand,Company,2005,"119,447 miles",France,Tank Trucks,Renault serviroute on Renault Midlum 220 dci 4x2 Bi-Repand,https://www.mascus.com/transportation/tank-trucks/renault-serviroute-on-renault-midlum-220-dci-4x2-bi-repand/dfgpafaj.html
Iveco Daily 65C18 / 3 Seitenkipper,Company,2023,"3,522 miles",Germany,Dump Trucks,Iveco Daily 65C18 / 3 Seitenkipper,https://www.mascus.com/transportation/tipper-trucks/iveco-daily-65c18-3-seitenkipper/5qfsgrdh.html
Renault D 18 Chladiak E6 Automat VIN 3 707,Company,,,,,,https://www.mascus.com/transportation/temperature-controlled-trucks/renault-d-18-chladiak-e6-automat-vin-3-707/3qfi6nat.html
Scania R660 LB6x4 Timmerbil 6x4,Company,2026,,Sweden,Log trucks,Scania R660 LB6x4 Timmerbil 6x4,https://www.mascus.com/transportation/timber-trucks/scania-r660-lb6x4-timmerbil-6x4/7kbnikbi.html
Iveco TRAKKER 360 6x4 Hook Lift Palfinger,Company,2015,"103,576 miles",Hungary,Hook lift trucks,Iveco TRAKKER 360 6x4 Hook Lift Palfinger,https://www.mascus.com/transportation/hook-lift-trucks/iveco-trakker-360-6x4-hook-lift-palfinger/ik8q7r8n.html
Peterbilt 365,Company,2014,"191,500 miles",United States,Concrete Trucks,Peterbilt 365,https://www.mascus.com/transportation/concrete-trucks/peterbilt-365/6k8hiu7i.html
Mack GRANITE GU813,Company,2016,"183,243 miles",United States,Dump Trucks,Mack GRANITE GU813,https://www.mascus.com/transportation/tipper-trucks/mack-granite-gu813/cp4giffq.html
Isuzu DIESEL NPR XD,Company,2026,,United States,Other Trucks,Isuzu DIESEL NPR XD,https://www.mascus.com/transportation/other-trucks/isuzu-diesel-npr-xd/io4ohrgi.html
Scania R580 6x4 V8,Company,2004,"702,848 miles",Finland,Cab & Chassis Trucks,Scania R580 6x4 V8,https://www.mascus.com/transportation/chassis-cab-trucks/scania-r580-6x4-v8/8i6hdn9p.html
Iveco Daily 35C14,Company,2017,"209,145 miles",Hungary,Other Trucks,Iveco Daily 35C14,https://www.mascus.com/transportation/other-trucks/iveco-daily-35c14/cgcogidn.html
Renault D Wide 280 CS1250---R-020,Company,2015,,Spain,Reefer Trucks,Renault D Wide 280 CS1250---R-020,https://www.mascus.com/transportation/temperature-controlled-trucks/renault-d-wide-280-cs1250-r-020/buhhihht.html
Isuzu NQR,Company,2023,,United States,Box trucks,Isuzu NQR,https://www.mascus.com/transportation/box-body-trucks/isuzu-nqr/hs9k6r6u.html
Scania R420 8x4 16m3,Company,2005,"245,442 miles",Switzerland,Dump Trucks,Scania R420 8x4 16m3,https://www.mascus.com/transportation/tipper-trucks/scania-r420-8x4-16m3/gnfn9l6t.html
Isuzu ELF,Company,2017,"25,152 miles",Japan,Flatbed Trucks,Isuzu ELF,https://www.mascus.com/transportation/flatbed-dropside-trucks/isuzu-elf/iteq6rai.html
"MAN TGS 35.470 * KIPPER 5,10m + KRAN * TOPZUSTAND",Company,,"59,527 miles",Hungary,Dump Trucks,"MAN TGS 35.470 * KIPPER 5,10m + KRAN * TOPZUSTAND",https://www.mascus.com/transportation/tipper-trucks/man-tgs-35-470-kipper-5-10m-kran-topzustand/7m4uel6s.html
MAN TGS 35.440 TGS 8X4 NEW Fassi F275A.0.26 Crane 13m3,Company,2025,7 miles,Netherlands,Dump Trucks,MAN TGS 35.440 TGS 8X4 NEW Fassi F275A.0.26 Crane 13m3,https://www.mascus.com/transportation/tipper-trucks/man-tgs-35-440-tgs-8x4-new-fassi-f275a-0-26-crane-13m3/akghcoit.html
Freightliner M2,Company,2019,"128,000 miles",United States,Beverage Trucks,Freightliner M2,https://www.mascus.com/transportation/beverage-delivery-trucks/freightliner-m2/3g7fet9l.html
Vögele 1803-3i,Company,2015,,South Africa,Other Trucks,Vögele 1803-3i,https://www.mascus.com/transportation/other-trucks/vogele-1803-3i/8j8fbh8r.html
International 4300,Company,2015,"239,847 miles",United States,Box trucks,International 4300,https://www.mascus.com/transportation/box-body-trucks/international-4300/9mhuif3l.html
Mercedes-Benz Atego 1329 4x4 FASSI F110 / WINCH,Company,2014,"85,881 miles",Estonia,Boom / Crane / Bucket Trucks,Mercedes-Benz Atego 1329 4x4 FASSI F110 / WINCH,https://www.mascus.com/transportation/crane-trucks/mercedes-benz-atego-1329-4x4-fassi-f110-winch/7tco6s8l.html
Mack UNKNOWN,Company,2014,"100,000 miles",United States,Concrete Trucks,Mack UNKNOWN,https://www.mascus.com/transportation/concrete-trucks/mack-unknown/7oan4p8t.html
MAN TGS 28.480 6x6 HOOK/Container System!!,Company,2012,"289,766 miles",Netherlands,Hook lift trucks,MAN TGS 28.480 6x6 HOOK/Container System!!,https://www.mascus.com/transportation/hook-lift-trucks/man-tgs-28-480-6x6-hook-container-system/3hco4t6t.html
Volvo FH480 6x2 HMF 2820-K6 HDS Crane Tractor,Company,2008,"207,174 miles",Poland,Boom / Crane / Bucket Trucks,Volvo FH480 6x2 HMF 2820-K6 HDS Crane Tractor,https://www.mascus.com/transportation/crane-trucks/volvo-fh480-6x2-hmf-2820-k6-hds-crane-tractor/4haf4mfq.html
Peterbilt 348 6x4,Company,2013,,United States,Flatbed Trucks,Peterbilt 348 6x4,https://www.mascus.com/transportation/flatbed-dropside-trucks/peterbilt-348-6x4/ephtal7o.html
Peterbilt 567 Tri-Axle Conestoga 28' Flatbed Truck,Company,2019,"162,658 miles",United States,Other Trucks,Peterbilt 567 Tri-Axle Conestoga 28' Flatbed Truck,https://www.mascus.com/transportation/other-trucks/peterbilt-567-tri-axle-conestoga-28-flatbed-truck/8jiiak8t.html
Chevrolet Express 3500,Company,2024,"48,862 miles",United States,Reefer Trucks,Chevrolet Express 3500,https://www.mascus.com/transportation/temperature-controlled-trucks/chevrolet-express-3500/3l5qeudm.html
Peterbilt 567,Company,2026,,United States,Cab & Chassis Trucks,Peterbilt 567,https://www.mascus.com/transportation/chassis-cab-trucks/peterbilt-567/9gcnfg5u.html
Volvo FL 4*2 Liftdumper,Company,2015,"248,548 miles",Sweden,Skip loader trucks,Volvo FL 4*2 liftdumper,https://www.mascus.com/transportation/skip-loader-trucks/volvo-fl-4-2-liftdumper/gmcg6s3h.html
Volvo FMX460,Company,2016,"210,081 miles",France,Dump Trucks,Volvo FMX460,https://www.mascus.com/transportation/tipper-trucks/volvo-fmx460/bggf7kaq.html
Scania R480 Flatbed Truck With Manual Loading Ramps - Rep,Company,2003,"387,736 miles",Norway,Flatbed Trucks,Scania R480 flatbed truck with manual loading ramps - rep,https://www.mascus.com/transportation/flatbed-dropside-trucks/scania-r480-flatbed-truck-with-manual-loading-ramps-rep/8pdfgkal.html
Peterbilt 365,Company,2009,,United States,Tank Trucks,Peterbilt 365,https://www.mascus.com/transportation/tank-trucks/peterbilt-365/5sch8hcn.html
MAN TGM 18.340 4x2 BL Gergen Absetzkipper Funk,Company,2009,"244,429 miles",Germany,Demountable Trucks,MAN TGM 18.340 4x2 BL Gergen Absetzkipper Funk,https://www.mascus.com/transportation/demountables-trucks/man-tgm-18-340-4x2-bl-gergen-absetzkipper-funk/6r5ublel.html
Iveco Trakker 310,Company,,"217,480 miles",Spain,Hook lift trucks,Iveco trakker 310,https://www.mascus.com/transportation/hook-lift-trucks/iveco-trakker-310/ik7k8q9k.html
Freightliner M2 112,Company,2021,"274,265 miles",United States,Flatbed Trucks,Freightliner M2 112,https://www.mascus.com/transportation/flatbed-dropside-trucks/freightliner-m2-112/ig4i7ofo.html
National NTC55L,Company,2021,,United States,Boom / Crane / Bucket Trucks,National NTC55L,https://www.mascus.com/transportation/crane-trucks/national-ntc55l/dj3iajfk.html
DAF CF 460,Company,2016,"310,686 miles",United Kingdom,Dump Trucks,DAF CF 460,https://www.mascus.com/transportation/tipper-trucks/daf-cf-460/glef5l8n.html
Mercedes-Benz Actros 2636,Company,2014,"320,627 miles",Belgium,Curtain Side Trucks,Mercedes-Benz Actros 2636,https://www.mascus.com/transportation/curtainsider-trucks/mercedes-benz-actros-2636/6ugkdrck.html
Isuzu NPR,Company,2007,"17,556 miles",United States,Flatbed Trucks,Isuzu NPR,https://www.mascus.com/transportation/flatbed-dropside-trucks/isuzu-npr/hm4p8ogq.html
Scania R 500,Company,2008,,Sweden,Box trucks,Scania R 500,https://www.mascus.com/transportation/box-body-trucks/scania-r-500/5m3uatdp.html
Renault C 430 8X4 9m3 Stetter Mixer Steel Suspension Autom,Company,2016,"136,641 miles",Netherlands,Concrete Trucks,Renault C 430 8X4 9m3 Stetter Mixer Steel suspension Autom,https://www.mascus.com/transportation/concrete-trucks/renault-c-430-8x4-9m3-stetter-mixer-steel-suspension-autom/cr5icf7q.html
Scania G 490 / 6 X 2 / SKRZYNIOWY + HDS / HMF 3220 K7 /,Company,2015,"205,052 miles",Poland,Boom / Crane / Bucket Trucks,Scania G 490 / 6 X 2 / SKRZYNIOWY + HDS / HMF 3220 K7 /,https://www.mascus.com/transportation/crane-trucks/scania-g-490-6-x-2-skrzyniowy-hds-hmf-3220-k7/3tefdkgf.html
MAN TG-M 18.290 4x2 Abrollkipper Mit Kranmulde,Company,2012,"267,437 miles",Germany,Hook lift trucks,MAN TG-M 18.290 4x2 Abrollkipper mit Kranmulde,https://www.mascus.com/transportation/hook-lift-trucks/man-tg-m-18-290-4x2-abrollkipper-mit-kranmulde/8rhscthl.html
MAN TGS 18.440 Plane Schlafplatz AHK Edscha,Company,2016,"268,443 miles",Germany,Curtain Side Trucks,MAN TGS 18.440 Plane Schlafplatz AHK Edscha,https://www.mascus.com/transportation/curtainsider-trucks/man-tgs-18-440-plane-schlafplatz-ahk-edscha/7sckdrfm.html
"MAN 26.420 TGS Pritsche Plane 8,15 M Intarder AHK",Company,2017,"252,712 miles",Germany,Curtain Side Trucks,"MAN 26.420 TGS Pritsche Plane 8,15 m Intarder AHK",https://www.mascus.com/transportation/curtainsider-trucks/man-26-420-tgs-pritsche-plane-8-15-m-intarder-ahk/7l9rfo3s.html
Renault C 430 Confort 8x4 Camion Malaxeur 8x4 Mixer Truck,Company,2019,"121,787 miles",France,Concrete Trucks,Renault C 430 Confort 8x4 Camion Malaxeur 8x4 Mixer Truck,https://www.mascus.com/transportation/concrete-trucks/renault-c-430-confort-8x4-camion-malaxeur-8x4-mixer-truck/ip9fildm.html
"Chevrolet 3500HD 9.5ft Flatbed Truck, Duramax, 4x4",Company,2025,519 miles,United States,Flatbed Trucks,"Chevrolet 3500HD 9.5ft Flatbed Truck, Duramax, 4x4",https://www.mascus.com/transportation/flatbed-dropside-trucks/chevrolet-3500hd-9-5ft-flatbed-truck-duramax-4x4/ci3p7pei.html
MAN TGS 26.470*ATLAS*MEILLER-KIPPER*HYDRO-DR*SPECIAL,Company,2022,"68,351 miles",Germany,Dump Trucks,MAN TGS 26.470*ATLAS*MEILLER-KIPPER*HYDRO-DR*SPECIAL,https://www.mascus.com/transportation/tipper-trucks/man-tgs-26-470-atlas-meiller-kipper-hydro-dr-special/8fcu9n6u.html
Scania P410 6X2*4 + RETARDER + SIDE OPENING,Company,2021,"184,541 miles",Estonia,Box trucks,Scania P410 6X2*4 + RETARDER + SIDE OPENING,https://www.mascus.com/transportation/box-body-trucks/scania-p410-6x2-4-retarder-side-opening/6q5l6gaf.html
Mack CV513,Company,2005,,United States,Other Trucks,Mack CV513,https://www.mascus.com/transportation/other-trucks/mack-cv513/elihgl7n.html
MAN 12.240 TGM,Company,2009,"272,297 miles",Netherlands,Box trucks,MAN 12.240 TGM,https://www.mascus.com/transportation/box-body-trucks/man-12-240-tgm/5uejik6q.html
DAF CF 460 8X2 BAKWAGEN MET FASSI F660RA.2.27 XHE-DYNA,Company,2011,"117,747 miles",Netherlands,Boom / Crane / Bucket Trucks,DAF CF 460 8X2 BAKWAGEN MET FASSI F660RA.2.27 XHE-DYNA,https://www.mascus.com/transportation/crane-trucks/daf-cf-460-8x2-bakwagen-met-fassi-f660ra-2-27-xhe-dyna/an6lfl6f.html
Freightliner M2106,Company,2016,,United States,Box trucks,Freightliner M2106,https://www.mascus.com/transportation/box-body-trucks/freightliner-m2106/gmef8idh.html
Volvo FL 280 E6 KOFFER LBW ABS BLATT LUFT KUPLUNGSSCHA,Company,2016,"265,578 miles",Austria,Box trucks,Volvo FL 280 E6 KOFFER LBW ABS BLATT LUFT KUPLUNGSSCHA,https://www.mascus.com/transportation/box-body-trucks/volvo-fl-280-e6-koffer-lbw-abs-blatt-luft-kuplungsscha/fjen7h5i.html
Peterbilt 389,Company,2018,"319,991 miles",United States,Dump Trucks,Peterbilt 389,https://www.mascus.com/transportation/tipper-trucks/peterbilt-389/cu3qdr7h.html
Renault Kerax 320.19,Company,2004,"249,186 miles",France,Dump Trucks,Renault Kerax 320.19,https://www.mascus.com/transportation/tipper-trucks/renault-kerax-320-19/dt6tgs7k.html
MAN TGX 33.540 BB - TIPPER + TRACTOR,Company,2010,"412,360 miles",Belgium,Dump Trucks,MAN TGX 33.540 BB - TIPPER + TRACTOR,https://www.mascus.com/transportation/tipper-trucks/man-tgx-33-540-bb-tipper-tractor/al9ges3s.html
MAN TGS 35.500 8X4H-6 BL MET PALFINGER PK.65002 SH G K,Company,2020,,Netherlands,Boom / Crane / Bucket Trucks,MAN TGS 35.500 8X4H-6 BL MET PALFINGER PK.65002 SH G K,https://www.mascus.com/transportation/crane-trucks/man-tgs-35-500-8x4h-6-bl-met-palfinger-pk-65002-sh-g-k/4p4mgris.html
Mercedes-Benz Axor 2633 Hormigon Marca PUTZMEISTER Modelo BSF 28,Company,2008,"157,828 miles",Spain,Concrete Trucks,Mercedes-Benz Axor 2633 hormigon marca PUTZMEISTER modelo BSF 28,https://www.mascus.com/transportation/concrete-trucks/mercedes-benz-axor-2633-hormigon-marca-putzmeister-modelo-bsf-28/8j9p4tep.html
Mercedes-Benz SK 2636 6x6 V10 Chassis Cabine Manual Gearbox Big,Company,1984,"339,513 miles",Netherlands,Cab & Chassis Trucks,Mercedes-Benz SK 2636 6x6 V10 Chassis Cabine Manual Gearbox Big,https://www.mascus.com/transportation/chassis-cab-trucks/mercedes-benz-sk-2636-6x6-v10-chassis-cabine-manual-gearbox-big/ck6tcp4k.html
Mercedes-Benz Arocs 1833 4X2 Meiller Ak 12 LT Skiploader Steelsu,Company,2016,"411,039 miles",Netherlands,Skip loader trucks,Mercedes-Benz Arocs 1833 4X2 Meiller Ak 12 LT skiploader Steelsu,https://www.mascus.com/transportation/skip-loader-trucks/mercedes-benz-arocs-1833-4x2-meiller-ak-12-lt-skiploader-steelsu/epem6mcf.html
Iveco Daily 35C14 A8 *R3.450mm*Automatik*,Company,,31 miles,Germany,Dump Trucks,Iveco Daily 35C14 A8 *R3.450mm*Automatik*,https://www.mascus.com/transportation/tipper-trucks/iveco-daily-35c14-a8-r3-450mm-automatik/iohn4gft.html
Mulder Mixer DESU100Z - 10m³,Company,1994,,Netherlands,Concrete Trucks,Mulder Mixer DESU100Z - 10m³,https://www.mascus.com/transportation/concrete-trucks/mulder-mixer-desu100z-10m3/au7o3iaj.html
Mercedes-Benz Arocs 3240,Company,2015,"108,241 miles",United Kingdom,Hook lift trucks,Mercedes-Benz Arocs 3240,https://www.mascus.com/transportation/hook-lift-trucks/mercedes-benz-arocs-3240/huet4p7q.html
Scania R 112 330 4x2 Stake Body - Full Spring,Company,1986,,Slovenia,Flatbed Trucks,Scania R 112 330 4x2 stake body - full spring,https://www.mascus.com/transportation/flatbed-dropside-trucks/scania-r-112-330-4x2-stake-body-full-spring/6rilij5f.html
Hino 268,Company,2018,"258,408 miles",United States,Box trucks,Hino 268,https://www.mascus.com/transportation/box-body-trucks/hino-268/cregffer.html
"Iveco Trakker 360 8x4, EURO 5, CIFA Mixer",Company,2010,"146,644 miles",Netherlands,Concrete Trucks,"Iveco Trakker 360 8x4, EURO 5, CIFA mixer",https://www.mascus.com/transportation/concrete-trucks/iveco-trakker-360-8x4-euro-5-cifa-mixer/6satco9h.html
DAF LF / 290 / E 6 / FIRANKA + WINDA / ŁAD. 9 970 KG /,Company,,"247,927 miles",Hungary,Curtain Side Trucks,DAF LF / 290 / E 6 / FIRANKA + WINDA / ŁAD. 9 970 KG /,https://www.mascus.com/transportation/curtainsider-trucks/daf-lf-290-e-6-firanka-winda-lad-9-970-kg/3shogm7l.html
Freightliner M2 106,Company,2017,,United States,Reefer Trucks,Freightliner M2 106,https://www.mascus.com/transportation/temperature-controlled-trucks/freightliner-m2-106/8hdm4reg.html
"MAN TGS 35.520 3-SEITENKIPPER, 8X4, MEILLER-GESTEINSK",Company,,25 miles,Austria,Dump Trucks,"MAN TGS 35.520 3-SEITENKIPPER, 8X4, MEILLER-GESTEINSK",https://www.mascus.com/transportation/tipper-trucks/man-tgs-35-520-3-seitenkipper-8x4-meiller-gesteinsk/dpdu8gci.html
DAF LF 45.160 + Euro 5 + Manual,Company,2011,"332,516 miles",Netherlands,Cab & Chassis Trucks,DAF LF 45.160 + euro 5 + manual,https://www.mascus.com/transportation/chassis-cab-trucks/daf-lf-45-160-euro-5-manual/5kcgdsdt.html
Scania R 580 6x2*4 9 TON FRONT AXLE / RETARDER / BOX L=74,Company,2015,"489,325 miles",Estonia,Box trucks,Scania R 580 6x2*4 9 TON FRONT AXLE / RETARDER / BOX L=74,https://www.mascus.com/transportation/box-body-trucks/scania-r-580-6x2-4-9-ton-front-axle-retarder-box-l-74/ipgjeu3t.html
Freightliner M2 106,Company,2020,"123,104 miles",Canada,Reefer Trucks,Freightliner M2 106,https://www.mascus.com/transportation/temperature-controlled-trucks/freightliner-m2-106/iododu4g.html
MAN TGS 41.480 10x4 2S Moser,Company,2015,"369,094 miles",Switzerland,Dump Trucks,MAN TGS 41.480 10x4 2S Moser,https://www.mascus.com/transportation/tipper-trucks/man-tgs-41-480-10x4-2s-moser/fq7o6q3g.html
International 4300,Company,2019,"257,326 miles",United States,Box trucks,International 4300,https://www.mascus.com/transportation/box-body-trucks/international-4300/4l3lbk6g.html
Scania G 560 B8x4*4NB + PerÃ¤vaunu,Company,2023,"464,786 miles",Finland,Dump Trucks,Scania G 560 B8x4*4NB + PerÃ¤vaunu,https://www.mascus.com/transportation/tipper-trucks/scania-g-560-b8x4-4nb-pera-vaunu/ekgjdsaq.html
Peterbilt 365,Company,2017,"697,626 miles",United States,Car Haulers,Peterbilt 365,https://www.mascus.com/transportation/vehicle-transporters/peterbilt-365/blam9ril.html
MAN TGS 35.420 8X2-4,Company,2017,"224,688 miles",Denmark,Demountable Trucks,MAN TGS 35.420 8X2-4,https://www.mascus.com/transportation/demountables-trucks/man-tgs-35-420-8x2-4/ckemfpbk.html
Freightliner M2 106,Company,2017,"268,403 miles",United States,Flatbed Trucks,Freightliner M2 106,https://www.mascus.com/transportation/flatbed-dropside-trucks/freightliner-m2-106/ct5felgp.html
International 4300,Company,2012,"248,824 miles",United States,Reefer Trucks,International 4300,https://www.mascus.com/transportation/temperature-controlled-trucks/international-4300/8p7mhfdf.html
"Mercedes-Benz Atego 1222 L 4x2, 2x AHK, BÄR LBW",Company,2009,"80,468 miles",Germany,Box trucks,"Mercedes-Benz Atego 1222 L 4x2, 2x AHK, BÄR LBW",https://www.mascus.com/transportation/box-body-trucks/mercedes-benz-atego-1222-l-4x2-2x-ahk-bar-lbw/9icffm9h.html
Iveco S-Way AS260S50Y/FS CM 6x2 BDF Standklima 2xAHK,Company,,,Germany,Cab & Chassis Trucks,Iveco S-Way AS260S50Y/FS CM 6x2 BDF Standklima 2xAHK,https://www.mascus.com/transportation/chassis-cab-trucks/iveco-s-way-as260s50y-fs-cm-6x2-bdf-standklima-2xahk/fpegaf7f.html
MAN TGM 26.340 6x2*4 Euro 6 Chereau / Carrier 9.8 M,Company,2017,"207,538 miles",Denmark,Reefer Trucks,MAN TGM 26.340 6x2*4 Euro 6 Chereau / Carrier 9.8 m,https://www.mascus.com/transportation/temperature-controlled-trucks/man-tgm-26-340-6x2-4-euro-6-chereau-carrier-9-8-m/ff9tghbr.html
Isuzu NRR,Company,2020,"63,339 miles",United States,Box trucks,Isuzu NRR,https://www.mascus.com/transportation/box-body-trucks/isuzu-nrr/bscsgo9j.html
Peterbilt 357,Company,2006,"357,000 miles",United States,Demountable Trucks,Peterbilt 357,https://www.mascus.com/transportation/demountables-trucks/peterbilt-357/8s3tiogq.html
"Ford F550 Stakeside Flatbed, Gas, Liftgate",Company,2023,"20,343 miles",United States,Flatbed Trucks,"Ford F550 Stakeside Flatbed, Gas, Liftgate",https://www.mascus.com/transportation/flatbed-dropside-trucks/ford-f550-stakeside-flatbed-gas-liftgate/cg7oco9m.html
Mack Granite CV713,Company,2007,,United States,Dump Trucks,Mack Granite CV713,https://www.mascus.com/transportation/tipper-trucks/mack-granite-cv713/eh8sdqei.html
